CustomerID,LastPurchaseDate,Recency,Frequency,Monetary,Recency_Outlier,Frequency_Outlier,Monetary_Outlier,Any_RFM_Outlier,R_Score,F_Score,M_Score,RFM_Score_String,RFM_TotalScore
12346,2011-01-18 10:01:00,326,1,77183.6,False,False,True,True,1,1,5,115,7
12347,2011-12-07 15:52:00,3,7,4310.0,False,False,True,True,5,5,5,555,15
12348,2011-09-25 13:13:00,76,4,1797.24,False,False,False,False,2,4,4,244,10
12349,2011-11-21 09:51:00,19,1,1757.55,False,False,False,False,4,1,4,414,9
12350,2011-02-02 16:01:00,311,1,334.40000000000003,False,False,False,False,1,1,2,112,4
12352,2011-11-03 14:37:00,37,8,2506.04,False,False,False,False,3,5,5,355,13
12353,2011-05-19 17:47:00,205,1,89.0,False,False,False,False,1,1,1,111,3
12354,2011-04-21 13:11:00,233,1,1079.4,False,False,False,False,1,1,4,114,6
12355,2011-05-09 13:49:00,215,1,459.40000000000003,False,False,False,False,1,1,2,112,4
12356,2011-11-17 08:40:00,23,3,2811.43,False,False,False,False,4,3,5,435,12
12357,2011-11-06 16:07:00,34,1,6207.67,False,False,True,True,3,1,5,315,9
12358,2011-12-08 10:26:00,2,2,1168.06,False,False,False,False,5,2,4,524,11
12359,2011-10-13 12:47:00,58,4,6310.03,False,False,True,True,3,4,5,345,12
12360,2011-10-18 15:22:00,53,3,2662.06,False,False,False,False,3,3,5,335,11
12361,2011-02-25 13:51:00,288,1,189.9,False,False,False,False,1,1,1,111,3
12362,2011-12-06 15:40:00,4,10,5226.2300000000005,False,False,True,True,5,5,5,555,15
12363,2011-08-22 10:18:00,110,2,552.0,False,False,False,False,2,2,3,223,7
12364,2011-12-02 10:22:00,8,4,1313.1,False,False,False,False,5,4,4,544,13
12365,2011-02-21 14:04:00,292,2,641.38,False,False,False,False,1,2,3,123,6
12367,2011-12-05 16:48:00,5,1,168.9,False,False,False,False,5,1,1,511,7
12370,2011-10-19 14:51:00,52,4,3541.94,False,False,False,False,3,4,5,345,12
12371,2011-10-26 10:16:00,45,2,1887.96,False,False,False,False,3,2,4,324,9
12372,2011-09-29 12:12:00,72,3,1298.04,False,False,False,False,3,3,4,334,10
12373,2011-02-01 13:10:00,312,1,364.6,False,False,False,False,1,1,2,112,4
12374,2011-11-14 15:37:00,26,1,742.9300000000001,False,False,False,False,4,1,3,413,8
12375,2011-11-29 10:36:00,11,2,457.5,False,False,False,False,5,2,2,522,9
12377,2011-01-28 15:45:00,316,2,1628.1200000000001,False,False,False,False,1,2,4,124,7
12378,2011-08-02 10:34:00,130,1,4008.62,False,False,True,True,2,1,5,215,8
12379,2011-09-19 10:09:00,82,2,852.24,False,False,False,False,2,2,3,223,7
12380,2011-11-18 11:27:00,22,4,2724.81,False,False,False,False,4,4,5,445,13
12381,2011-12-05 12:44:00,5,5,1845.31,False,False,False,False,5,4,4,544,13
12383,2011-06-08 08:02:00,185,5,1850.56,False,False,False,False,1,4,4,144,9
12384,2011-11-11 08:39:00,29,2,585.27,False,False,False,False,4,2,3,423,9
12386,2011-01-06 12:37:00,338,2,401.9,True,False,False,True,1,2,2,122,5
12388,2011-11-24 12:30:00,16,6,2780.6600000000003,False,False,False,False,4,4,5,445,13
12390,2011-09-21 09:33:00,80,1,549.84,False,False,False,False,2,1,3,213,6
12391,2011-11-18 12:07:00,22,1,439.66,False,False,False,False,4,1,2,412,7
12393,2011-09-28 15:41:00,73,4,1582.6000000000001,False,False,False,False,2,4,4,244,10
12394,2011-10-07 08:08:00,64,2,1272.48,False,False,False,False,3,2,4,324,9
12395,2011-11-20 15:21:00,20,12,3018.63,False,True,False,True,4,5,5,455,14
12397,2011-11-04 09:52:00,36,2,2409.9,False,False,False,False,3,2,5,325,10
12398,2011-10-25 10:27:00,46,1,1635.6599999999999,False,False,False,False,3,1,4,314,8
12399,2011-08-12 13:15:00,120,4,1108.65,False,False,False,False,2,4,4,244,10
12401,2011-02-09 13:50:00,304,1,84.3,False,False,False,False,1,1,1,111,3
12402,2011-01-20 13:49:00,324,1,225.60000000000002,False,False,False,False,1,1,1,111,3
12403,2011-10-21 10:51:00,50,1,427.7,False,False,False,False,3,1,2,312,6
12405,2011-07-14 08:52:00,149,1,1710.39,False,False,False,False,2,1,4,214,7
12406,2011-11-17 19:22:00,23,2,3415.3,False,False,False,False,4,2,5,425,11
12407,2011-10-21 10:11:00,50,5,1708.12,False,False,False,False,3,4,4,344,11
12408,2011-11-07 12:27:00,33,5,2888.55,False,False,False,False,4,4,5,445,13
12409,2011-09-22 10:38:00,79,3,11072.67,False,False,True,True,2,3,5,235,10
12410,2011-02-04 10:39:00,309,2,693.33,False,False,False,False,1,2,3,123,6
12412,2011-09-26 10:16:00,75,3,1226.88,False,False,False,False,2,3,4,234,9
12413,2011-10-04 09:00:00,67,3,758.1,False,False,False,False,3,3,3,333,9
12414,2011-05-06 14:51:00,218,3,562.4100000000001,False,False,False,False,1,3,3,133,7
12415,2011-11-15 14:22:00,25,21,124914.53,False,True,True,True,4,5,5,455,14
12417,2011-12-06 14:52:00,4,9,3649.1,False,False,False,False,5,5,5,555,15
12418,2011-08-19 11:08:00,113,1,668.58,False,False,False,False,2,1,3,213,6
12420,2011-10-07 08:55:00,64,1,600.39,False,False,False,False,3,1,3,313,7
12421,2011-11-24 09:07:00,16,4,807.04,False,False,False,False,4,4,3,443,11
12422,2011-09-05 09:48:00,96,3,803.5600000000001,False,False,False,False,2,3,3,233,8
12423,2011-12-09 10:10:00,1,8,1859.31,False,False,False,False,5,5,4,554,14
12424,2011-06-30 12:06:00,163,2,1760.96,False,False,False,False,2,2,4,224,8
12425,2011-09-22 17:31:00,79,1,777.2,False,False,False,False,2,1,3,213,6
12426,2011-05-29 12:26:00,195,1,582.73,False,False,False,False,1,1,3,113,5
12427,2011-11-18 08:56:00,22,3,825.8000000000001,False,False,False,False,4,3,3,433,10
12428,2011-11-14 08:22:00,26,9,7956.46,False,False,True,True,4,5,5,455,14
12429,2011-11-30 17:22:00,10,4,3750.4,False,False,True,True,5,4,5,545,14
12430,2011-10-27 15:09:00,44,1,256.4,False,False,False,False,3,1,2,312,6
12431,2011-11-04 11:55:00,36,15,6419.95,False,True,True,True,3,5,5,355,13
12432,2011-10-28 11:43:00,43,5,5059.32,False,False,True,True,3,4,5,345,12
12433,2011-12-09 10:02:00,1,7,13375.87,False,False,True,True,5,5,5,555,15
12434,2011-09-16 12:38:00,85,2,806.14,False,False,False,False,2,2,3,223,7
12435,2011-09-21 09:06:00,80,2,7829.89,False,False,True,True,2,2,5,225,9
12436,2011-09-01 12:09:00,100,1,509.01,False,False,False,False,2,1,3,213,6
12437,2011-12-08 11:35:00,2,18,4951.41,False,True,True,True,5,5,5,555,15
12438,2011-11-25 13:28:00,15,2,2906.85,False,False,False,False,4,2,5,425,11
12441,2010-12-08 10:45:00,367,1,173.55,True,False,False,True,1,1,1,111,3
12442,2011-12-06 14:22:00,4,1,172.06,False,False,False,False,5,1,1,511,7
12444,2011-11-18 13:23:00,22,5,5005.46,False,False,True,True,4,4,5,445,13
12445,2011-11-17 18:43:00,23,1,133.4,False,False,False,False,4,1,1,411,6
12446,2011-10-13 12:50:00,58,1,1002.3100000000001,False,False,False,False,3,1,4,314,8
12447,2011-04-10 13:25:00,244,1,476.49,False,False,False,False,1,1,2,112,4
12448,2011-10-26 13:46:00,45,1,449.45,False,False,False,False,3,1,2,312,6
12449,2011-11-17 13:46:00,23,4,4067.29,False,False,True,True,4,4,5,445,13
12450,2011-07-06 14:41:00,157,2,197.88,False,False,False,False,2,2,1,221,5
12451,2011-11-29 08:40:00,11,5,9035.52,False,False,True,True,5,4,5,545,14
12452,2011-11-23 10:28:00,17,2,430.57000000000005,False,False,False,False,4,2,2,422,8
12453,2011-07-28 14:08:00,135,1,707.09,False,False,False,False,2,1,3,213,6
12454,2011-10-14 17:13:00,57,1,3528.34,False,False,False,False,3,1,5,315,9
12455,2011-09-27 15:31:00,74,6,2466.86,False,False,False,False,2,4,5,245,11
12456,2011-10-26 14:41:00,45,3,3181.04,False,False,False,False,3,3,5,335,11
12457,2011-10-04 13:13:00,67,7,2363.23,False,False,False,False,3,5,5,355,13
12458,2011-09-29 15:25:00,72,2,947.4,False,False,False,False,3,2,4,324,9
12461,2011-09-06 16:57:00,95,2,826.88,False,False,False,False,2,2,3,223,7
12462,2011-11-21 09:11:00,19,2,1189.59,False,False,False,False,4,2,4,424,10
12463,2011-10-17 13:44:00,54,4,1344.78,False,False,False,False,3,4,4,344,11
12464,2011-11-29 13:33:00,11,8,1212.05,False,False,False,False,5,5,4,554,14
12465,2011-11-22 16:34:00,18,2,742.19,False,False,False,False,4,2,3,423,9
12468,2011-06-05 11:36:00,188,2,729.54,False,False,False,False,1,2,3,123,6
12471,2011-12-07 15:43:00,3,30,19788.65,False,True,True,True,5,5,5,555,15
12472,2011-11-07 14:01:00,33,7,6572.11,False,False,True,True,4,5,5,455,14
12473,2011-11-10 13:46:00,30,5,3928.05,False,False,True,True,4,4,5,445,13
12474,2011-11-22 14:39:00,18,18,7324.09,False,True,True,True,4,5,5,455,14
12475,2011-10-17 10:10:00,54,1,723.38,False,False,False,False,3,1,3,313,7
12476,2011-11-24 12:40:00,16,11,6816.42,False,False,True,True,4,5,5,455,14
12477,2011-11-17 09:51:00,23,6,13219.74,False,False,True,True,4,4,5,445,13
12478,2011-12-06 09:56:00,4,1,680.99,False,False,False,False,5,1,3,513,9
12479,2011-11-28 13:26:00,12,1,527.2,False,False,False,False,5,1,3,513,9
12480,2011-11-11 14:52:00,29,4,3281.63,False,False,False,False,4,4,5,445,13
12481,2011-11-17 08:29:00,23,10,5579.82,False,False,True,True,4,5,5,455,14
12483,2011-11-22 17:02:00,18,8,2484.98,False,False,False,False,4,5,5,455,14
12484,2011-11-07 11:37:00,33,6,4527.32,False,False,True,True,4,4,5,445,13
12488,2011-11-30 08:50:00,10,3,1298.66,False,False,False,False,5,3,4,534,12
12489,2011-01-07 13:13:00,337,1,334.93,True,False,False,True,1,1,2,112,4
12490,2011-12-04 16:07:00,6,10,5417.93,False,False,True,True,5,5,5,555,15
12491,2011-11-01 12:18:00,39,1,460.40000000000003,False,False,False,False,3,1,2,312,6
12492,2011-10-07 15:15:00,64,2,263.21000000000004,False,False,False,False,3,2,2,322,7
12493,2011-06-27 10:17:00,166,2,433.74,False,False,False,False,2,2,2,222,6
12494,2011-11-24 09:34:00,16,7,1246.1,False,False,False,False,4,5,4,454,13
12497,2011-09-19 12:29:00,82,1,1043.1,False,False,False,False,2,1,4,214,7
12498,2011-11-18 12:53:00,22,3,403.70000000000005,False,False,False,False,4,3,2,432,9
12500,2011-11-16 16:20:00,24,11,4257.82,False,False,True,True,4,5,5,455,14
12501,2011-01-07 12:28:00,337,1,2169.39,True,False,False,True,1,1,5,115,7
12502,2011-09-05 11:52:00,96,5,3723.87,False,False,True,True,2,4,5,245,11
12504,2011-11-21 16:02:00,19,2,482.04999999999995,False,False,False,False,4,2,2,422,8
12506,2011-04-21 08:54:00,233,1,73.5,False,False,False,False,1,1,1,111,3
12507,2011-07-28 17:09:00,135,3,1304.81,False,False,False,False,2,3,4,234,9
12508,2011-11-13 15:37:00,27,2,397.88,False,False,False,False,4,2,2,422,8
12509,2011-02-28 14:45:00,285,1,176.5,False,False,False,False,1,1,1,111,3
12510,2011-07-20 10:15:00,143,2,982.5699999999999,False,False,False,False,2,2,4,224,8
12512,2011-10-04 14:55:00,67,2,132.18,False,False,False,False,3,2,1,321,6
12513,2011-08-19 10:51:00,113,1,612.29,False,False,False,False,2,1,3,213,6
12514,2011-03-17 16:38:00,268,1,1017.6800000000001,False,False,False,False,1,1,4,114,6
12515,2010-12-21 15:43:00,354,1,383.7,True,False,False,True,1,1,2,112,4
12516,2011-09-23 09:13:00,78,2,1312.06,False,False,False,False,2,2,4,224,8
12517,2011-11-11 14:04:00,29,5,2481.6,False,False,False,False,4,4,5,445,13
12518,2011-12-09 10:13:00,1,5,2056.89,False,False,False,False,5,4,5,545,14
12519,2011-10-07 09:26:00,64,1,330.84000000000003,False,False,False,False,3,1,2,312,6
12520,2011-09-21 15:23:00,80,5,2634.26,False,False,False,False,2,4,5,245,11
12521,2011-07-20 10:51:00,143,1,599.68,False,False,False,False,2,1,3,213,6
12522,2011-10-31 15:30:00,40,2,192.72,False,False,False,False,3,2,1,321,6
12523,2011-11-20 12:55:00,20,11,1789.77,False,False,False,False,4,5,4,454,13
12524,2011-11-30 15:31:00,10,8,4485.72,False,False,True,True,5,5,5,555,15
12526,2011-12-09 12:09:00,1,3,1316.66,False,False,False,False,5,3,4,534,12
12527,2011-09-19 11:55:00,82,3,348.71000000000004,False,False,False,False,2,3,2,232,7
12528,2011-11-30 14:40:00,10,6,1933.48,False,False,False,False,5,5,4,554,14
12530,2011-10-11 12:34:00,60,4,1662.28,False,False,False,False,3,4,4,344,11
12531,2011-11-25 11:12:00,15,1,125.22,False,False,False,False,4,1,1,411,6
12532,2011-11-09 13:47:00,31,1,349.83000000000004,False,False,False,False,4,1,2,412,7
12534,2011-08-01 10:26:00,131,1,1089.18,False,False,False,False,2,1,4,214,7
12535,2011-09-09 08:48:00,92,2,716.35,False,False,False,False,2,2,3,223,7
12536,2011-10-27 14:20:00,44,3,12601.830000000002,False,False,True,True,3,3,5,335,11
12538,2011-11-10 17:16:00,30,1,363.95,False,False,False,False,4,1,2,412,7
12539,2011-11-17 13:30:00,23,4,5568.35,False,False,True,True,4,4,5,445,13
12540,2011-11-20 11:31:00,20,17,13400.24,False,True,True,True,4,5,5,455,14
12541,2011-11-10 10:40:00,30,3,981.18,False,False,False,False,4,3,4,434,11
12544,2011-11-03 16:15:00,37,1,372.7,False,False,False,False,3,1,2,312,6
12545,2011-09-25 13:39:00,76,2,1000.39,False,False,False,False,2,2,4,224,8
12546,2011-10-24 12:09:00,47,2,1161.5,False,False,False,False,3,2,4,324,9
12547,2011-05-26 12:38:00,198,2,207.8,False,False,False,False,1,2,1,121,4
12548,2011-06-26 15:35:00,167,1,95.19999999999999,False,False,False,False,2,1,1,211,4
12550,2011-09-21 14:35:00,80,1,964.83,False,False,False,False,2,1,4,214,7
12551,2010-12-17 11:23:00,358,1,168.0,True,False,False,True,1,1,1,111,3
12552,2011-11-01 10:02:00,39,2,437.82,False,False,False,False,3,2,2,322,7
12553,2011-12-01 16:38:00,9,10,3692.28,False,False,True,True,5,5,5,555,15
12556,2011-10-20 13:06:00,51,2,599.56,False,False,False,False,3,2,3,323,8
12557,2011-11-23 16:59:00,17,5,11990.960000000001,False,False,True,True,4,4,5,445,13
12558,2011-12-02 10:41:00,8,1,269.96,False,False,False,False,5,1,2,512,8
12559,2011-02-02 09:49:00,311,2,561.71,False,False,False,False,1,2,3,123,6
12560,2011-12-04 13:54:00,6,3,2134.01,False,False,False,False,5,3,5,535,13
12561,2011-02-10 11:39:00,303,1,238.85,False,False,False,False,1,1,1,111,3
12562,2011-12-01 17:20:00,9,7,3781.7400000000002,False,False,True,True,5,5,5,555,15
12564,2011-03-23 14:55:00,262,1,456.90000000000003,False,False,False,False,1,1,2,112,4
12565,2011-02-24 10:34:00,289,1,145.92000000000002,False,False,False,False,1,1,1,111,3
12566,2011-09-14 14:30:00,87,1,351.65,False,False,False,False,2,1,2,212,5
12567,2011-11-17 11:02:00,23,10,9401.28,False,False,True,True,4,5,5,455,14
12569,2011-12-07 16:24:00,3,32,4124.6900000000005,False,True,True,True,5,5,5,555,15
12571,2011-10-31 10:19:00,40,2,519.61,False,False,False,False,3,2,3,323,8
12572,2011-12-01 09:20:00,9,2,1020.4200000000001,False,False,False,False,5,2,4,524,11
12573,2011-04-26 15:52:00,228,1,160.54000000000002,False,False,False,False,1,1,1,111,3
12574,2011-01-28 09:20:00,316,1,218.45000000000002,False,False,False,False,1,1,1,111,3
12576,2011-11-04 10:11:00,36,5,1315.83,False,False,False,False,3,4,4,344,11
12577,2011-11-04 13:24:00,36,3,626.6,False,False,False,False,3,3,3,333,9
12578,2011-11-18 13:30:00,22,2,2794.51,False,False,False,False,4,2,5,425,11
12579,2011-09-22 17:15:00,79,1,440.42,False,False,False,False,2,1,2,212,5
12580,2011-04-07 10:24:00,247,1,415.7,False,False,False,False,1,1,2,112,4
12581,2011-10-31 08:56:00,40,1,197.71,False,False,False,False,3,1,1,311,5
12582,2011-04-15 08:45:00,239,2,511.36,False,False,False,False,1,2,3,123,6
12583,2011-12-07 08:07:00,3,15,7281.38,False,True,True,True,5,5,5,555,15
12584,2011-12-06 09:35:00,4,9,2338.15,False,False,False,False,5,5,5,555,15
12585,2011-04-19 13:39:00,235,2,2040.1,False,False,False,False,1,2,4,124,7
12586,2011-11-22 16:24:00,18,1,196.94000000000003,False,False,False,False,4,1,1,411,6
12587,2011-12-02 12:47:00,8,1,144.0,False,False,False,False,5,1,1,511,7
12588,2011-10-31 15:01:00,40,1,214.89999999999998,False,False,False,False,3,1,1,311,5
12589,2011-11-11 10:19:00,29,2,646.68,False,False,False,False,4,2,3,423,9
12590,2011-05-12 14:52:00,212,2,9864.26,False,False,True,True,1,2,5,125,8
12591,2011-01-26 14:35:00,318,1,452.84999999999997,False,False,False,False,1,1,2,112,4
12592,2011-09-08 15:04:00,93,2,437.6,False,False,False,False,2,2,2,222,6
12593,2011-08-23 12:43:00,109,3,418.1,False,False,False,False,2,3,2,232,7
12594,2011-11-02 12:20:00,38,10,3338.2200000000003,False,False,False,False,3,5,5,355,13
12596,2011-10-19 13:02:00,52,2,618.27,False,False,False,False,3,2,3,323,8
12597,2011-11-20 13:33:00,20,4,3811.22,False,False,True,True,4,4,5,445,13
12598,2011-11-30 12:18:00,10,8,3023.08,False,False,False,False,5,5,5,555,15
12599,2011-11-10 13:34:00,30,7,1032.58,False,False,False,False,4,5,4,454,13
12600,2011-11-11 10:29:00,29,10,2599.04,False,False,False,False,4,5,5,455,14
12601,2011-06-03 10:17:00,190,5,577.0600000000001,False,False,False,False,1,4,3,143,8
12602,2011-10-12 11:22:00,59,1,153.12,False,False,False,False,3,1,1,311,5
12603,2011-11-18 10:42:00,22,1,739.1999999999999,False,False,False,False,4,1,3,413,8
12604,2011-09-21 14:08:00,80,2,254.18,False,False,False,False,2,2,2,222,6
12607,2011-10-10 16:06:00,61,1,1579.51,False,False,False,False,3,1,4,314,8
12609,2011-09-22 16:34:00,79,3,1126.85,False,False,False,False,2,3,4,234,9
12610,2011-11-17 09:34:00,23,5,2099.54,False,False,False,False,4,4,5,445,13
12611,2011-10-18 13:12:00,53,1,1193.32,False,False,False,False,3,1,4,314,8
12612,2011-09-26 15:35:00,75,1,704.04,False,False,False,False,2,1,3,213,6
12613,2011-10-13 14:59:00,58,5,3344.38,False,False,False,False,3,4,5,345,12
12614,2011-03-07 10:22:00,278,1,315.6,False,False,False,False,1,1,2,112,4
12615,2011-12-07 15:02:00,3,4,2291.19,False,False,False,False,5,4,5,545,14
12616,2011-09-05 15:17:00,96,2,713.3,False,False,False,False,2,2,3,223,7
12617,2011-11-10 14:39:00,30,1,352.98,False,False,False,False,4,1,2,412,7
12618,2011-11-18 11:10:00,22,1,177.31,False,False,False,False,4,1,1,411,6
12619,2011-11-23 14:52:00,17,9,3641.24,False,False,False,False,4,5,5,455,14
12620,2011-11-25 10:20:00,15,3,1339.41,False,False,False,False,4,3,4,434,11
12621,2011-12-08 11:25:00,2,20,13689.67,False,True,True,True,5,5,5,555,15
12622,2011-04-21 16:39:00,233,1,180.1,False,False,False,False,1,1,1,111,3
12623,2011-03-08 13:50:00,277,1,305.1,False,False,False,False,1,1,2,112,4
12624,2011-08-25 15:04:00,107,2,641.13,False,False,False,False,2,2,3,223,7
12625,2011-05-12 09:54:00,212,2,2683.82,False,False,False,False,1,2,5,125,8
12626,2011-11-16 16:06:00,24,9,6620.4800000000005,False,False,True,True,4,5,5,455,14
12627,2011-11-29 12:07:00,11,7,4478.53,False,False,True,True,5,5,5,555,15
12628,2011-12-05 13:15:00,5,3,786.46,False,False,False,False,5,3,3,533,11
12630,2011-11-30 10:48:00,10,2,1270.88,False,False,False,False,5,2,4,524,11
12631,2011-10-13 13:53:00,58,1,640.5,False,False,False,False,3,1,3,313,7
12633,2011-10-12 11:40:00,59,4,2163.98,False,False,False,False,3,4,5,345,12
12635,2011-09-11 11:04:00,90,2,1689.18,False,False,False,False,2,2,4,224,8
12637,2011-10-03 13:46:00,68,8,6002.9,False,False,True,True,3,5,5,355,13
12638,2011-11-06 13:11:00,34,1,671.69,False,False,False,False,3,1,3,313,7
12639,2011-04-15 12:48:00,239,1,486.1,False,False,False,False,1,1,2,112,4
12640,2011-11-16 11:52:00,24,3,1174.58,False,False,False,False,4,3,4,434,11
12641,2011-08-16 13:26:00,116,1,185.9,False,False,False,False,2,1,1,211,4
12642,2011-11-14 15:03:00,26,3,1013.26,False,False,False,False,4,3,4,434,11
12643,2011-08-03 12:56:00,129,6,3344.64,False,False,False,False,2,5,5,255,12
12644,2011-08-02 10:33:00,130,1,477.90999999999997,False,False,False,False,2,1,2,212,5
12645,2011-11-06 12:38:00,34,4,1775.18,False,False,False,False,3,4,4,344,11
12646,2011-12-05 10:14:00,5,2,1346.97,False,False,False,False,5,2,4,524,11
12647,2011-11-17 12:56:00,23,12,3722.82,False,True,True,True,4,5,5,455,14
12648,2011-07-08 11:55:00,155,1,318.05,False,False,False,False,2,1,2,212,5
12649,2011-08-24 14:41:00,108,3,623.51,False,False,False,False,2,3,3,233,8
12650,2011-12-06 16:34:00,4,1,314.44,False,False,False,False,5,1,2,512,8
12651,2011-01-09 12:46:00,335,1,114.0,True,False,False,True,1,1,1,111,3
12652,2011-01-12 15:00:00,332,1,919.98,True,False,False,True,1,1,3,113,5
12653,2011-07-14 10:41:00,149,2,2209.85,False,False,False,False,2,2,5,225,9
12654,2011-11-29 10:10:00,11,5,601.98,False,False,False,False,5,4,3,543,12
12656,2011-11-22 13:42:00,18,5,4051.17,False,False,True,True,4,4,5,445,13
12657,2011-11-28 15:47:00,12,4,1643.18,False,False,False,False,5,4,4,544,13
12658,2011-11-21 10:22:00,19,1,686.05,False,False,False,False,4,1,3,413,8
12659,2011-11-10 11:53:00,30,1,91.68,False,False,False,False,4,1,1,411,6
12660,2011-11-28 13:26:00,12,1,245.10000000000002,False,False,False,False,5,1,1,511,7
12662,2011-12-09 11:59:00,1,11,3849.78,False,False,True,True,5,5,5,555,15
12664,2011-12-01 17:07:00,9,9,4881.88,False,False,True,True,5,5,5,555,15
12665,2011-01-19 08:34:00,325,1,63.0,False,False,False,False,1,1,1,111,3
12667,2011-10-12 17:00:00,59,1,620.13,False,False,False,False,3,1,3,313,7
12668,2011-11-28 10:56:00,12,4,3807.15,False,False,True,True,5,4,5,545,14
12669,2011-07-12 09:54:00,151,3,2744.0299999999997,False,False,False,False,2,3,5,235,10
12670,2011-11-29 15:23:00,11,5,2996.05,False,False,False,False,5,4,5,545,14
12672,2011-01-14 09:20:00,330,1,225.9,True,False,False,True,1,1,1,111,3
12673,2011-12-04 13:55:00,6,2,610.52,False,False,False,False,5,2,3,523,10
12674,2011-11-01 12:12:00,39,4,1970.6,False,False,False,False,3,4,4,344,11
12676,2011-11-15 12:25:00,25,6,1331.39,False,False,False,False,4,5,4,454,13
12678,2011-10-28 13:04:00,43,12,17628.46,False,True,True,True,3,5,5,355,13
12679,2011-10-12 12:30:00,59,4,1113.02,False,False,False,False,3,4,4,344,11
12680,2011-12-09 12:50:00,1,4,862.81,False,False,False,False,5,4,3,543,12
12681,2011-11-25 11:33:00,15,22,13787.54,False,True,True,True,4,5,5,455,14
12682,2011-12-06 10:00:00,4,31,12279.82,False,True,True,True,5,5,5,555,15
12683,2011-12-05 16:31:00,5,15,8476.57,False,True,True,True,5,5,5,555,15
12684,2011-12-02 09:53:00,8,7,2283.63,False,False,False,False,5,5,5,555,15
12685,2011-11-11 13:46:00,29,6,2863.08,False,False,False,False,4,5,5,455,14
12686,2010-12-03 09:51:00,372,1,89.14,True,False,False,True,1,1,1,111,3
12688,2011-08-18 08:49:00,114,1,4873.81,False,False,True,True,2,1,5,215,8
12689,2011-11-14 08:31:00,26,2,1247.6100000000001,False,False,False,False,4,2,4,424,10
12690,2011-05-18 09:09:00,206,1,389.01,False,False,False,False,1,1,2,112,4
12691,2011-11-11 16:49:00,29,6,1035.8,False,False,False,False,4,5,4,454,13
12693,2011-08-04 17:51:00,128,4,855.91,False,False,False,False,2,4,3,243,9
12694,2011-09-30 13:06:00,71,2,869.67,False,False,False,False,3,2,3,323,8
12695,2011-12-02 13:22:00,8,4,582.1,False,False,False,False,5,4,3,543,12
12697,2011-11-11 08:47:00,29,3,957.59,False,False,False,False,4,3,4,434,11
12700,2011-12-02 10:47:00,8,4,4939.99,False,False,True,True,5,4,5,545,14
12701,2011-09-21 10:47:00,80,2,797.71,False,False,False,False,2,2,3,223,7
12702,2011-11-20 10:36:00,20,1,219.0,False,False,False,False,4,1,1,411,6
12703,2011-09-29 17:52:00,72,1,283.55,False,False,False,False,3,1,2,312,6
12704,2011-12-02 13:15:00,8,8,2340.84,False,False,False,False,5,5,5,555,15
12705,2011-11-24 13:17:00,16,9,6868.29,False,False,True,True,4,5,5,455,14
12707,2011-02-21 08:38:00,292,1,603.42,False,False,False,False,1,1,3,113,5
12708,2011-11-10 09:52:00,30,10,2712.91,False,False,False,False,4,5,5,455,14
12709,2011-11-24 15:38:00,16,15,9706.52,False,True,True,True,4,5,5,455,14
12710,2011-09-04 12:00:00,97,3,1149.02,False,False,False,False,2,3,4,234,9
12712,2011-11-11 08:19:00,29,13,4396.13,False,True,True,True,4,5,5,455,14
12713,2011-12-09 12:16:00,1,1,848.55,False,False,False,False,5,1,3,513,9
12714,2011-11-30 15:43:00,10,5,4708.86,False,False,True,True,5,4,5,545,14
12715,2011-08-25 15:22:00,107,1,343.36,False,False,False,False,2,1,2,212,5
12716,2011-12-06 08:55:00,4,2,1053.49,False,False,False,False,5,2,4,524,11
12717,2011-07-11 14:47:00,152,2,1030.98,False,False,False,False,2,2,4,224,8
12718,2011-09-29 16:38:00,72,1,238.25,False,False,False,False,3,1,1,311,5
12719,2011-12-04 13:45:00,6,2,644.95,False,False,False,False,5,2,3,523,10
12720,2011-12-07 08:03:00,3,25,5781.7300000000005,False,True,True,True,5,5,5,555,15
12721,2011-11-08 12:13:00,32,6,2656.13,False,False,False,False,4,5,5,455,14
12722,2011-09-15 14:50:00,86,4,997.63,False,False,False,False,2,4,4,244,10
12723,2011-12-06 10:19:00,4,5,725.07,False,False,False,False,5,4,3,543,12
12724,2011-12-04 16:02:00,6,4,1031.41,False,False,False,False,5,4,4,544,13
12725,2010-12-03 15:45:00,372,1,427.8,True,False,False,True,1,1,2,112,4
12726,2011-11-11 13:35:00,29,7,2609.1,False,False,False,False,4,5,5,455,14
12727,2011-11-29 11:46:00,11,7,3980.7000000000003,False,False,True,True,5,5,5,555,15
12728,2011-09-29 15:31:00,72,4,836.33,False,False,False,False,3,4,3,343,10
12729,2011-08-18 11:40:00,114,1,453.01,False,False,False,False,2,1,2,212,5
12731,2011-11-16 11:59:00,24,12,18895.91,False,True,True,True,4,5,5,455,14
12732,2011-06-13 11:33:00,180,1,236.26000000000002,False,False,False,False,2,1,1,211,4
12733,2011-04-19 16:19:00,235,1,383.95,False,False,False,False,1,1,2,112,4
12734,2010-12-22 12:47:00,353,1,110.39999999999999,True,False,False,True,1,1,1,111,3
12735,2011-01-28 13:37:00,316,2,779.5699999999999,False,False,False,False,1,2,3,123,6
12736,2011-01-11 07:57:00,333,1,234.0,True,False,False,True,1,1,1,111,3
12738,2010-12-02 18:27:00,373,1,155.35,True,False,False,True,1,1,1,111,3
12739,2011-09-22 13:00:00,79,2,1013.04,False,False,False,False,2,2,4,224,8
12740,2011-10-07 10:44:00,64,1,427.6,False,False,False,False,3,1,2,312,6
12743,2011-07-28 16:21:00,135,2,540.13,False,False,False,False,2,2,3,223,7
12744,2011-10-19 11:18:00,52,7,21279.29,False,False,True,True,3,5,5,355,13
12747,2011-12-07 14:34:00,3,11,4196.01,False,False,True,True,5,5,5,555,15
12748,2011-12-09 12:20:00,1,209,33053.19,False,True,True,True,5,5,5,555,15
12749,2011-12-06 09:56:00,4,5,4090.88,False,False,True,True,5,4,5,545,14
12750,2011-08-03 09:13:00,129,1,275.88,False,False,False,False,2,1,2,212,5
12752,2011-09-19 13:32:00,82,1,4366.78,False,False,True,True,2,1,5,215,8
12753,2011-11-17 10:52:00,23,6,21429.39,False,False,True,True,4,5,5,455,14
12754,2011-04-18 09:00:00,236,3,3010.74,False,False,False,False,1,3,5,135,9
12755,2011-03-04 12:42:00,281,2,3811.9500000000003,False,False,True,True,1,2,5,125,8
12756,2011-09-14 09:31:00,87,1,112.08,False,False,False,False,2,1,1,211,4
12757,2011-11-24 12:30:00,16,13,7834.650000000001,False,True,True,True,4,5,5,455,14
12758,2011-08-15 10:22:00,117,2,2791.59,False,False,False,False,2,2,5,225,9
12759,2011-10-18 14:49:00,53,3,1531.44,False,False,False,False,3,3,4,334,10
12762,2011-12-02 10:23:00,8,2,1898.52,False,False,False,False,5,2,4,524,11
12763,2011-07-24 14:12:00,139,2,494.08,False,False,False,False,2,2,3,223,7
12764,2011-01-27 10:19:00,317,1,1693.88,False,False,False,False,1,1,4,114,6
12766,2011-12-06 08:46:00,4,7,6989.63,False,False,True,True,5,5,5,555,15
12769,2011-04-15 10:25:00,239,1,1143.6,False,False,False,False,1,1,4,114,6
12770,2011-05-13 09:33:00,211,1,1351.45,False,False,False,False,1,1,4,114,6
12772,2011-10-11 09:19:00,60,1,892.47,False,False,False,False,3,1,3,313,7
12775,2011-11-22 16:33:00,18,5,1386.04,False,False,False,False,4,4,4,444,12
12778,2011-11-20 11:30:00,20,6,822.23,False,False,False,False,4,5,3,453,12
12779,2011-11-02 11:43:00,38,8,3981.36,False,False,True,True,3,5,5,355,13
12781,2011-10-07 10:37:00,64,2,826.74,False,False,False,False,3,2,3,323,8
12782,2011-12-05 09:16:00,5,5,2330.92,False,False,False,False,5,4,5,545,14
12783,2011-12-07 15:56:00,3,6,2225.91,False,False,False,False,5,5,5,555,15
12784,2011-11-30 15:38:00,10,2,532.82,False,False,False,False,5,2,3,523,10
12785,2010-12-10 13:48:00,365,1,311.95,True,False,False,True,1,1,2,112,4
12787,2011-11-30 08:44:00,10,3,463.66,False,False,False,False,5,3,2,532,10
12789,2011-10-05 13:34:00,66,1,91.85,False,False,False,False,3,1,1,311,5
12790,2011-05-31 14:14:00,193,1,324.92,False,False,False,False,1,1,2,112,4
12791,2010-12-01 11:27:00,374,1,192.60000000000002,True,False,False,True,1,1,1,111,3
12792,2011-03-28 11:36:00,257,1,400.54,False,False,False,False,1,1,2,112,4
12793,2011-01-09 12:12:00,335,2,545.48,True,False,False,True,1,2,3,123,6
12794,2011-10-17 14:54:00,54,2,860.41,False,False,False,False,3,2,3,323,8
12795,2011-11-21 10:27:00,19,1,430.48,False,False,False,False,4,1,2,412,7
12797,2010-12-09 10:55:00,366,1,254.03,True,False,False,True,1,1,2,112,4
12798,2011-11-29 15:52:00,11,3,6977.04,False,False,True,True,5,3,5,535,13
12802,2011-06-06 09:36:00,187,1,427.58,False,False,False,False,1,1,2,112,4
12808,2011-11-03 10:05:00,37,3,483.65000000000003,False,False,False,False,3,3,2,332,8
12809,2011-06-15 10:51:00,178,1,489.31,False,False,False,False,2,1,3,213,6
12811,2011-03-24 09:42:00,261,3,514.85,False,False,False,False,1,3,3,133,7
12812,2011-10-26 09:54:00,45,1,229.64000000000001,False,False,False,False,3,1,1,311,5
12814,2011-08-30 12:11:00,102,1,125.92,False,False,False,False,2,1,1,211,4
12815,2011-07-15 10:21:00,148,2,1063.46,False,False,False,False,2,2,4,224,8
12816,2011-09-05 12:41:00,96,2,572.2,False,False,False,False,2,2,3,223,7
12817,2011-03-03 16:28:00,282,1,166.04000000000002,False,False,False,False,1,1,1,111,3
12818,2011-03-23 12:06:00,262,1,1542.08,False,False,False,False,1,1,4,114,6
12820,2011-12-06 15:12:00,4,4,942.34,False,False,False,False,5,4,4,544,13
12821,2011-05-09 15:51:00,215,1,92.72,False,False,False,False,1,1,1,111,3
12822,2011-09-30 10:04:00,71,2,948.88,False,False,False,False,3,2,4,324,9
12823,2011-09-26 07:35:00,75,5,1759.5,False,False,False,False,2,4,4,244,10
12824,2011-10-11 12:49:00,60,1,397.12,False,False,False,False,3,1,2,312,6
12826,2011-12-07 10:25:00,3,7,1474.72,False,False,False,False,5,5,4,554,14
12827,2011-12-04 12:17:00,6,3,430.15,False,False,False,False,5,3,2,532,10
12828,2011-12-07 08:45:00,3,6,1018.71,False,False,False,False,5,5,4,554,14
12829,2011-01-07 11:13:00,337,2,293.0,True,False,False,True,1,2,2,122,5
12830,2011-11-02 11:54:00,38,6,6814.64,False,False,True,True,3,5,5,355,13
12831,2011-03-22 13:02:00,263,1,215.05,False,False,False,False,1,1,1,111,3
12832,2011-11-07 13:30:00,33,2,383.03000000000003,False,False,False,False,4,2,2,422,8
12833,2011-07-17 13:46:00,146,1,417.38,False,False,False,False,2,1,2,212,5
12834,2011-03-02 09:49:00,283,1,312.38,False,False,False,False,1,1,2,112,4
12836,2011-10-11 15:10:00,60,4,2610.36,False,False,False,False,3,4,5,345,12
12837,2011-06-19 16:07:00,174,1,134.1,False,False,False,False,2,1,1,211,4
12838,2011-11-06 12:20:00,34,2,671.95,False,False,False,False,3,2,3,323,8
12839,2011-12-07 12:33:00,3,14,5591.42,False,True,True,True,5,5,5,555,15
12840,2011-07-19 09:29:00,144,4,2726.77,False,False,False,False,2,4,5,245,11
12841,2011-12-05 11:13:00,5,25,3991.58,False,True,True,True,5,5,5,555,15
12842,2011-09-30 15:33:00,71,2,1118.99,False,False,False,False,3,2,4,324,9
12843,2011-10-05 12:09:00,66,8,1702.26,False,False,False,False,3,5,4,354,12
12844,2011-11-10 13:31:00,30,2,325.96000000000004,False,False,False,False,4,2,2,422,8
12845,2011-03-17 13:34:00,268,4,354.09000000000003,False,False,False,False,1,4,2,142,7
12847,2011-11-17 13:16:00,23,1,843.64,False,False,False,False,4,1,3,413,8
12849,2011-11-08 13:41:00,32,2,1010.29,False,False,False,False,4,2,4,424,10
12851,2011-09-04 12:41:00,97,1,131.81,False,False,False,False,2,1,1,211,4
12852,2011-02-18 08:47:00,295,1,311.55,False,False,False,False,1,1,2,112,4
12853,2011-07-28 11:29:00,135,6,1957.1000000000001,False,False,False,False,2,5,4,254,11
12854,2011-09-22 12:15:00,79,3,1316.25,False,False,False,False,2,3,4,234,9
12855,2010-12-02 09:37:00,373,1,38.1,True,False,False,True,1,1,1,111,3
12856,2011-12-02 10:52:00,8,6,2170.78,False,False,False,False,5,5,5,555,15
12857,2011-05-13 10:20:00,211,2,1106.4,False,False,False,False,1,2,4,124,7
12863,2011-10-18 14:15:00,53,1,521.2,False,False,False,False,3,1,3,313,7
12864,2011-07-24 13:03:00,139,1,147.12,False,False,False,False,2,1,1,211,4
12865,2011-11-13 14:31:00,27,2,1568.23,False,False,False,False,4,2,4,424,10
12866,2011-03-01 14:11:00,284,1,559.12,False,False,False,False,1,1,3,113,5
12867,2011-11-13 15:30:00,27,7,4009.34,False,False,True,True,4,5,5,455,14
12868,2011-06-07 10:42:00,186,6,1607.0600000000002,False,False,False,False,1,5,4,154,10
12871,2011-09-16 15:07:00,85,2,380.64,False,False,False,False,2,2,2,222,6
12872,2011-01-17 10:52:00,327,2,599.97,False,False,False,False,1,2,3,123,6
12873,2011-03-02 14:58:00,283,1,374.0,False,False,False,False,1,1,2,112,4
12875,2011-07-19 15:30:00,144,2,343.2300000000001,False,False,False,False,2,2,2,222,6
12876,2011-10-13 12:26:00,58,2,2218.02,False,False,False,False,3,2,5,325,10
12877,2011-12-06 10:30:00,4,12,1535.77,False,True,False,True,5,5,4,554,14
12878,2011-04-17 13:07:00,237,2,854.99,False,False,False,False,1,2,3,123,6
12879,2011-10-26 12:24:00,45,3,573.22,False,False,False,False,3,3,3,333,9
12881,2011-03-09 11:44:00,276,1,298.0,False,False,False,False,1,1,2,112,4
12882,2011-11-30 16:18:00,10,2,1463.04,False,False,False,False,5,2,4,524,11
12883,2011-11-15 09:32:00,25,4,703.47,False,False,False,False,4,4,3,443,11
12884,2011-09-12 13:10:00,89,1,309.05,False,False,False,False,2,1,2,212,5
12885,2011-10-07 13:40:00,64,3,1175.22,False,False,False,False,3,3,4,334,10
12886,2011-10-03 10:09:00,68,2,1378.4,False,False,False,False,3,2,4,324,9
12888,2011-05-09 16:02:00,215,2,354.12,False,False,False,False,1,2,2,122,5
12890,2011-11-15 17:26:00,25,1,376.71999999999997,False,False,False,False,4,1,2,412,7
12891,2011-06-07 12:31:00,186,3,331.0,False,False,False,False,1,3,2,132,6
12893,2011-11-09 12:34:00,31,1,176.55,False,False,False,False,4,1,1,411,6
12895,2011-10-28 13:51:00,43,2,372.8,False,False,False,False,3,2,2,322,7
12897,2011-05-19 12:13:00,205,2,216.5,False,False,False,False,1,2,1,121,4
12901,2011-12-01 10:07:00,9,28,17654.54,False,True,True,True,5,5,5,555,15
12902,2011-03-20 12:06:00,265,1,138.68,False,False,False,False,1,1,1,111,3
12904,2011-11-21 14:34:00,19,2,496.06,False,False,False,False,4,2,3,423,9
12906,2011-11-28 09:55:00,12,5,2919.81,False,False,False,False,5,4,5,545,14
12908,2011-06-16 15:39:00,177,2,750.0,False,False,False,False,2,2,3,223,7
12909,2011-10-31 12:43:00,40,5,2178.67,False,False,False,False,3,4,5,345,12
12910,2011-11-16 14:28:00,24,8,3075.04,False,False,False,False,4,5,5,455,14
12912,2011-12-07 08:55:00,3,5,1662.3,False,False,False,False,5,4,4,544,13
12913,2011-12-05 12:11:00,5,5,2483.63,False,False,False,False,5,4,5,545,14
12915,2011-07-14 11:34:00,149,2,363.65,False,False,False,False,2,2,2,222,6
12916,2011-07-24 10:35:00,139,4,2944.95,False,False,False,False,2,4,5,245,11
12917,2011-08-03 16:42:00,129,1,594.0,False,False,False,False,2,1,3,213,6
12919,2011-12-01 13:47:00,9,6,1335.19,False,False,False,False,5,5,4,554,14
12920,2011-11-22 15:05:00,18,1,162.78,False,False,False,False,4,1,1,411,6
12921,2011-11-30 16:22:00,10,37,16587.09,False,True,True,True,5,5,5,555,15
12922,2011-07-01 15:35:00,162,1,405.38,False,False,False,False,2,1,2,212,5
12923,2011-10-06 16:20:00,65,1,172.82,False,False,False,False,3,1,1,311,5
12924,2011-09-12 13:55:00,89,4,933.7,False,False,False,False,2,4,4,244,10
12925,2011-12-05 11:11:00,5,2,694.05,False,False,False,False,5,2,3,523,10
12928,2011-11-04 14:24:00,36,5,2062.7,False,False,False,False,3,4,5,345,12
12929,2011-02-01 12:08:00,312,1,117.85,False,False,False,False,1,1,1,111,3
12930,2011-09-22 15:18:00,79,2,415.8,False,False,False,False,2,2,2,222,6
12931,2011-11-18 12:39:00,22,15,42055.96,False,True,True,True,4,5,5,455,14
12933,2011-11-15 16:38:00,25,3,607.53,False,False,False,False,4,3,3,433,10
12935,2011-12-07 17:25:00,3,7,2160.7,False,False,False,False,5,5,5,555,15
12936,2011-11-22 17:32:00,18,4,1063.9,False,False,False,False,4,4,4,444,12
12937,2011-11-24 15:05:00,16,4,1504.27,False,False,False,False,4,4,4,444,12
12938,2011-11-14 11:21:00,26,1,114.14,False,False,False,False,4,1,1,411,6
12939,2011-10-06 14:33:00,65,8,11581.8,False,False,True,True,3,5,5,355,13
12940,2011-10-16 12:09:00,55,2,899.69,False,False,False,False,3,2,3,323,8
12942,2011-07-31 14:39:00,132,3,675.6,False,False,False,False,2,3,3,233,8
12944,2011-11-04 11:04:00,36,2,604.51,False,False,False,False,3,2,3,323,8
12945,2011-02-24 14:15:00,289,1,462.95,False,False,False,False,1,1,2,112,4
12947,2011-07-19 10:06:00,144,6,1603.99,False,False,False,False,2,5,4,254,11
12948,2011-11-23 17:10:00,17,7,2064.95,False,False,False,False,4,5,5,455,14
12949,2011-11-09 11:25:00,31,8,4167.22,False,False,True,True,4,5,5,455,14
12950,2011-12-07 13:17:00,3,3,1843.0,False,False,False,False,5,3,4,534,12
12951,2011-12-01 12:14:00,9,6,1064.07,False,False,False,False,5,5,4,554,14
12952,2011-12-04 10:35:00,6,4,1387.79,False,False,False,False,5,4,4,544,13
12953,2011-11-30 09:24:00,10,1,329.85,False,False,False,False,5,1,2,512,8
12955,2011-12-08 16:29:00,2,11,4757.16,False,False,True,True,5,5,5,555,15
12956,2011-02-06 16:08:00,307,1,108.07,False,False,False,False,1,1,1,111,3
12957,2011-11-30 09:53:00,10,8,4017.54,False,False,True,True,5,5,5,555,15
12962,2011-12-02 15:55:00,8,2,266.39,False,False,False,False,5,2,2,522,9
12963,2011-12-01 12:55:00,9,8,1856.63,False,False,False,False,5,5,4,554,14
12965,2011-09-11 15:31:00,90,1,769.8100000000001,False,False,False,False,2,1,3,213,6
12966,2011-11-30 12:38:00,10,1,160.18,False,False,False,False,5,1,1,511,7
12967,2010-12-16 19:10:00,359,2,1660.9,True,False,False,True,1,2,4,124,7
12968,2011-08-19 15:44:00,113,1,135.95,False,False,False,False,2,1,1,211,4
12970,2011-12-02 14:30:00,8,4,405.47,False,False,False,False,5,4,2,542,11
12971,2011-12-06 12:20:00,4,86,11189.91,False,True,True,True,5,5,5,555,15
12974,2011-05-26 09:33:00,198,1,144.8,False,False,False,False,1,1,1,111,3
12976,2011-05-12 09:55:00,212,1,738.6,False,False,False,False,1,1,3,113,5
12977,2011-07-06 16:40:00,157,1,39.239999999999995,False,False,False,False,2,1,1,211,4
12980,2011-07-05 09:34:00,158,9,7374.900000000001,False,False,True,True,2,5,5,255,12
12981,2011-11-10 12:00:00,30,2,372.21999999999997,False,False,False,False,4,2,2,422,8
12982,2011-04-11 11:51:00,243,1,390.54,False,False,False,False,1,1,2,112,4
12984,2011-11-21 12:37:00,19,1,97.5,False,False,False,False,4,1,1,411,6
12985,2011-12-09 10:46:00,1,2,1239.38,False,False,False,False,5,2,4,524,11
12987,2011-09-27 12:03:00,74,2,558.7,False,False,False,False,2,2,3,223,7
12988,2011-02-20 14:31:00,293,1,505.82,False,False,False,False,1,1,3,113,5
12989,2011-12-06 15:28:00,4,15,6924.11,False,True,True,True,5,5,5,555,15
12990,2011-11-08 13:01:00,32,3,409.5,False,False,False,False,4,3,2,432,9
12991,2011-11-16 15:34:00,24,2,503.76,False,False,False,False,4,2,3,423,9
12993,2011-11-16 15:49:00,24,4,414.76,False,False,False,False,4,4,2,442,10
12994,2011-12-05 15:43:00,5,3,974.42,False,False,False,False,5,3,4,534,12
12995,2011-09-15 15:44:00,86,1,211.32,False,False,False,False,2,1,1,211,4
12997,2011-11-17 15:47:00,23,4,1226.89,False,False,False,False,4,4,4,444,12
12999,2011-05-27 13:24:00,197,3,455.88,False,False,False,False,1,3,2,132,6
13000,2011-08-25 10:43:00,107,3,534.85,False,False,False,False,2,3,3,233,8
13001,2011-12-05 14:51:00,5,13,9785.970000000001,False,True,True,True,5,5,5,555,15
13002,2011-01-25 15:18:00,319,1,120.95,False,False,False,False,1,1,1,111,3
13003,2011-08-26 10:50:00,106,3,149.05,False,False,False,False,2,3,1,231,6
13004,2011-11-28 11:27:00,12,18,5655.91,False,True,True,True,5,5,5,555,15
13005,2011-06-19 10:53:00,174,2,513.7,False,False,False,False,2,2,3,223,7
13006,2011-10-14 13:49:00,57,1,81.57,False,False,False,False,3,1,1,311,5
13008,2011-01-20 14:24:00,324,1,229.47,False,False,False,False,1,1,1,111,3
13011,2010-12-02 17:22:00,373,1,50.550000000000004,True,False,False,True,1,1,1,111,3
13012,2011-11-30 13:05:00,10,8,1646.8400000000001,False,False,False,False,5,5,4,554,14
13013,2011-12-08 15:01:00,2,13,4810.9400000000005,False,True,True,True,5,5,5,555,15
13014,2011-11-29 12:27:00,11,10,3466.28,False,False,False,False,5,5,5,555,15
13015,2011-10-17 13:19:00,54,5,3339.64,False,False,False,False,3,4,5,345,12
13016,2011-09-27 14:08:00,74,3,789.89,False,False,False,False,2,3,3,233,8
13017,2011-12-02 15:53:00,8,1,204.0,False,False,False,False,5,1,1,511,7
13018,2011-11-23 13:28:00,17,28,7277.7,False,True,True,True,4,5,5,455,14
13021,2011-12-05 16:37:00,5,9,2616.38,False,False,False,False,5,5,5,555,15
13023,2011-10-06 16:27:00,65,2,689.9,False,False,False,False,3,2,3,323,8
13026,2011-12-08 16:58:00,2,5,975.36,False,False,False,False,5,4,4,544,13
13027,2011-08-18 09:39:00,114,6,6912.0,False,False,True,True,2,5,5,255,12
13028,2011-11-17 11:10:00,23,2,661.3199999999999,False,False,False,False,4,2,3,423,9
13029,2011-11-09 09:13:00,31,3,1247.5,False,False,False,False,4,3,4,434,11
13030,2011-11-28 14:30:00,12,2,752.44,False,False,False,False,5,2,3,523,10
13032,2011-10-18 15:54:00,53,2,1010.1800000000001,False,False,False,False,3,2,4,324,9
13033,2010-12-17 14:23:00,358,1,190.55,True,False,False,True,1,1,1,111,3
13034,2011-10-16 12:21:00,55,2,642.77,False,False,False,False,3,2,3,323,8
13035,2011-09-27 08:57:00,74,2,921.88,False,False,False,False,2,2,3,223,7
13037,2011-07-24 15:46:00,139,3,881.07,False,False,False,False,2,3,3,233,8
13038,2011-09-20 14:37:00,81,3,908.46,False,False,False,False,2,3,3,233,8
13040,2011-12-01 10:38:00,9,2,676.99,False,False,False,False,5,2,3,523,10
13043,2011-03-11 14:52:00,274,1,516.42,False,False,False,False,1,1,3,113,5
13044,2011-02-21 15:20:00,292,1,560.47,False,False,False,False,1,1,3,113,5
13045,2011-09-01 15:04:00,100,1,305.28000000000003,False,False,False,False,2,1,2,212,5
13046,2011-11-09 08:36:00,31,2,629.31,False,False,False,False,4,2,3,423,9
13047,2011-11-08 12:06:00,32,10,3237.54,False,False,False,False,4,5,5,455,14
13048,2011-11-25 13:23:00,15,4,1819.41,False,False,False,False,4,4,4,444,12
13049,2011-10-06 15:31:00,65,2,656.6800000000001,False,False,False,False,3,2,3,323,8
13050,2011-11-25 09:18:00,15,17,5836.86,False,True,True,True,4,5,5,455,14
13052,2011-05-11 14:12:00,213,1,348.15000000000003,False,False,False,False,1,1,2,112,4
13055,2011-09-22 14:26:00,79,3,1214.41,False,False,False,False,2,3,4,234,9
13058,2011-11-15 12:43:00,25,3,271.40000000000003,False,False,False,False,4,3,2,432,9
13059,2011-04-04 10:40:00,250,1,183.4,False,False,False,False,1,1,1,111,3
13060,2011-03-31 11:37:00,254,1,307.53000000000003,False,False,False,False,1,1,2,112,4
13061,2011-09-28 16:04:00,73,1,248.61,False,False,False,False,2,1,1,211,4
13062,2011-06-01 15:12:00,192,1,346.98,False,False,False,False,1,1,2,112,4
13064,2011-11-27 12:31:00,13,4,1105.59,False,False,False,False,5,4,4,544,13
13065,2010-12-01 16:52:00,374,1,205.86,True,False,False,True,1,1,1,111,3
13066,2011-11-15 12:57:00,25,2,470.8,False,False,False,False,4,2,2,422,8
13067,2011-09-18 13:38:00,83,1,115.46000000000001,False,False,False,False,2,1,1,211,4
13068,2011-11-29 15:00:00,11,2,344.0,False,False,False,False,5,2,2,522,9
13069,2011-12-09 08:39:00,1,24,4431.44,False,True,True,True,5,5,5,555,15
13070,2011-05-31 13:45:00,193,1,228.8,False,False,False,False,1,1,1,111,3
13072,2011-03-18 08:12:00,267,1,177.15,False,False,False,False,1,1,1,111,3
13075,2011-08-02 10:19:00,130,1,919.61,False,False,False,False,2,1,3,213,6
13077,2011-12-08 19:24:00,2,4,728.02,False,False,False,False,5,4,3,543,12
13078,2011-12-06 15:36:00,4,26,12627.94,False,True,True,True,5,5,5,555,15
13079,2011-12-05 16:53:00,5,5,220.10000000000002,False,False,False,False,5,4,1,541,10
13080,2011-06-13 14:59:00,180,1,58.08,False,False,False,False,1,1,1,111,3
13081,2011-11-28 10:54:00,12,11,28337.38,False,False,True,True,5,5,5,555,15
13082,2011-08-05 16:16:00,127,9,3613.63,False,False,False,False,2,5,5,255,12
13083,2011-12-05 15:01:00,5,2,303.75,False,False,False,False,5,2,2,522,9
13085,2011-07-05 12:11:00,158,2,416.08,False,False,False,False,2,2,2,222,6
13089,2011-12-07 09:02:00,3,97,58762.08,False,True,True,True,5,5,5,555,15
13090,2011-12-01 12:39:00,9,14,8910.82,False,True,True,True,5,5,5,555,15
13091,2011-11-11 15:54:00,29,1,345.82,False,False,False,False,4,1,2,412,7
13092,2011-09-30 11:18:00,71,5,477.83,False,False,False,False,3,4,2,342,9
13093,2011-03-09 12:14:00,276,8,7832.47,False,False,True,True,1,5,5,155,11
13094,2011-11-18 14:07:00,22,12,1927.3200000000002,False,True,False,True,4,5,4,454,13
13095,2011-09-30 12:03:00,71,1,74.39999999999999,False,False,False,False,3,1,1,311,5
13097,2011-11-07 10:43:00,33,10,6003.22,False,False,True,True,4,5,5,455,14
13098,2011-12-08 14:14:00,2,28,28882.44,False,True,True,True,5,5,5,555,15
13099,2011-09-01 17:40:00,100,1,207.36,False,False,False,False,2,1,1,211,4
13101,2011-04-19 14:37:00,235,1,101.19,False,False,False,False,1,1,1,111,3
13102,2011-12-08 12:52:00,2,24,6424.09,False,True,True,True,5,5,5,555,15
13103,2011-10-31 09:38:00,40,1,243.94,False,False,False,False,3,1,1,311,5
13104,2011-12-06 13:10:00,4,6,1098.48,False,False,False,False,5,5,4,554,14
13106,2011-07-29 15:12:00,134,1,76.5,False,False,False,False,2,1,1,211,4
13107,2011-10-26 14:52:00,45,4,1531.6200000000001,False,False,False,False,3,4,4,344,11
13108,2010-12-02 10:35:00,373,1,350.06,True,False,False,True,1,1,2,112,4
13109,2011-10-11 10:16:00,60,2,786.54,False,False,False,False,3,2,3,323,8
13110,2011-11-08 14:30:00,32,7,1488.67,False,False,False,False,4,5,4,454,13
13113,2011-12-09 12:49:00,1,24,12245.960000000001,False,True,True,True,5,5,5,555,15
13115,2011-11-28 12:38:00,12,4,2294.78,False,False,False,False,5,4,5,545,14
13116,2011-07-24 14:33:00,139,1,501.14,False,False,False,False,2,1,3,213,6
13117,2011-11-18 12:02:00,22,8,984.91,False,False,False,False,4,5,4,454,13
13118,2011-11-20 12:46:00,20,5,1197.81,False,False,False,False,4,4,4,444,12
13120,2011-04-15 10:19:00,239,1,30.6,False,False,False,False,1,1,1,111,3
13121,2011-03-15 16:47:00,270,1,283.73,False,False,False,False,1,1,2,112,4
13122,2011-09-06 15:53:00,95,2,922.39,False,False,False,False,2,2,3,223,7
13124,2011-09-11 12:45:00,90,3,3756.33,False,False,True,True,2,3,5,235,10
13126,2011-12-05 10:00:00,5,8,2099.64,False,False,False,False,5,5,5,555,15
13127,2011-09-23 10:26:00,78,1,259.17,False,False,False,False,2,1,2,212,5
13130,2011-09-06 15:30:00,95,1,64.0,False,False,False,False,2,1,1,211,4
13131,2011-11-16 13:21:00,24,3,1073.3,False,False,False,False,4,3,4,434,11
13132,2011-03-23 12:44:00,262,1,77.3,False,False,False,False,1,1,1,111,3
13133,2011-03-11 10:31:00,274,2,109.8,False,False,False,False,1,2,1,121,4
13134,2011-09-15 10:35:00,86,4,1793.58,False,False,False,False,2,4,4,244,10
13135,2011-05-27 10:52:00,197,1,3096.0,False,False,False,False,1,1,5,115,7
13136,2011-10-14 13:41:00,57,5,2607.61,False,False,False,False,3,4,5,345,12
13137,2011-11-29 12:09:00,11,8,3603.29,False,False,False,False,5,5,5,555,15
13138,2011-11-17 16:51:00,23,6,962.39,False,False,False,False,4,5,4,454,13
13139,2011-11-23 13:54:00,17,7,5064.9400000000005,False,False,True,True,4,5,5,455,14
13140,2011-08-23 15:33:00,109,3,422.47,False,False,False,False,2,3,2,232,7
13141,2011-09-16 09:54:00,85,5,2388.75,False,False,False,False,2,4,5,245,11
13142,2011-11-20 16:07:00,20,1,307.09000000000003,False,False,False,False,4,1,2,412,7
13144,2011-01-11 11:15:00,333,1,110.95,True,False,False,True,1,1,1,111,3
13145,2011-10-31 12:45:00,40,4,618.52,False,False,False,False,3,4,3,343,10
13146,2011-11-13 15:29:00,27,1,228.91,False,False,False,False,4,1,1,411,6
13147,2011-11-29 13:59:00,11,4,712.8,False,False,False,False,5,4,3,543,12
13148,2011-11-10 15:23:00,30,12,3683.26,False,True,False,True,4,5,5,455,14
13149,2011-11-25 13:09:00,15,4,1676.06,False,False,False,False,4,4,4,444,12
13151,2011-02-17 12:29:00,296,1,1257.8700000000001,False,False,False,False,1,1,4,114,6
13153,2011-12-04 12:14:00,6,1,486.22,False,False,False,False,5,1,2,512,8
13155,2011-11-06 15:41:00,34,4,971.76,False,False,False,False,3,4,4,344,11
13157,2011-10-21 13:50:00,50,4,1741.22,False,False,False,False,3,4,4,344,11
13158,2011-09-06 11:58:00,95,4,1201.06,False,False,False,False,2,4,4,244,10
13159,2011-12-01 11:20:00,9,4,1429.35,False,False,False,False,5,4,4,544,13
13160,2011-11-17 13:07:00,23,1,91.8,False,False,False,False,4,1,1,411,6
13161,2011-01-30 14:03:00,314,1,112.75,False,False,False,False,1,1,1,111,3
13162,2011-08-09 15:59:00,123,4,1688.29,False,False,False,False,2,4,4,244,10
13165,2011-10-24 15:05:00,47,2,1021.48,False,False,False,False,3,2,4,324,9
13166,2011-03-01 15:16:00,284,1,417.2,False,False,False,False,1,1,2,112,4
13167,2011-11-21 12:24:00,19,4,791.33,False,False,False,False,4,4,3,443,11
13168,2011-11-03 12:56:00,37,4,1299.59,False,False,False,False,3,4,4,344,11
13169,2011-10-07 12:11:00,64,2,712.88,False,False,False,False,3,2,3,323,8
13170,2011-11-13 12:19:00,27,1,108.81,False,False,False,False,4,1,1,411,6
13171,2011-11-18 10:27:00,22,3,468.41,False,False,False,False,4,3,2,432,9
13173,2011-12-05 15:51:00,5,2,353.65000000000003,False,False,False,False,5,2,2,522,9
13174,2011-11-23 14:35:00,17,3,2742.82,False,False,False,False,4,3,5,435,12
13176,2011-10-24 15:43:00,47,1,481.49,False,False,False,False,3,1,2,312,6
13177,2011-10-06 09:56:00,65,1,282.45,False,False,False,False,3,1,2,312,6
13178,2011-11-13 16:14:00,27,11,5725.47,False,False,True,True,4,5,5,455,14
13182,2011-10-25 13:46:00,46,1,121.18,False,False,False,False,3,1,1,311,5
13183,2011-12-02 10:30:00,8,9,3957.78,False,False,True,True,5,5,5,555,15
13184,2011-11-25 12:02:00,15,10,1668.95,False,False,False,False,4,5,4,454,13
13185,2011-03-17 11:56:00,268,1,71.4,False,False,False,False,1,1,1,111,3
13186,2011-10-31 11:40:00,40,3,1575.89,False,False,False,False,3,3,4,334,10
13187,2011-01-06 18:57:00,338,1,236.02,True,False,False,True,1,1,1,111,3
13188,2011-11-28 15:28:00,12,1,114.6,False,False,False,False,5,1,1,511,7
13189,2011-11-21 10:39:00,19,2,260.68,False,False,False,False,4,2,2,422,8
13192,2011-09-05 14:13:00,96,2,911.94,False,False,False,False,2,2,3,223,7
13193,2011-10-09 14:30:00,62,1,112.08,False,False,False,False,3,1,1,311,5
13194,2011-07-27 09:01:00,136,1,60.7,False,False,False,False,2,1,1,211,4
13196,2011-11-28 13:54:00,12,4,1797.78,False,False,False,False,5,4,4,544,13
13198,2011-11-29 15:17:00,11,6,3401.2400000000002,False,False,False,False,5,5,5,555,15
13199,2011-12-06 12:30:00,4,38,9817.12,False,True,True,True,5,5,5,555,15
13200,2011-11-20 15:35:00,20,4,870.09,False,False,False,False,4,4,3,443,11
13203,2011-11-30 10:45:00,10,4,869.46,False,False,False,False,5,4,3,543,12
13207,2011-11-24 14:52:00,16,2,250.26000000000002,False,False,False,False,4,2,2,422,8
13208,2011-10-12 09:54:00,59,6,1217.65,False,False,False,False,3,5,4,354,12
13209,2011-11-09 13:54:00,31,8,5891.61,False,False,True,True,4,5,5,455,14
13210,2011-09-07 08:18:00,94,1,353.48,False,False,False,False,2,1,2,212,5
13211,2011-11-29 14:43:00,11,3,1095.42,False,False,False,False,5,3,4,534,12
13212,2011-11-20 12:40:00,20,3,786.83,False,False,False,False,4,3,3,433,10
13213,2011-10-14 11:42:00,57,5,1520.58,False,False,False,False,3,4,4,344,11
13216,2011-03-17 12:18:00,268,1,333.74,False,False,False,False,1,1,2,112,4
13217,2011-08-09 15:32:00,123,3,533.98,False,False,False,False,2,3,3,233,8
13218,2011-08-04 16:59:00,128,1,62.64,False,False,False,False,2,1,1,211,4
13220,2011-09-22 13:38:00,79,4,819.2900000000001,False,False,False,False,2,4,3,243,9
13221,2011-04-13 16:58:00,241,2,847.41,False,False,False,False,1,2,3,123,6
13223,2011-05-23 13:03:00,201,2,163.2,False,False,False,False,1,2,1,121,4
13224,2011-10-10 14:55:00,61,2,2155.95,False,False,False,False,3,2,5,325,10
13225,2011-12-06 13:29:00,4,7,6463.84,False,False,True,True,5,5,5,555,15
13226,2011-03-11 14:35:00,274,1,108.21000000000001,False,False,False,False,1,1,1,111,3
13227,2011-05-22 11:47:00,202,1,257.7,False,False,False,False,1,1,2,112,4
13228,2011-09-19 14:28:00,82,1,358.0,False,False,False,False,2,1,2,212,5
13229,2011-04-28 12:07:00,226,1,160.95,False,False,False,False,1,1,1,111,3
13230,2011-12-05 16:03:00,5,14,2755.63,False,True,False,True,5,5,5,555,15
13232,2011-11-27 10:39:00,13,7,1328.35,False,False,False,False,5,5,4,554,14
13233,2011-09-26 13:25:00,75,2,605.12,False,False,False,False,2,2,3,223,7
13235,2011-05-11 17:13:00,213,1,1031.07,False,False,False,False,1,1,4,114,6
13236,2011-11-15 12:50:00,25,2,744.85,False,False,False,False,4,2,3,423,9
13238,2011-11-22 15:37:00,18,4,700.73,False,False,False,False,4,4,3,443,11
13239,2011-03-23 10:25:00,262,1,329.56,False,False,False,False,1,1,2,112,4
13240,2011-09-04 14:08:00,97,4,663.65,False,False,False,False,2,4,3,243,9
13242,2011-08-19 12:53:00,113,3,270.40000000000003,False,False,False,False,2,3,2,232,7
13243,2011-05-20 13:14:00,204,1,585.12,False,False,False,False,1,1,3,113,5
13244,2011-09-08 11:46:00,93,1,121.74000000000001,False,False,False,False,2,1,1,211,4
13245,2011-10-20 11:40:00,51,1,430.5,False,False,False,False,3,1,2,312,6
13246,2011-11-21 16:50:00,19,6,1961.52,False,False,False,False,4,5,4,454,13
13247,2011-11-22 10:59:00,18,4,501.12,False,False,False,False,4,4,3,443,11
13248,2011-08-07 12:40:00,125,2,465.68,False,False,False,False,2,2,2,222,6
13249,2011-09-08 13:26:00,93,3,711.41,False,False,False,False,2,3,3,233,8
13253,2011-07-06 10:09:00,157,2,1030.4,False,False,False,False,2,2,4,224,8
13255,2011-11-30 13:14:00,10,2,399.51,False,False,False,False,5,2,2,522,9
13258,2011-11-28 09:31:00,12,3,672.83,False,False,False,False,5,3,3,533,11
13259,2011-10-09 10:48:00,62,1,283.18,False,False,False,False,3,1,2,312,6
13260,2011-10-09 13:21:00,62,1,557.62,False,False,False,False,3,1,3,313,7
13261,2011-03-16 12:22:00,269,2,944.1,False,False,False,False,1,2,4,124,7
13262,2011-03-21 15:06:00,264,1,200.29,False,False,False,False,1,1,1,111,3
13263,2011-12-08 13:59:00,2,35,7436.93,False,True,True,True,5,5,5,555,15
13265,2011-10-17 15:02:00,54,5,2092.66,False,False,False,False,3,4,5,345,12
13266,2011-11-28 14:39:00,12,12,3834.2599999999998,False,True,True,True,5,5,5,555,15
13267,2011-12-07 11:12:00,3,19,4521.49,False,True,True,True,5,5,5,555,15
13268,2011-11-22 11:51:00,18,11,3174.75,False,False,False,False,4,5,5,455,14
13269,2011-12-08 14:53:00,2,15,5343.28,False,True,True,True,5,5,5,555,15
13270,2010-12-08 14:53:00,367,1,590.0,True,False,False,True,1,1,3,113,5
13271,2011-11-02 14:31:00,38,1,211.49,False,False,False,False,3,1,1,311,5
13272,2011-11-08 14:00:00,32,2,276.56,False,False,False,False,4,2,2,422,8
13273,2011-08-18 14:02:00,114,1,138.98,False,False,False,False,2,1,1,211,4
13276,2011-10-07 12:44:00,64,2,590.9300000000001,False,False,False,False,3,2,3,323,8
13277,2011-11-24 09:21:00,16,4,258.4,False,False,False,False,4,4,2,442,10
13278,2011-10-30 11:49:00,41,1,542.73,False,False,False,False,3,1,3,313,7
13279,2011-09-22 17:24:00,79,1,137.75,False,False,False,False,2,1,1,211,4
13280,2011-08-09 13:14:00,123,3,798.46,False,False,False,False,2,3,3,233,8
13282,2011-11-21 15:33:00,19,3,1132.14,False,False,False,False,4,3,4,434,11
13283,2011-10-11 09:50:00,60,2,93.66,False,False,False,False,3,2,1,321,6
13284,2011-01-13 09:23:00,331,1,201.19,True,False,False,True,1,1,1,111,3
13285,2011-11-16 13:19:00,24,4,2709.12,False,False,False,False,4,4,5,445,13
13291,2011-07-07 10:36:00,156,1,361.11,False,False,False,False,2,1,2,212,5
13292,2011-11-01 10:04:00,39,2,578.94,False,False,False,False,3,2,3,323,8
13294,2011-06-03 08:54:00,190,2,873.74,False,False,False,False,1,2,3,123,6
13295,2010-12-15 11:21:00,360,1,201.20000000000002,True,False,False,True,1,1,1,111,3
13296,2011-07-25 13:46:00,138,1,87.4,False,False,False,False,2,1,1,211,4
13297,2011-12-02 09:32:00,8,4,2089.85,False,False,False,False,5,4,5,545,14
13298,2011-12-08 13:11:00,2,1,360.0,False,False,False,False,5,1,2,512,8
13299,2011-03-16 12:55:00,269,1,142.5,False,False,False,False,1,1,1,111,3
13300,2011-06-23 13:09:00,170,1,371.89,False,False,False,False,2,1,2,212,5
13301,2011-08-28 11:25:00,104,4,618.09,False,False,False,False,2,4,3,243,9
13302,2011-07-07 17:56:00,156,1,63.75,False,False,False,False,2,1,1,211,4
13304,2010-12-23 14:35:00,352,1,300.42,True,False,False,True,1,1,2,112,4
13305,2011-12-05 15:15:00,5,10,2000.86,False,False,False,False,5,5,4,554,14
13307,2011-08-11 17:14:00,121,1,15.0,False,False,False,False,2,1,1,211,4
13308,2011-11-17 09:31:00,23,3,1385.51,False,False,False,False,4,3,4,434,11
13309,2011-12-02 16:34:00,8,5,1456.79,False,False,False,False,5,4,4,544,13
13310,2011-11-11 17:23:00,29,3,1132.03,False,False,False,False,4,3,4,434,11
13311,2011-12-05 12:55:00,5,2,598.57,False,False,False,False,5,2,3,523,10
13313,2011-11-17 16:48:00,23,5,1555.3200000000002,False,False,False,False,4,4,4,444,12
13314,2011-12-08 12:29:00,2,3,775.94,False,False,False,False,5,3,3,533,11
13316,2011-11-02 13:40:00,38,4,5732.93,False,False,True,True,3,4,5,345,12
13317,2011-10-04 13:35:00,67,6,2273.68,False,False,False,False,3,5,5,355,13
13318,2011-12-08 18:51:00,2,3,640.76,False,False,False,False,5,3,3,533,11
13319,2011-12-04 13:34:00,6,26,10845.550000000001,False,True,True,True,5,5,5,555,15
13320,2011-09-22 18:07:00,79,4,1532.2,False,False,False,False,2,4,4,244,10
13321,2011-09-28 15:24:00,73,2,567.36,False,False,False,False,2,2,3,223,7
13322,2011-11-22 14:21:00,18,1,199.48000000000002,False,False,False,False,4,1,1,411,6
13323,2011-12-06 17:12:00,4,5,787.85,False,False,False,False,5,4,3,543,12
13324,2011-11-03 16:28:00,37,10,7121.95,False,False,True,True,3,5,5,355,13
13325,2011-09-19 10:36:00,82,1,675.3,False,False,False,False,2,1,3,213,6
13327,2011-11-01 10:21:00,39,8,3627.77,False,False,False,False,3,5,5,355,13
13328,2011-01-27 15:22:00,317,1,1308.48,False,False,False,False,1,1,4,114,6
13329,2011-11-08 10:29:00,32,2,789.0,False,False,False,False,4,2,3,423,9
13330,2011-09-08 12:27:00,93,3,1140.93,False,False,False,False,2,3,4,234,9
13332,2011-11-25 13:30:00,15,1,350.90000000000003,False,False,False,False,4,1,2,412,7
13334,2011-09-18 15:21:00,83,3,3502.32,False,False,False,False,2,3,5,235,10
13336,2011-09-23 14:05:00,78,1,795.12,False,False,False,False,2,1,3,213,6
13338,2011-07-05 09:06:00,158,1,487.02,False,False,False,False,2,1,2,212,5
13339,2011-05-23 08:31:00,201,1,860.12,False,False,False,False,1,1,3,113,5
13340,2011-10-25 13:15:00,46,7,10736.48,False,False,True,True,3,5,5,355,13
13341,2011-03-24 09:50:00,261,1,775.85,False,False,False,False,1,1,3,113,5
13343,2011-06-15 12:24:00,178,1,353.43,False,False,False,False,2,1,2,212,5
13344,2011-10-03 09:45:00,68,3,2511.69,False,False,False,False,3,3,5,335,11
13345,2011-02-25 09:01:00,288,1,389.5,False,False,False,False,1,1,2,112,4
13347,2011-09-30 13:28:00,71,1,341.36,False,False,False,False,3,1,2,312,6
13348,2011-10-06 17:28:00,65,1,233.76000000000002,False,False,False,False,3,1,1,311,5
13349,2011-11-29 08:07:00,11,1,247.32,False,False,False,False,5,1,1,511,7
13350,2011-11-23 16:33:00,17,2,979.12,False,False,False,False,4,2,4,424,10
13351,2011-10-04 12:55:00,67,1,373.94,False,False,False,False,3,1,2,312,6
13352,2011-10-10 13:55:00,61,1,397.98,False,False,False,False,3,1,2,312,6
13354,2011-09-29 13:17:00,72,1,743.53,False,False,False,False,3,1,3,313,7
13355,2011-08-09 14:48:00,123,1,674.7,False,False,False,False,2,1,3,213,6
13356,2011-09-20 14:33:00,81,1,768.24,False,False,False,False,2,1,3,213,6
13357,2011-03-27 13:56:00,258,1,609.4,False,False,False,False,1,1,3,113,5
13358,2011-03-16 11:52:00,269,1,439.03000000000003,False,False,False,False,1,1,2,112,4
13359,2011-10-07 09:30:00,64,1,439.56,False,False,False,False,3,1,2,312,6
13362,2011-11-30 14:41:00,10,4,3090.7400000000002,False,False,False,False,5,4,5,545,14
13363,2011-11-22 12:40:00,18,2,992.5,False,False,False,False,4,2,4,424,10
13364,2011-09-29 18:13:00,72,1,134.96,False,False,False,False,3,1,1,311,5
13365,2011-11-06 12:36:00,34,2,2225.37,False,False,False,False,3,2,5,325,10
13366,2011-10-20 13:37:00,51,1,56.16,False,False,False,False,3,1,1,311,5
13368,2011-03-28 09:59:00,257,2,623.4,False,False,False,False,1,2,3,123,6
13369,2010-12-09 11:30:00,366,1,308.28000000000003,True,False,False,True,1,1,2,112,4
13370,2010-12-03 10:26:00,372,1,754.87,True,False,False,True,1,1,3,113,5
13372,2011-09-11 12:46:00,90,1,378.64,False,False,False,False,2,1,2,212,5
13373,2011-10-10 10:51:00,61,3,3312.25,False,False,False,False,3,3,5,335,11
13375,2011-09-12 10:19:00,89,1,778.65,False,False,False,False,2,1,3,213,6
13376,2011-09-01 16:16:00,100,3,1019.76,False,False,False,False,2,3,4,234,9
13379,2011-11-13 13:45:00,27,3,572.56,False,False,False,False,4,3,3,433,10
13381,2011-11-08 11:58:00,32,6,3639.31,False,False,False,False,4,5,5,455,14
13382,2011-03-04 10:03:00,281,1,222.99,False,False,False,False,1,1,1,111,3
13384,2011-11-09 11:04:00,31,7,4151.93,False,False,True,True,4,5,5,455,14
13385,2011-01-14 09:52:00,330,1,534.57,True,False,False,True,1,1,3,113,5
13388,2011-07-31 12:52:00,132,2,677.1,False,False,False,False,2,2,3,223,7
13389,2011-11-28 14:01:00,12,3,797.96,False,False,False,False,5,3,3,533,11
13390,2011-09-26 08:38:00,75,1,544.08,False,False,False,False,2,1,3,213,6
13391,2011-05-20 10:50:00,204,1,59.8,False,False,False,False,1,1,1,111,3
13394,2011-12-08 11:36:00,2,8,2520.02,False,False,False,False,5,5,5,555,15
13395,2011-06-07 15:04:00,186,1,307.72,False,False,False,False,1,1,2,112,4
13396,2011-11-10 16:59:00,30,2,1360.99,False,False,False,False,4,2,4,424,10
13397,2011-09-28 10:56:00,73,5,1544.13,False,False,False,False,2,4,4,244,10
13398,2011-05-31 13:17:00,193,1,457.34000000000003,False,False,False,False,1,1,2,112,4
13402,2011-08-04 15:51:00,128,2,621.23,False,False,False,False,2,2,3,223,7
13403,2011-11-22 08:28:00,18,1,75.0,False,False,False,False,4,1,1,411,6
13404,2011-12-08 15:37:00,2,2,252.49,False,False,False,False,5,2,2,522,9
13405,2011-09-26 17:01:00,75,3,572.451,False,False,False,False,2,3,3,233,8
13408,2011-12-08 09:05:00,2,62,28117.04,False,True,True,True,5,5,5,555,15
13410,2011-11-15 15:33:00,25,5,1003.06,False,False,False,False,4,4,4,444,12
13411,2011-08-24 13:57:00,108,1,213.55,False,False,False,False,2,1,1,211,4
13414,2011-07-29 11:45:00,134,3,1390.5,False,False,False,False,2,3,4,234,9
13416,2011-10-27 08:56:00,44,2,712.5,False,False,False,False,3,2,3,323,8
13417,2011-12-05 08:49:00,5,2,640.83,False,False,False,False,5,2,3,523,10
13418,2011-11-28 10:23:00,12,18,6127.43,False,True,True,True,5,5,5,555,15
13419,2011-10-07 12:49:00,64,1,221.06,False,False,False,False,3,1,1,311,5
13420,2011-07-13 08:48:00,150,2,159.85,False,False,False,False,2,2,1,221,5
13421,2011-10-30 14:21:00,41,2,1833.71,False,False,False,False,3,2,4,324,9
13422,2011-10-06 13:42:00,65,1,2626.3,False,False,False,False,3,1,5,315,9
13425,2011-08-23 17:13:00,109,3,1624.21,False,False,False,False,2,3,4,234,9
13426,2011-12-09 08:59:00,1,10,3641.32,False,False,False,False,5,5,5,555,15
13427,2011-11-20 13:02:00,20,3,582.6,False,False,False,False,4,3,3,433,10
13428,2011-11-29 14:20:00,11,1,201.78,False,False,False,False,5,1,1,511,7
13429,2011-11-29 09:10:00,11,4,1006.8,False,False,False,False,5,4,4,544,13
13430,2011-11-21 08:19:00,19,2,679.45,False,False,False,False,4,2,3,423,9
13431,2011-10-03 13:49:00,68,2,1269.1,False,False,False,False,3,2,4,324,9
13434,2011-09-26 14:30:00,75,2,534.24,False,False,False,False,2,2,3,223,7
13435,2011-12-04 14:45:00,6,7,3809.89,False,False,True,True,5,5,5,555,15
13436,2011-12-08 10:33:00,2,1,196.89,False,False,False,False,5,1,1,511,7
13437,2011-11-25 14:00:00,15,7,3408.06,False,False,False,False,4,5,5,455,14
13439,2011-03-29 14:20:00,256,1,283.71,False,False,False,False,1,1,2,112,4
13441,2011-09-09 09:38:00,92,1,296.64,False,False,False,False,2,1,2,212,5
13447,2011-11-16 13:38:00,24,3,1129.14,False,False,False,False,4,3,4,434,11
13448,2011-11-23 12:33:00,17,6,3534.69,False,False,False,False,4,5,5,455,14
13449,2011-11-16 08:28:00,24,1,291.88,False,False,False,False,4,1,2,412,7
13450,2011-11-13 11:54:00,27,6,2043.72,False,False,False,False,4,5,4,454,13
13451,2011-11-13 15:58:00,27,5,2898.2599999999998,False,False,False,False,4,4,5,445,13
13452,2011-03-25 14:19:00,260,2,590.0,False,False,False,False,1,2,3,123,6
13453,2011-06-27 09:34:00,166,2,356.98,False,False,False,False,2,2,2,222,6
13455,2011-11-15 11:21:00,25,2,1058.34,False,False,False,False,4,2,4,424,10
13456,2011-11-22 09:18:00,18,6,1766.72,False,False,False,False,4,5,4,454,13
13458,2011-12-02 15:29:00,8,14,9646.57,False,True,True,True,5,5,5,555,15
13460,2011-11-10 17:17:00,30,2,183.44,False,False,False,False,4,2,1,421,7
13461,2011-11-01 09:01:00,39,3,1445.0,False,False,False,False,3,3,4,334,10
13462,2011-04-01 11:20:00,253,1,151.5,False,False,False,False,1,1,1,111,3
13464,2011-10-12 15:01:00,59,1,674.68,False,False,False,False,3,1,3,313,7
13466,2011-06-08 16:39:00,185,1,307.90000000000003,False,False,False,False,1,1,2,112,4
13467,2011-11-29 10:01:00,11,2,1071.91,False,False,False,False,5,2,4,524,11
13468,2011-12-08 10:39:00,2,37,5704.97,False,True,True,True,5,5,5,555,15
13470,2011-09-01 14:57:00,100,2,165.0,False,False,False,False,2,2,1,221,5
13471,2011-12-08 15:44:00,2,4,2501.84,False,False,False,False,5,4,5,545,14
13473,2011-10-10 11:20:00,61,2,422.64,False,False,False,False,3,2,2,322,7
13474,2011-04-17 13:53:00,237,1,226.84,False,False,False,False,1,1,1,111,3
13475,2011-06-01 13:52:00,192,4,1431.78,False,False,False,False,1,4,4,144,9
13476,2011-06-14 12:00:00,179,2,1238.47,False,False,False,False,2,2,4,224,8
13477,2011-11-02 12:04:00,38,6,1454.58,False,False,False,False,3,5,4,354,12
13479,2011-05-23 10:45:00,201,2,300.95,False,False,False,False,1,2,2,122,5
13481,2011-10-25 09:07:00,46,5,1804.56,False,False,False,False,3,4,4,344,11
13482,2011-04-21 17:03:00,233,1,184.64000000000001,False,False,False,False,1,1,1,111,3
13483,2011-10-05 11:53:00,66,1,140.34,False,False,False,False,3,1,1,311,5
13484,2011-04-12 16:30:00,242,1,313.8,False,False,False,False,1,1,2,112,4
13485,2011-04-20 13:58:00,234,1,454.24,False,False,False,False,1,1,2,112,4
13486,2011-09-22 13:13:00,79,3,1122.41,False,False,False,False,2,3,4,234,9
13487,2011-10-13 12:07:00,58,3,575.4,False,False,False,False,3,3,3,333,9
13488,2011-11-22 14:41:00,18,13,8968.31,False,True,True,True,4,5,5,455,14
13489,2011-08-26 13:16:00,106,4,449.52,False,False,False,False,2,4,2,242,8
13491,2011-10-19 08:32:00,52,10,1215.82,False,False,False,False,3,5,4,354,12
13492,2011-07-26 14:25:00,137,3,1269.84,False,False,False,False,2,3,4,234,9
13493,2011-03-09 15:35:00,276,2,618.63,False,False,False,False,1,2,3,123,6
13494,2011-02-01 11:58:00,312,1,316.26000000000005,False,False,False,False,1,1,2,112,4
13495,2011-12-02 11:21:00,8,5,2044.8700000000001,False,False,False,False,5,4,4,544,13
13496,2011-11-29 10:58:00,11,2,653.33,False,False,False,False,5,2,3,523,10
13497,2011-03-02 09:04:00,283,2,348.05,False,False,False,False,1,2,2,122,5
13499,2011-11-22 11:21:00,18,5,1159.1100000000001,False,False,False,False,4,4,4,444,12
13500,2011-11-16 15:35:00,24,3,1166.77,False,False,False,False,4,3,4,434,11
13501,2011-02-24 18:59:00,289,1,1340.32,False,False,False,False,1,1,4,114,6
13502,2011-11-23 10:39:00,17,3,292.0,False,False,False,False,4,3,2,432,9
13503,2011-09-29 13:23:00,72,1,216.85,False,False,False,False,3,1,1,311,5
13504,2011-10-06 13:20:00,65,1,295.93,False,False,False,False,3,1,2,312,6
13505,2011-09-28 11:56:00,73,4,4393.63,False,False,True,True,2,4,5,245,11
13506,2011-01-27 13:53:00,317,2,458.52,False,False,False,False,1,2,2,122,5
13507,2011-12-06 13:13:00,4,4,2479.16,False,False,False,False,5,4,5,545,14
13508,2011-04-10 11:58:00,244,1,110.97,False,False,False,False,1,1,1,111,3
13509,2011-12-01 10:10:00,9,7,979.72,False,False,False,False,5,5,4,554,14
13510,2011-12-08 13:46:00,2,4,1791.56,False,False,False,False,5,4,4,544,13
13512,2011-03-24 10:03:00,261,1,251.21,False,False,False,False,1,1,2,112,4
13513,2011-08-05 11:50:00,127,1,205.1,False,False,False,False,2,1,1,211,4
13514,2011-09-27 09:39:00,74,1,152.20000000000002,False,False,False,False,2,1,1,211,4
13515,2011-09-28 11:26:00,73,4,891.12,False,False,False,False,2,4,3,243,9
13516,2011-11-18 13:15:00,22,3,1389.41,False,False,False,False,4,3,4,434,11
13517,2011-10-11 11:43:00,60,3,2128.42,False,False,False,False,3,3,5,335,11
13518,2011-09-15 10:29:00,86,1,627.16,False,False,False,False,2,1,3,213,6
13519,2011-09-22 18:24:00,79,1,122.75,False,False,False,False,2,1,1,211,4
13520,2011-10-12 10:20:00,59,6,3624.35,False,False,False,False,3,5,5,355,13
13521,2011-12-08 13:50:00,2,3,1071.73,False,False,False,False,5,3,4,534,12
13522,2011-11-09 15:11:00,31,1,125.80000000000001,False,False,False,False,4,1,1,411,6
13523,2011-11-06 15:11:00,34,5,3964.88,False,False,True,True,3,4,5,345,12
13524,2011-10-30 12:34:00,41,5,680.1800000000001,False,False,False,False,3,4,3,343,10
13525,2011-11-25 12:01:00,15,2,628.78,False,False,False,False,4,2,3,423,9
13527,2011-11-06 12:04:00,34,7,2242.36,False,False,False,False,3,5,5,355,13
13529,2011-09-22 09:15:00,79,2,307.76,False,False,False,False,2,2,2,222,6
13531,2011-05-18 16:56:00,206,2,483.8,False,False,False,False,1,2,2,122,5
13532,2011-11-06 12:25:00,34,1,210.31,False,False,False,False,3,1,1,311,5
13533,2011-06-10 11:54:00,183,3,269.09,False,False,False,False,1,3,2,132,6
13534,2011-12-07 14:52:00,3,25,5870.08,False,True,True,True,5,5,5,555,15
13536,2011-12-08 16:38:00,2,7,3444.39,False,False,False,False,5,5,5,555,15
13538,2011-10-27 16:34:00,44,7,1280.85,False,False,False,False,3,5,4,354,12
13539,2011-09-15 10:18:00,86,3,631.34,False,False,False,False,2,3,3,233,8
13544,2011-10-31 11:57:00,40,2,276.06,False,False,False,False,3,2,2,322,7
13546,2011-11-27 14:50:00,13,3,621.09,False,False,False,False,5,3,3,533,11
13548,2011-09-04 14:50:00,97,2,678.16,False,False,False,False,2,2,3,223,7
13549,2011-11-14 09:20:00,26,7,918.2,False,False,False,False,4,5,3,453,12
13551,2011-01-24 14:46:00,320,1,91.80000000000001,False,False,False,False,1,1,1,111,3
13552,2011-10-04 15:19:00,67,12,3740.07,False,True,True,True,3,5,5,355,13
13555,2011-09-27 12:36:00,74,4,4098.88,False,False,True,True,2,4,5,245,11
13557,2011-11-11 15:24:00,29,2,584.0600000000001,False,False,False,False,4,2,3,423,9
13558,2011-12-04 11:24:00,6,4,594.52,False,False,False,False,5,4,3,543,12
13560,2011-12-02 13:11:00,8,1,171.42000000000002,False,False,False,False,5,1,1,511,7
13561,2011-05-08 12:39:00,216,1,141.85999999999999,False,False,False,False,1,1,1,111,3
13562,2011-09-19 10:51:00,82,3,1799.3300000000002,False,False,False,False,2,3,4,234,9
13563,2011-09-16 14:45:00,85,2,777.53,False,False,False,False,2,2,3,223,7
13564,2011-07-18 14:33:00,145,3,1724.67,False,False,False,False,2,3,4,234,9
13565,2011-11-20 14:33:00,20,2,240.22,False,False,False,False,4,2,1,421,7
13566,2011-10-30 11:59:00,41,2,856.84,False,False,False,False,3,2,3,323,8
13568,2011-06-19 14:42:00,174,1,187.05,False,False,False,False,2,1,1,211,4
13569,2011-11-22 13:07:00,18,2,338.62,False,False,False,False,4,2,2,422,8
13570,2011-04-10 13:36:00,244,1,239.49,False,False,False,False,1,1,1,111,3
13571,2011-11-27 10:47:00,13,12,2088.94,False,True,False,True,5,5,5,555,15
13572,2011-05-18 11:59:00,206,1,1384.25,False,False,False,False,1,1,4,114,6
13573,2011-10-20 14:33:00,51,2,290.25,False,False,False,False,3,2,2,322,7
13575,2011-11-16 13:14:00,24,5,732.07,False,False,False,False,4,4,3,443,11
13576,2011-11-29 15:34:00,11,18,6717.34,False,True,True,True,5,5,5,555,15
13577,2011-11-14 15:19:00,26,4,1687.6000000000001,False,False,False,False,4,4,4,444,12
13579,2011-11-25 08:41:00,15,2,467.04,False,False,False,False,4,2,2,422,8
13581,2011-02-03 14:41:00,310,1,118.0,False,False,False,False,1,1,1,111,3
13583,2011-07-07 10:40:00,156,1,781.03,False,False,False,False,2,1,3,213,6
13584,2011-02-06 12:49:00,307,1,142.4,False,False,False,False,1,1,1,111,3
13587,2011-10-07 12:31:00,64,1,712.4,False,False,False,False,3,1,3,313,7
13588,2011-11-24 10:42:00,16,9,2478.95,False,False,False,False,4,5,5,455,14
13589,2011-11-25 12:10:00,15,2,379.65,False,False,False,False,4,2,2,422,8
13590,2011-11-28 12:54:00,12,6,1981.92,False,False,False,False,5,5,4,554,14
13591,2011-10-06 12:26:00,65,3,1117.13,False,False,False,False,3,3,4,334,10
13592,2011-11-04 09:49:00,36,4,247.95999999999998,False,False,False,False,3,4,1,341,8
13593,2011-08-23 13:35:00,109,5,2011.88,False,False,False,False,2,4,4,244,10
13594,2011-10-18 10:19:00,53,1,396.97,False,False,False,False,3,1,2,312,6
13596,2011-12-04 12:01:00,6,2,664.11,False,False,False,False,5,2,3,523,10
13598,2011-10-23 14:28:00,48,1,160.04,False,False,False,False,3,1,1,311,5
13599,2011-12-08 16:10:00,2,21,5149.92,False,True,True,True,5,5,5,555,15
13600,2011-01-31 15:27:00,313,1,219.52,False,False,False,False,1,1,1,111,3
13601,2011-10-25 17:31:00,46,2,693.32,False,False,False,False,3,2,3,323,8
13602,2011-10-06 11:47:00,65,1,428.89,False,False,False,False,3,1,2,312,6
13603,2011-11-13 15:57:00,27,1,164.34,False,False,False,False,4,1,1,411,6
13606,2011-11-10 17:46:00,30,3,276.75,False,False,False,False,4,3,2,432,9
13607,2011-10-30 16:17:00,41,1,675.51,False,False,False,False,3,1,3,313,7
13610,2011-11-27 15:38:00,13,7,1082.33,False,False,False,False,5,5,4,554,14
13611,2011-09-11 14:51:00,90,3,1154.4,False,False,False,False,2,3,4,234,9
13614,2011-11-15 14:47:00,25,4,1585.46,False,False,False,False,4,4,4,444,12
13615,2011-01-25 08:21:00,319,1,417.69,False,False,False,False,1,1,2,112,4
13617,2011-10-30 13:50:00,41,3,544.18,False,False,False,False,3,3,3,333,9
13618,2011-06-19 11:09:00,174,1,177.34,False,False,False,False,2,1,1,211,4
13621,2011-08-15 08:26:00,117,1,213.85,False,False,False,False,2,1,1,211,4
13623,2011-11-09 12:00:00,31,5,727.74,False,False,False,False,4,4,3,443,11
13626,2011-04-01 10:05:00,253,1,257.23,False,False,False,False,1,1,2,112,4
13627,2011-10-11 14:20:00,60,5,1638.47,False,False,False,False,3,4,4,344,11
13629,2011-11-16 13:21:00,24,11,7792.36,False,False,True,True,4,5,5,455,14
13630,2011-12-04 15:16:00,6,7,2031.78,False,False,False,False,5,5,4,554,14
13631,2011-09-01 09:57:00,100,11,3070.42,False,False,False,False,2,5,5,255,12
13632,2011-11-15 10:51:00,25,5,2118.93,False,False,False,False,4,4,5,445,13
13634,2011-11-06 13:40:00,34,5,1547.3600000000001,False,False,False,False,3,4,4,344,11
13635,2011-10-03 10:55:00,68,1,1071.03,False,False,False,False,3,1,4,314,8
13636,2011-11-03 10:30:00,37,5,949.12,False,False,False,False,3,4,4,344,11
13637,2011-10-18 13:32:00,53,3,804.3,False,False,False,False,3,3,3,333,9
13638,2011-11-24 10:38:00,16,1,122.64,False,False,False,False,4,1,1,411,6
13639,2011-09-26 13:36:00,75,1,1033.34,False,False,False,False,2,1,4,214,7
13642,2011-05-08 12:34:00,216,1,312.28,False,False,False,False,1,1,2,112,4
13643,2011-11-08 15:37:00,32,3,519.44,False,False,False,False,4,3,3,433,10
13644,2011-11-23 14:07:00,17,4,2624.26,False,False,False,False,4,4,5,445,13
13645,2011-08-11 16:11:00,121,1,252.1,False,False,False,False,2,1,2,212,5
13647,2011-11-30 12:00:00,10,4,1648.1200000000001,False,False,False,False,5,4,4,544,13
13649,2011-03-28 11:51:00,257,2,346.6,False,False,False,False,1,2,2,122,5
13650,2011-11-23 12:22:00,17,6,1836.3400000000001,False,False,False,False,4,5,4,454,13
13651,2011-11-04 14:59:00,36,2,94.2,False,False,False,False,3,2,1,321,6
13652,2011-10-25 08:51:00,46,3,1095.08,False,False,False,False,3,3,4,334,10
13654,2011-10-27 16:24:00,44,6,2707.33,False,False,False,False,3,5,5,355,13
13655,2011-08-17 14:25:00,115,2,932.97,False,False,False,False,2,2,3,223,7
13656,2011-06-28 10:31:00,165,2,379.65,False,False,False,False,2,2,2,222,6
13657,2011-11-29 12:32:00,11,2,382.14,False,False,False,False,5,2,2,522,9
13658,2011-11-30 10:13:00,10,5,2639.17,False,False,False,False,5,4,5,545,14
13659,2011-05-18 12:37:00,206,2,1563.0,False,False,False,False,1,2,4,124,7
13662,2011-09-15 12:04:00,86,3,881.26,False,False,False,False,2,3,3,233,8
13663,2011-06-13 15:44:00,180,1,189.47,False,False,False,False,1,1,1,111,3
13666,2011-10-10 15:39:00,61,3,84.65,False,False,False,False,3,3,1,331,7
13667,2011-07-13 15:42:00,150,1,299.05,False,False,False,False,2,1,2,212,5
13668,2011-12-07 12:11:00,3,21,6309.83,False,True,True,True,5,5,5,555,15
13669,2011-10-20 09:32:00,51,2,218.55,False,False,False,False,3,2,1,321,6
13670,2011-09-25 15:25:00,76,1,349.7,False,False,False,False,2,1,2,212,5
13672,2011-02-11 13:53:00,302,2,186.39000000000001,False,False,False,False,1,2,1,121,4
13673,2011-11-21 12:11:00,19,2,387.44,False,False,False,False,4,2,2,422,8
13675,2011-07-11 12:57:00,152,2,486.82000000000005,False,False,False,False,2,2,2,222,6
13678,2011-07-11 10:14:00,152,1,232.6,False,False,False,False,2,1,1,211,4
13680,2011-12-08 13:47:00,2,4,3719.12,False,False,True,True,5,4,5,545,14
13681,2011-11-22 11:13:00,18,4,827.83,False,False,False,False,4,4,3,443,11
13682,2011-06-05 14:06:00,188,1,59.5,False,False,False,False,1,1,1,111,3
13684,2011-02-27 10:13:00,286,1,65.13,False,False,False,False,1,1,1,111,3
13685,2011-12-07 11:41:00,3,7,3119.44,False,False,False,False,5,5,5,555,15
13686,2011-06-10 09:10:00,183,1,72.0,False,False,False,False,1,1,1,111,3
13689,2011-10-07 13:21:00,64,1,910.0,False,False,False,False,3,1,3,313,7
13690,2011-10-11 15:03:00,60,1,172.25,False,False,False,False,3,1,1,311,5
13692,2011-11-15 11:17:00,25,3,1488.32,False,False,False,False,4,3,4,434,11
13694,2011-12-06 09:32:00,4,50,65039.62,False,True,True,True,5,5,5,555,15
13695,2011-11-08 14:26:00,32,15,2504.13,False,True,False,True,4,5,5,455,14
13697,2011-11-01 09:14:00,39,1,151.3,False,False,False,False,3,1,1,311,5
13699,2011-07-07 16:51:00,156,1,308.58000000000004,False,False,False,False,2,1,2,212,5
13700,2011-11-13 13:00:00,27,10,2248.63,False,False,False,False,4,5,5,455,14
13703,2011-01-25 13:10:00,319,1,99.5,False,False,False,False,1,1,1,111,3
13704,2011-12-04 15:13:00,6,9,2308.06,False,False,False,False,5,5,5,555,15
13705,2011-12-02 12:32:00,8,3,711.86,False,False,False,False,5,3,3,533,11
13706,2011-02-10 09:21:00,303,1,330.79,False,False,False,False,1,1,2,112,4
13707,2011-03-17 18:03:00,268,2,806.41,False,False,False,False,1,2,3,123,6
13708,2011-03-13 13:46:00,272,1,285.33,False,False,False,False,1,1,2,112,4
13709,2011-12-06 10:28:00,4,13,6307.650000000001,False,True,True,True,5,5,5,555,15
13710,2011-11-08 08:16:00,32,1,180.48,False,False,False,False,4,1,1,411,6
13711,2011-05-05 10:31:00,219,2,252.06,False,False,False,False,1,2,2,122,5
13712,2011-04-07 12:33:00,247,1,228.84,False,False,False,False,1,1,1,111,3
13715,2011-03-03 19:21:00,282,5,1077.39,False,False,False,False,1,4,4,144,9
13716,2011-03-15 13:49:00,270,1,138.28,False,False,False,False,1,1,1,111,3
13717,2011-11-07 14:13:00,33,6,1445.01,False,False,False,False,4,5,4,454,13
13718,2011-04-07 13:24:00,247,2,306.55,False,False,False,False,1,2,2,122,5
13719,2011-11-24 15:26:00,16,5,1041.68,False,False,False,False,4,4,4,444,12
13720,2011-08-15 12:46:00,117,4,799.9,False,False,False,False,2,4,3,243,9
13721,2011-11-03 14:05:00,37,1,524.14,False,False,False,False,3,1,3,313,7
13722,2011-07-31 12:44:00,132,3,2375.41,False,False,False,False,2,3,5,235,10
13723,2011-05-06 17:04:00,218,1,199.85000000000002,False,False,False,False,1,1,1,111,3
13725,2011-10-21 10:03:00,50,8,1980.56,False,False,False,False,3,5,4,354,12
13726,2011-11-01 10:49:00,39,2,1079.66,False,False,False,False,3,2,4,324,9
13727,2011-11-11 09:46:00,29,2,333.48,False,False,False,False,4,2,2,422,8
13728,2011-11-03 10:49:00,37,6,1016.14,False,False,False,False,3,5,4,354,12
13730,2011-07-27 08:35:00,136,2,752.6,False,False,False,False,2,2,3,223,7
13731,2011-05-04 14:33:00,220,2,610.59,False,False,False,False,1,2,3,123,6
13732,2011-11-11 15:49:00,29,1,491.86,False,False,False,False,4,1,3,413,8
13735,2011-11-15 11:14:00,25,4,2883.54,False,False,False,False,4,4,5,445,13
13736,2011-12-04 15:19:00,6,2,729.8,False,False,False,False,5,2,3,523,10
13737,2011-05-23 16:32:00,201,1,339.6,False,False,False,False,1,1,2,112,4
13739,2011-11-21 13:35:00,19,1,216.9,False,False,False,False,4,1,1,411,6
13740,2011-04-13 10:32:00,241,1,350.75,False,False,False,False,1,1,2,112,4
13741,2011-09-29 09:19:00,72,3,668.4300000000001,False,False,False,False,3,3,3,333,9
13742,2011-11-23 11:07:00,17,12,3107.87,False,True,False,True,4,5,5,455,14
13743,2011-12-07 10:09:00,3,7,1341.6,False,False,False,False,5,5,4,554,14
13744,2011-09-05 15:19:00,96,2,1080.52,False,False,False,False,2,2,4,224,8
13745,2011-06-30 16:43:00,163,1,300.04,False,False,False,False,2,1,2,212,5
13747,2010-12-01 10:37:00,374,1,79.6,True,False,False,True,1,1,1,111,3
13748,2011-09-05 09:45:00,96,5,948.25,False,False,False,False,2,4,4,244,10
13750,2011-10-17 12:16:00,54,5,1647.26,False,False,False,False,3,4,4,344,11
13751,2011-02-24 15:56:00,289,1,296.25,False,False,False,False,1,1,2,112,4
13752,2011-08-07 14:16:00,125,6,1175.38,False,False,False,False,2,5,4,254,11
13753,2011-02-25 12:48:00,288,1,741.26,False,False,False,False,1,1,3,113,5
13754,2011-07-11 11:51:00,152,2,282.6,False,False,False,False,2,2,2,222,6
13755,2011-12-06 12:26:00,4,9,2108.06,False,False,False,False,5,5,5,555,15
13756,2011-12-07 16:44:00,3,14,5189.52,False,True,True,True,5,5,5,555,15
13758,2011-11-28 11:11:00,12,7,3190.55,False,False,False,False,5,5,5,555,15
13759,2011-11-06 14:47:00,34,2,659.4100000000001,False,False,False,False,3,2,3,323,8
13760,2011-10-16 16:13:00,55,2,286.79,False,False,False,False,3,2,2,322,7
13761,2011-10-20 14:01:00,51,2,1070.65,False,False,False,False,3,2,4,324,9
13762,2011-05-05 09:15:00,219,1,306.72,False,False,False,False,1,1,2,112,4
13763,2011-10-07 15:13:00,64,1,1714.96,False,False,False,False,3,1,4,314,8
13764,2011-09-30 12:03:00,71,3,1519.42,False,False,False,False,3,3,4,334,10
13767,2011-12-07 15:00:00,3,37,17220.36,False,True,True,True,5,5,5,555,15
13769,2011-12-07 15:08:00,3,10,2796.51,False,False,False,False,5,5,5,555,15
13771,2011-10-06 14:18:00,65,4,2634.45,False,False,False,False,3,4,5,345,12
13772,2011-11-06 11:43:00,34,3,1122.63,False,False,False,False,3,3,4,334,10
13774,2011-09-19 12:06:00,82,1,345.0,False,False,False,False,2,1,2,212,5
13777,2011-12-09 12:25:00,1,33,25977.16,False,True,True,True,5,5,5,555,15
13778,2011-08-28 15:25:00,104,1,178.7,False,False,False,False,2,1,1,211,4
13780,2011-12-02 13:49:00,8,2,360.01,False,False,False,False,5,2,2,522,9
13781,2011-04-03 12:08:00,251,1,127.84,False,False,False,False,1,1,1,111,3
13782,2011-11-27 11:54:00,13,6,908.86,False,False,False,False,5,5,3,553,13
13784,2011-11-30 09:33:00,10,11,2462.79,False,False,False,False,5,5,5,555,15
13786,2010-12-07 13:53:00,368,1,230.4,True,False,False,True,1,1,1,111,3
13787,2011-09-25 12:06:00,76,2,309.04,False,False,False,False,2,2,2,222,6
13790,2011-12-05 15:48:00,5,1,348.79999999999995,False,False,False,False,5,1,2,512,8
13791,2011-08-04 11:44:00,128,2,1516.0,False,False,False,False,2,2,4,224,8
13792,2011-10-04 14:31:00,67,2,195.55,False,False,False,False,3,2,1,321,6
13798,2011-12-08 15:51:00,2,57,37153.85,False,True,True,True,5,5,5,555,15
13799,2011-08-15 12:07:00,117,2,688.86,False,False,False,False,2,2,3,223,7
13800,2011-02-03 12:27:00,310,1,558.32,False,False,False,False,1,1,3,113,5
13801,2011-10-04 10:15:00,67,1,324.8,False,False,False,False,3,1,2,312,6
13802,2011-07-24 10:54:00,139,3,4599.42,False,False,True,True,2,3,5,235,10
13803,2011-03-29 12:57:00,256,1,277.07,False,False,False,False,1,1,2,112,4
13804,2011-11-09 12:32:00,31,7,2588.39,False,False,False,False,4,5,5,455,14
13805,2011-10-18 14:50:00,53,2,924.5999999999999,False,False,False,False,3,2,3,323,8
13806,2011-10-07 11:43:00,64,1,256.38,False,False,False,False,3,1,2,312,6
13807,2010-12-07 15:48:00,368,1,112.6,True,False,False,True,1,1,1,111,3
13808,2011-12-04 12:18:00,6,5,1747.66,False,False,False,False,5,4,4,544,13
13809,2011-02-07 13:15:00,306,1,155.05,False,False,False,False,1,1,1,111,3
13810,2011-11-11 08:33:00,29,3,1499.01,False,False,False,False,4,3,4,434,11
13811,2011-06-09 09:54:00,184,3,814.5,False,False,False,False,1,3,3,133,7
13812,2011-10-28 14:27:00,43,3,539.0,False,False,False,False,3,3,3,333,9
13813,2011-10-31 10:38:00,40,4,1366.8600000000001,False,False,False,False,3,4,4,344,11
13814,2011-09-08 13:48:00,93,2,1579.12,False,False,False,False,2,2,4,224,8
13815,2011-11-17 14:19:00,23,4,4027.36,False,False,True,True,4,4,5,445,13
13816,2011-11-16 08:38:00,24,2,571.6700000000001,False,False,False,False,4,2,3,423,9
13817,2011-11-10 17:49:00,30,2,382.98,False,False,False,False,4,2,2,422,8
13819,2011-02-11 10:38:00,302,3,1140.35,False,False,False,False,1,3,4,134,8
13821,2011-07-18 09:49:00,145,2,385.64,False,False,False,False,2,2,2,222,6
13822,2011-12-04 12:13:00,6,2,632.0,False,False,False,False,5,2,3,523,10
13823,2011-11-21 10:22:00,19,2,957.66,False,False,False,False,4,2,4,424,10
13824,2011-11-07 12:41:00,33,5,1698.94,False,False,False,False,4,4,4,444,12
13826,2011-06-16 13:48:00,177,1,189.5,False,False,False,False,2,1,1,211,4
13827,2011-10-13 12:38:00,58,3,409.8,False,False,False,False,3,3,2,332,8
13828,2011-11-17 16:02:00,23,1,209.49,False,False,False,False,4,1,1,411,6
13831,2011-11-23 15:41:00,17,6,2198.45,False,False,False,False,4,5,5,455,14
13832,2011-11-20 15:36:00,20,1,52.2,False,False,False,False,4,1,1,411,6
13833,2011-07-03 13:27:00,160,1,383.85,False,False,False,False,2,1,2,212,5
13835,2011-11-14 15:37:00,26,4,834.57,False,False,False,False,4,4,3,443,11
13837,2011-05-12 12:10:00,212,2,266.59000000000003,False,False,False,False,1,2,2,122,5
13838,2011-12-04 11:00:00,6,4,674.82,False,False,False,False,5,4,3,543,12
13841,2011-04-01 12:10:00,253,1,85.0,False,False,False,False,1,1,1,111,3
13842,2011-10-12 10:51:00,59,9,3385.62,False,False,False,False,3,5,5,355,13
13844,2011-11-28 13:21:00,12,1,361.62,False,False,False,False,5,1,2,512,8
13845,2011-10-06 08:25:00,65,1,312.98,False,False,False,False,3,1,2,312,6
13846,2011-11-15 12:07:00,25,3,865.0600000000001,False,False,False,False,4,3,3,433,10
13848,2011-09-08 12:58:00,93,3,1255.0,False,False,False,False,2,3,4,234,9
13849,2011-10-19 10:59:00,52,2,1537.95,False,False,False,False,3,2,4,324,9
13850,2011-08-02 14:04:00,130,1,1595.48,False,False,False,False,2,1,4,214,7
13851,2011-09-05 12:36:00,96,3,2651.46,False,False,False,False,2,3,5,235,10
13853,2011-10-13 14:18:00,58,1,1090.1399999999999,False,False,False,False,3,1,4,314,8
13854,2011-12-01 09:06:00,9,25,8109.5199999999995,False,True,True,True,5,5,5,555,15
13856,2011-06-24 10:03:00,169,3,388.5,False,False,False,False,2,3,2,232,7
13858,2011-10-13 16:17:00,58,1,216.17000000000002,False,False,False,False,3,1,1,311,5
13859,2011-01-17 16:14:00,327,1,201.16,False,False,False,False,1,1,1,111,3
13860,2011-12-08 12:57:00,2,5,1245.9,False,False,False,False,5,4,4,544,13
13862,2011-11-21 16:24:00,19,8,2209.36,False,False,False,False,4,5,5,455,14
13863,2011-04-06 10:20:00,248,1,305.78,False,False,False,False,1,1,2,112,4
13865,2011-10-12 13:31:00,59,4,501.56,False,False,False,False,3,4,3,343,10
13866,2011-09-26 14:54:00,75,1,145.67,False,False,False,False,2,1,1,211,4
13867,2011-11-08 15:48:00,32,3,1005.09,False,False,False,False,4,3,4,434,11
13868,2011-12-02 16:32:00,8,2,3192.54,False,False,False,False,5,2,5,525,12
13869,2011-08-08 13:53:00,124,4,3083.65,False,False,False,False,2,4,5,245,11
13870,2011-12-07 13:23:00,3,8,2770.94,False,False,False,False,5,5,5,555,15
13871,2011-11-17 10:49:00,23,13,6403.25,False,True,True,True,4,5,5,455,14
13873,2011-08-12 10:08:00,120,3,389.6,False,False,False,False,2,3,2,232,7
13874,2010-12-16 18:20:00,359,1,540.45,True,False,False,True,1,1,3,113,5
13875,2011-10-17 09:36:00,54,5,1786.79,False,False,False,False,3,4,4,344,11
13876,2011-10-07 10:22:00,64,1,122.7,False,False,False,False,3,1,1,311,5
13877,2011-09-14 15:49:00,87,1,117.24,False,False,False,False,2,1,1,211,4
13878,2011-10-16 12:19:00,55,1,1271.57,False,False,False,False,3,1,4,314,8
13880,2011-11-18 13:44:00,22,13,3219.77,False,True,False,True,4,5,5,455,14
13881,2011-12-06 12:50:00,4,20,17159.52,False,True,True,True,5,5,5,555,15
13882,2011-12-07 11:16:00,3,5,1191.13,False,False,False,False,5,4,4,544,13
13883,2011-11-29 10:45:00,11,5,2674.48,False,False,False,False,5,4,5,545,14
13884,2011-12-02 16:30:00,8,5,787.6,False,False,False,False,5,4,3,543,12
13885,2011-06-03 15:07:00,190,2,506.8,False,False,False,False,1,2,3,123,6
13886,2011-09-29 13:17:00,72,1,243.56,False,False,False,False,3,1,1,311,5
13887,2011-05-19 17:22:00,205,1,349.55,False,False,False,False,1,1,2,112,4
13888,2011-08-12 10:13:00,120,2,595.67,False,False,False,False,2,2,3,223,7
13889,2011-09-08 09:13:00,93,1,416.90000000000003,False,False,False,False,2,1,2,212,5
13890,2011-12-08 15:36:00,2,10,1883.81,False,False,False,False,5,5,4,554,14
13892,2011-11-13 11:50:00,27,4,632.97,False,False,False,False,4,4,3,443,11
13893,2011-02-15 11:30:00,298,1,821.1,False,False,False,False,1,1,3,113,5
13894,2011-11-16 09:44:00,24,3,564.62,False,False,False,False,4,3,3,433,10
13895,2011-11-11 16:57:00,29,4,2593.07,False,False,False,False,4,4,5,445,13
13897,2011-10-20 14:30:00,51,1,311.16,False,False,False,False,3,1,2,312,6
13898,2011-01-18 10:28:00,326,1,155.93,False,False,False,False,1,1,1,111,3
13899,2011-11-23 13:40:00,17,2,388.52,False,False,False,False,4,2,2,422,8
13900,2011-06-09 19:26:00,184,3,740.95,False,False,False,False,1,3,3,133,7
13901,2011-09-28 14:48:00,73,5,2867.2000000000003,False,False,False,False,2,4,5,245,11
13904,2011-11-02 13:41:00,38,2,332.64,False,False,False,False,3,2,2,322,7
13908,2011-09-21 11:49:00,80,4,2369.55,False,False,False,False,2,4,5,245,11
13911,2011-10-13 15:43:00,58,9,2580.91,False,False,False,False,3,5,5,355,13
13914,2011-11-28 10:35:00,12,2,626.45,False,False,False,False,5,2,3,523,10
13917,2011-10-21 09:56:00,50,2,272.04,False,False,False,False,3,2,2,322,7
13918,2011-10-21 12:25:00,50,2,1212.8400000000001,False,False,False,False,3,2,4,324,9
13919,2011-10-11 14:24:00,60,2,384.81,False,False,False,False,3,2,2,322,7
13922,2010-12-23 10:38:00,352,1,172.25,True,False,False,True,1,1,1,111,3
13923,2011-10-17 12:33:00,54,1,351.13,False,False,False,False,3,1,2,312,6
13924,2011-12-08 09:39:00,2,6,1838.8500000000001,False,False,False,False,5,5,4,554,14
13925,2011-09-08 12:47:00,93,4,678.25,False,False,False,False,2,4,3,243,9
13926,2011-11-16 13:16:00,24,1,223.85000000000002,False,False,False,False,4,1,1,411,6
13927,2011-09-26 12:00:00,75,1,348.99,False,False,False,False,2,1,2,212,5
13928,2011-11-29 10:33:00,11,4,464.57,False,False,False,False,5,4,2,542,11
13929,2011-06-23 15:26:00,170,2,842.65,False,False,False,False,2,2,3,223,7
13930,2011-10-13 09:45:00,58,2,337.34,False,False,False,False,3,2,2,322,7
13931,2011-09-05 10:12:00,96,2,1237.53,False,False,False,False,2,2,4,224,8
13932,2011-02-18 12:02:00,295,1,307.4,False,False,False,False,1,1,2,112,4
13933,2011-08-22 14:03:00,110,2,608.79,False,False,False,False,2,2,3,223,7
13934,2011-03-21 08:39:00,264,1,922.1,False,False,False,False,1,1,3,113,5
13936,2011-06-13 08:47:00,180,1,376.58,False,False,False,False,1,1,2,112,4
13937,2011-06-23 16:35:00,170,1,158.85,False,False,False,False,2,1,1,211,4
13938,2011-11-04 14:37:00,36,1,71.66,False,False,False,False,3,1,1,311,5
13939,2011-11-16 13:33:00,24,3,568.55,False,False,False,False,4,3,3,433,10
13940,2011-11-22 15:15:00,18,4,839.14,False,False,False,False,4,4,3,443,11
13941,2011-11-18 09:43:00,22,5,5112.96,False,False,True,True,4,4,5,445,13
13946,2011-09-21 13:33:00,80,3,561.57,False,False,False,False,2,3,3,233,8
13947,2011-10-05 14:42:00,66,1,90.60000000000001,False,False,False,False,3,1,1,311,5
13948,2010-12-14 10:18:00,361,1,102.0,True,False,False,True,1,1,1,111,3
13949,2011-12-07 09:35:00,3,6,2427.32,False,False,False,False,5,5,5,555,15
13950,2011-11-28 14:44:00,12,4,745.0600000000001,False,False,False,False,5,4,3,543,12
13951,2011-06-16 16:43:00,177,3,674.45,False,False,False,False,2,3,3,233,8
13952,2011-05-06 09:00:00,218,2,3251.071,False,False,False,False,1,2,5,125,8
13953,2011-12-02 16:04:00,8,7,3515.68,False,False,False,False,5,5,5,555,15
13954,2011-12-08 12:50:00,2,2,439.92,False,False,False,False,5,3,2,532,10
13955,2011-07-08 17:19:00,155,2,322.96,False,False,False,False,2,3,2,232,7
13956,2011-12-04 13:20:00,6,5,1019.27,False,False,False,False,5,4,4,544,13
13959,2011-09-21 15:06:00,80,3,594.04,False,False,False,False,2,3,3,233,8
13960,2011-11-18 15:27:00,22,2,230.22,False,False,False,False,4,3,1,431,8
13962,2011-11-18 08:47:00,22,2,169.54999999999998,False,False,False,False,4,3,1,431,8
13963,2011-02-04 14:43:00,309,4,664.54,False,False,False,False,1,4,3,143,8
13967,2011-07-17 12:02:00,146,1,80.7,False,False,False,False,2,1,1,211,4
13969,2011-12-02 15:11:00,8,18,9024.17,False,True,True,True,5,5,5,555,15
13971,2011-11-21 12:06:00,19,8,2758.26,False,False,False,False,4,5,5,455,14
13972,2011-09-30 11:54:00,71,2,190.25,False,False,False,False,3,3,1,331,7
13973,2011-02-25 15:21:00,288,1,264.7,False,False,False,False,1,1,2,112,4
13974,2011-10-21 14:41:00,50,1,413.59000000000003,False,False,False,False,3,1,2,312,6
13975,2011-11-08 13:19:00,32,6,2461.2400000000002,False,False,False,False,4,5,5,455,14
13976,2011-05-17 09:13:00,207,1,357.98,False,False,False,False,1,1,2,112,4
13978,2011-11-25 11:36:00,15,2,196.79,False,False,False,False,4,3,1,431,8
13979,2011-09-27 13:32:00,74,1,869.87,False,False,False,False,2,1,3,213,6
13980,2011-10-10 13:34:00,61,1,200.14,False,False,False,False,3,1,1,311,5
13982,2011-10-31 16:24:00,40,4,1871.81,False,False,False,False,3,4,4,344,11
13983,2011-11-10 11:06:00,30,12,2603.43,False,True,False,True,4,5,5,455,14
13984,2011-11-13 12:38:00,27,5,920.51,False,False,False,False,4,4,3,443,11
13985,2011-12-05 17:06:00,5,15,7060.13,False,True,True,True,5,5,5,555,15
13986,2011-11-22 15:00:00,18,1,320.46,False,False,False,False,4,1,2,412,7
13988,2011-11-20 10:15:00,20,6,4147.96,False,False,True,True,4,5,5,455,14
13989,2011-10-05 09:47:00,66,2,1266.08,False,False,False,False,3,3,4,334,10
13990,2011-05-10 15:19:00,214,1,311.3,False,False,False,False,1,1,2,112,4
13991,2011-11-27 16:18:00,13,6,852.88,False,False,False,False,5,5,3,553,13
13992,2011-11-09 15:23:00,31,1,76.8,False,False,False,False,4,1,1,411,6
13993,2011-10-28 09:06:00,43,9,3466.36,False,False,False,False,3,5,5,355,13
13994,2011-12-06 11:05:00,4,6,2274.14,False,False,False,False,5,5,5,555,15
13995,2011-11-24 14:22:00,16,5,1393.69,False,False,False,False,4,4,4,444,12
13999,2011-11-29 13:40:00,11,12,3901.81,False,True,True,True,5,5,5,555,15
14000,2011-05-12 16:50:00,212,1,635.66,False,False,False,False,1,1,3,113,5
14001,2011-10-25 10:31:00,46,3,2043.0800000000002,False,False,False,False,3,3,4,334,10
14002,2011-07-28 15:55:00,135,2,529.73,False,False,False,False,2,3,3,233,8
14004,2011-10-27 14:40:00,44,7,4582.64,False,False,True,True,3,5,5,355,13
14005,2011-11-30 12:41:00,10,5,2874.72,False,False,False,False,5,4,5,545,14
14006,2011-08-16 09:39:00,116,3,962.19,False,False,False,False,2,3,4,234,9
14009,2011-05-25 15:47:00,199,2,695.61,False,False,False,False,1,3,3,133,7
14012,2011-03-07 12:26:00,278,1,328.8,False,False,False,False,1,1,2,112,4
14013,2011-08-21 15:01:00,111,3,473.02,False,False,False,False,2,3,2,232,7
14014,2011-09-23 13:18:00,78,1,505.18,False,False,False,False,2,1,3,213,6
14015,2011-10-18 10:02:00,53,1,917.34,False,False,False,False,3,1,3,313,7
14016,2011-07-01 11:29:00,162,4,4341.21,False,False,True,True,2,4,5,245,11
14019,2011-10-24 10:13:00,47,3,1421.6100000000001,False,False,False,False,3,3,4,334,10
14020,2011-11-23 09:22:00,17,2,642.8,False,False,False,False,4,3,3,433,10
14021,2011-07-07 15:46:00,156,3,631.9,False,False,False,False,2,3,3,233,8
14022,2011-04-28 14:39:00,226,1,440.0,False,False,False,False,1,1,2,112,4
14023,2011-12-02 13:58:00,8,2,584.07,False,False,False,False,5,3,3,533,11
14024,2011-08-10 11:30:00,122,2,327.7,False,False,False,False,2,3,2,232,7
14027,2011-10-10 09:01:00,61,1,104.82,False,False,False,False,3,1,1,311,5
14029,2011-10-07 14:46:00,64,2,467.66,False,False,False,False,3,3,2,332,8
14030,2011-11-21 16:48:00,19,8,2358.84,False,False,False,False,4,5,5,455,14
14031,2011-12-02 17:13:00,8,19,17286.86,False,True,True,True,5,5,5,555,15
14032,2011-12-07 15:23:00,3,11,2975.59,False,False,False,False,5,5,5,555,15
14034,2011-11-17 14:02:00,23,3,648.89,False,False,False,False,4,3,3,433,10
14035,2011-11-11 10:03:00,29,5,1428.02,False,False,False,False,4,4,4,444,12
14036,2011-02-28 09:26:00,285,1,626.65,False,False,False,False,1,1,3,113,5
14037,2011-06-16 13:57:00,177,2,147.20000000000002,False,False,False,False,2,3,1,231,6
14038,2011-09-22 13:37:00,79,3,1560.38,False,False,False,False,2,3,4,234,9
14039,2011-11-06 13:48:00,34,1,152.2,False,False,False,False,3,1,1,311,5
14040,2011-10-30 12:42:00,41,12,3560.32,False,True,False,True,3,5,5,355,13
14041,2011-03-18 13:25:00,267,1,141.41,False,False,False,False,1,1,1,111,3
14044,2011-11-13 12:05:00,27,4,646.42,False,False,False,False,4,4,3,443,11
14045,2011-08-22 15:27:00,110,4,1659.75,False,False,False,False,2,4,4,244,10
14046,2011-02-28 14:48:00,285,1,154.99,False,False,False,False,1,1,1,111,3
14047,2011-12-01 11:43:00,9,5,1308.6100000000001,False,False,False,False,5,4,4,544,13
14048,2011-02-07 14:53:00,306,1,409.93,False,False,False,False,1,1,2,112,4
14049,2011-11-23 12:20:00,17,4,5578.72,False,False,True,True,4,4,5,445,13
14050,2011-11-08 10:00:00,32,2,746.36,False,False,False,False,4,3,3,433,10
14051,2011-12-09 10:20:00,1,23,15610.390000000001,False,True,True,True,5,5,5,555,15
14052,2011-11-20 12:30:00,20,1,225.35999999999999,False,False,False,False,4,1,1,411,6
14053,2011-08-07 14:27:00,125,2,260.25,False,False,False,False,2,3,2,232,7
14054,2011-10-05 15:49:00,66,1,92.46000000000001,False,False,False,False,3,1,1,311,5
14055,2011-08-25 15:04:00,107,1,725.6400000000001,False,False,False,False,2,1,3,213,6
14056,2011-12-08 13:36:00,2,23,8152.71,False,True,True,True,5,5,5,555,15
14057,2011-11-16 10:32:00,24,17,6211.66,False,True,True,True,4,5,5,455,14
14059,2011-03-18 10:06:00,267,1,183.6,False,False,False,False,1,1,1,111,3
14060,2011-12-05 12:29:00,5,19,6140.42,False,True,True,True,5,5,5,555,15
14062,2011-11-30 10:04:00,10,12,10464.85,False,True,True,True,5,5,5,555,15
14064,2011-11-10 13:14:00,30,5,1334.34,False,False,False,False,4,4,4,444,12
14066,2011-03-18 12:21:00,267,1,152.55,False,False,False,False,1,1,1,111,3
14067,2011-10-07 10:21:00,64,2,374.7,False,False,False,False,3,3,2,332,8
14068,2011-01-23 16:02:00,321,1,265.85,False,False,False,False,1,1,2,112,4
14071,2011-12-06 12:27:00,4,8,1437.57,False,False,False,False,5,5,4,554,14
14073,2011-11-07 15:49:00,33,1,151.04,False,False,False,False,4,1,1,411,6
14075,2011-12-05 08:38:00,5,3,942.26,False,False,False,False,5,3,4,534,12
14076,2011-08-02 15:19:00,130,1,118.67,False,False,False,False,2,1,1,211,4
14077,2011-10-30 12:35:00,41,5,499.42,False,False,False,False,3,4,3,343,10
14078,2011-08-30 12:16:00,102,6,1049.37,False,False,False,False,2,5,4,254,11
14079,2011-08-07 12:10:00,125,1,375.1,False,False,False,False,2,1,2,212,5
14080,2011-11-07 11:09:00,33,1,45.599999999999994,False,False,False,False,4,1,1,411,6
14081,2011-02-10 16:17:00,303,2,921.62,False,False,False,False,1,3,3,133,7
14082,2010-12-10 11:02:00,365,1,182.25,True,False,False,True,1,1,1,111,3
14083,2011-12-05 13:14:00,5,9,1002.9,False,False,False,False,5,5,4,554,14
14085,2011-12-07 13:46:00,3,18,4421.29,False,True,True,True,5,5,5,555,15
14087,2011-12-07 12:41:00,3,1,191.47,False,False,False,False,5,1,1,511,7
14088,2011-11-29 16:16:00,11,13,50491.81,False,True,True,True,5,5,5,555,15
14089,2011-10-14 10:38:00,57,1,158.75,False,False,False,False,3,1,1,311,5
14090,2011-01-19 10:51:00,325,1,76.32000000000001,False,False,False,False,1,1,1,111,3
14092,2011-12-02 12:13:00,8,14,4076.9100000000003,False,True,True,True,5,5,5,555,15
14093,2011-11-27 16:27:00,13,1,433.86,False,False,False,False,5,1,2,512,8
14096,2011-12-05 17:17:00,5,17,65164.79,False,True,True,True,5,5,5,555,15
14098,2011-11-03 10:13:00,37,1,147.35,False,False,False,False,3,1,1,311,5
14099,2011-11-23 13:53:00,17,11,3104.17,False,False,False,False,4,5,5,455,14
14100,2011-07-25 11:01:00,138,1,191.95,False,False,False,False,2,1,1,211,4
14101,2011-09-27 12:28:00,74,6,5976.79,False,False,True,True,2,5,5,255,12
14102,2011-12-04 15:38:00,6,5,1105.8799999999999,False,False,False,False,5,4,4,544,13
14104,2011-07-08 12:50:00,155,2,216.21,False,False,False,False,2,3,1,231,6
14105,2011-04-14 17:58:00,240,1,1266.23,False,False,False,False,1,1,4,114,6
14107,2011-10-19 12:12:00,52,7,2703.23,False,False,False,False,3,5,5,355,13
14108,2011-11-09 10:41:00,31,2,597.91,False,False,False,False,4,3,3,433,10
14109,2011-09-28 10:18:00,73,1,144.2,False,False,False,False,2,1,1,211,4
14110,2011-12-06 12:26:00,4,12,5683.15,False,True,True,True,5,5,5,555,15
14111,2011-11-25 13:44:00,15,4,692.85,False,False,False,False,4,4,3,443,11
14112,2011-11-17 12:30:00,23,7,2915.15,False,False,False,False,4,5,5,455,14
14113,2011-12-06 12:18:00,4,4,1840.42,False,False,False,False,5,4,4,544,13
14114,2011-03-11 09:42:00,274,2,386.53,False,False,False,False,1,3,2,132,6
14116,2011-11-20 10:29:00,20,5,1382.74,False,False,False,False,4,4,4,444,12
14117,2011-07-19 09:49:00,144,1,90.0,False,False,False,False,2,1,1,211,4
14121,2011-12-06 12:19:00,4,4,2780.15,False,False,False,False,5,4,5,545,14
14124,2011-09-16 13:32:00,85,1,419.58,False,False,False,False,2,1,2,212,5
14125,2011-11-29 12:47:00,11,3,2720.63,False,False,False,False,5,3,5,535,13
14126,2011-12-02 11:45:00,8,3,706.1300000000001,False,False,False,False,5,3,3,533,11
14127,2011-08-09 10:49:00,123,3,709.71,False,False,False,False,2,3,3,233,8
14128,2011-10-10 12:00:00,61,2,637.5,False,False,False,False,3,3,3,333,9
14129,2011-12-08 11:02:00,2,5,1123.8600000000001,False,False,False,False,5,4,4,544,13
14130,2011-01-24 16:05:00,320,1,480.91,False,False,False,False,1,1,2,112,4
14132,2011-12-07 13:35:00,3,11,3586.03,False,False,False,False,5,5,5,555,15
14133,2011-08-02 11:34:00,130,3,605.64,False,False,False,False,2,3,3,233,8
14135,2011-12-08 11:38:00,2,15,4690.31,False,True,True,True,5,5,5,555,15
14138,2011-12-08 12:44:00,2,2,965.88,False,False,False,False,5,3,4,534,12
14139,2011-10-24 13:34:00,47,1,415.82,False,False,False,False,3,1,2,312,6
14140,2011-12-06 09:05:00,4,2,935.05,False,False,False,False,5,3,4,534,12
14141,2011-12-07 09:53:00,3,4,915.13,False,False,False,False,5,4,3,543,12
14142,2010-12-01 16:33:00,374,1,311.81,True,False,False,True,1,1,2,112,4
14143,2011-07-29 09:48:00,134,1,115.8,False,False,False,False,2,1,1,211,4
14145,2011-10-24 12:10:00,47,4,3742.2,False,False,True,True,3,4,5,345,12
14146,2011-12-01 10:18:00,9,5,4191.0,False,False,True,True,5,4,5,545,14
14147,2011-09-22 18:10:00,79,2,483.4,False,False,False,False,2,3,2,232,7
14148,2011-04-20 12:02:00,234,1,157.2,False,False,False,False,1,1,1,111,3
14149,2011-05-03 09:44:00,221,1,446.62,False,False,False,False,1,1,2,112,4
14150,2011-11-04 10:05:00,36,2,658.64,False,False,False,False,3,3,3,333,9
14152,2011-09-25 12:54:00,76,2,621.29,False,False,False,False,2,3,3,233,8
14154,2011-04-14 16:26:00,240,2,1345.62,False,False,False,False,1,3,4,134,8
14155,2011-03-18 14:13:00,267,1,118.75,False,False,False,False,1,1,1,111,3
14156,2011-11-30 10:54:00,10,55,117210.08,False,True,True,True,5,5,5,555,15
14157,2011-11-20 11:32:00,20,2,424.89000000000004,False,False,False,False,4,3,2,432,9
14158,2011-10-30 15:08:00,41,1,507.65999999999997,False,False,False,False,3,1,3,313,7
14159,2011-11-20 12:36:00,20,11,4630.35,False,False,True,True,4,5,5,455,14
14161,2011-05-08 11:41:00,216,3,1097.6200000000001,False,False,False,False,1,3,4,134,8
14162,2011-06-19 11:36:00,174,2,289.36,False,False,False,False,2,3,2,232,7
14163,2011-09-13 15:18:00,88,4,2445.91,False,False,False,False,2,4,5,245,11
14164,2011-09-30 12:24:00,71,2,1631.77,False,False,False,False,3,3,4,334,10
14165,2011-03-09 12:39:00,276,1,120.44,False,False,False,False,1,1,1,111,3
14167,2011-10-31 14:29:00,40,4,562.59,False,False,False,False,3,4,3,343,10
14171,2011-09-02 16:43:00,99,1,363.79,False,False,False,False,2,1,2,212,5
14173,2011-11-29 11:54:00,11,4,450.84,False,False,False,False,5,4,2,542,11
14174,2011-11-06 13:17:00,34,1,134.46,False,False,False,False,3,1,1,311,5
14175,2011-10-11 11:55:00,60,3,3222.3,False,False,False,False,3,3,5,335,11
14176,2011-02-15 13:12:00,298,4,576.9000000000001,False,False,False,False,1,4,3,143,8
14177,2011-09-14 15:11:00,87,4,549.46,False,False,False,False,2,4,3,243,9
14178,2011-12-01 12:01:00,9,7,1600.26,False,False,False,False,5,5,4,554,14
14179,2011-10-30 12:07:00,41,2,701.57,False,False,False,False,3,3,3,333,9
14180,2011-11-29 10:56:00,11,25,4748.52,False,True,True,True,5,5,5,555,15
14184,2011-10-04 12:43:00,67,1,452.89,False,False,False,False,3,1,2,312,6
14185,2011-01-12 13:52:00,332,1,197.65,True,False,False,True,1,1,1,111,3
14188,2011-11-09 12:45:00,31,6,2054.36,False,False,False,False,4,5,4,454,13
14189,2011-12-07 15:55:00,3,15,4654.08,False,True,True,True,5,5,5,555,15
14191,2011-12-08 09:23:00,2,13,4684.76,False,True,True,True,5,5,5,555,15
14193,2011-10-03 09:34:00,68,2,853.39,False,False,False,False,3,3,3,333,9
14194,2011-12-05 10:38:00,5,21,11349.52,False,True,True,True,5,5,5,555,15
14195,2011-05-22 10:29:00,202,2,1012.0,False,False,False,False,1,3,4,134,8
14196,2011-08-25 10:25:00,107,1,335.52,False,False,False,False,2,1,2,212,5
14198,2011-11-21 16:35:00,19,4,701.4,False,False,False,False,4,4,3,443,11
14199,2011-05-05 13:44:00,219,1,185.39999999999998,False,False,False,False,1,1,1,111,3
14201,2011-10-10 13:27:00,61,7,747.44,False,False,False,False,3,5,3,353,11
14204,2011-12-07 13:38:00,3,1,150.61,False,False,False,False,5,1,1,511,7
14205,2011-11-23 10:55:00,17,2,466.7,False,False,False,False,4,3,2,432,9
14206,2011-04-14 16:38:00,240,1,328.15999999999997,False,False,False,False,1,1,2,112,4
14208,2011-09-06 12:48:00,95,1,151.74,False,False,False,False,2,1,1,211,4
14209,2011-11-29 10:18:00,11,6,2073.43,False,False,False,False,5,5,5,555,15
14210,2011-08-26 12:36:00,106,6,1905.8400000000001,False,False,False,False,2,5,4,254,11
14211,2011-10-17 13:23:00,54,9,2241.1,False,False,False,False,3,5,5,355,13
14212,2011-09-11 12:45:00,90,1,1070.48,False,False,False,False,2,1,4,214,7
14214,2011-11-09 10:31:00,31,5,1004.38,False,False,False,False,4,4,4,444,12
14215,2011-11-28 12:19:00,12,6,1789.72,False,False,False,False,5,5,4,554,14
14216,2011-12-06 14:56:00,4,4,1839.3,False,False,False,False,5,4,4,544,13
14217,2011-12-08 11:53:00,2,17,2004.98,False,True,False,True,5,5,4,554,14
14218,2011-10-28 10:00:00,43,1,169.48000000000002,False,False,False,False,3,1,1,311,5
14219,2011-12-05 16:23:00,5,1,89.94,False,False,False,False,5,1,1,511,7
14220,2011-04-06 13:23:00,248,2,632.4000000000001,False,False,False,False,1,3,3,133,7
14221,2011-10-28 13:42:00,43,9,3432.8,False,False,False,False,3,5,5,355,13
14222,2011-06-15 16:42:00,178,1,683.17,False,False,False,False,2,1,3,213,6
14223,2011-09-08 13:38:00,93,3,991.13,False,False,False,False,2,3,4,234,9
14224,2011-08-21 13:24:00,111,4,1009.73,False,False,False,False,2,4,4,244,10
14226,2011-11-11 11:34:00,29,5,2214.79,False,False,False,False,4,4,5,445,13
14227,2011-11-13 15:48:00,27,10,3350.96,False,False,False,False,4,5,5,455,14
14229,2011-10-19 10:04:00,52,3,1547.2,False,False,False,False,3,3,4,334,10
14231,2011-06-09 11:05:00,184,3,925.71,False,False,False,False,1,3,3,133,7
14232,2011-10-28 11:09:00,43,5,2048.07,False,False,False,False,3,4,4,344,11
14233,2011-10-21 15:54:00,50,4,1462.72,False,False,False,False,3,4,4,344,11
14234,2011-11-17 17:53:00,23,4,754.12,False,False,False,False,4,4,3,443,11
14235,2011-09-25 14:37:00,76,5,3144.86,False,False,False,False,2,4,5,245,11
14236,2011-09-20 09:13:00,81,2,490.86,False,False,False,False,2,3,3,233,8
14237,2010-12-01 13:20:00,374,1,161.0,True,False,False,True,1,1,1,111,3
14238,2011-01-17 14:40:00,327,1,146.85,False,False,False,False,1,1,1,111,3
14239,2011-10-27 14:40:00,44,11,2380.85,False,False,False,False,3,5,5,355,13
14240,2011-11-09 13:45:00,31,2,890.34,False,False,False,False,4,3,3,433,10
14241,2011-06-09 11:46:00,184,1,213.70000000000002,False,False,False,False,1,1,1,111,3
14242,2011-04-19 11:46:00,235,2,280.55,False,False,False,False,1,3,2,132,6
14243,2011-12-01 11:12:00,9,10,2588.77,False,False,False,False,5,5,5,555,15
14245,2011-05-04 08:40:00,220,2,1693.45,False,False,False,False,1,3,4,134,8
14246,2011-08-21 11:50:00,111,3,1474.06,False,False,False,False,2,3,4,234,9
14247,2011-03-06 15:21:00,279,1,136.77,False,False,False,False,1,1,1,111,3
14248,2011-01-25 14:45:00,319,1,302.58,False,False,False,False,1,1,2,112,4
14250,2011-12-02 14:30:00,8,3,1904.05,False,False,False,False,5,3,4,534,12
14251,2011-12-08 08:32:00,2,5,2879.7000000000003,False,False,False,False,5,4,5,545,14
14256,2011-03-24 13:17:00,261,2,969.0600000000001,False,False,False,False,1,3,4,134,8
14257,2011-10-06 16:54:00,65,5,3099.7200000000003,False,False,False,False,3,4,5,345,12
14258,2011-11-30 15:27:00,10,9,12669.98,False,False,True,True,5,5,5,555,15
14259,2011-07-21 10:44:00,142,1,120.0,False,False,False,False,2,1,1,211,4
14261,2011-10-20 10:04:00,51,2,1163.45,False,False,False,False,3,3,4,334,10
14262,2011-12-01 14:17:00,9,8,2618.23,False,False,False,False,5,5,5,555,15
14264,2011-07-08 10:20:00,155,2,333.97,False,False,False,False,2,3,2,232,7
14265,2011-08-22 13:32:00,110,2,530.18,False,False,False,False,2,3,3,233,8
14267,2011-06-30 10:09:00,163,3,1516.24,False,False,False,False,2,3,4,234,9
14270,2011-01-12 09:33:00,332,1,492.65000000000003,True,False,False,True,1,1,3,113,5
14271,2011-04-28 12:47:00,226,1,112.32000000000001,False,False,False,False,1,1,1,111,3
14272,2011-09-27 10:08:00,74,2,437.96,False,False,False,False,2,3,2,232,7
14273,2011-10-19 13:20:00,52,4,559.97,False,False,False,False,3,4,3,343,10
14276,2011-09-02 09:45:00,99,3,1119.74,False,False,False,False,2,3,4,234,9
14277,2011-11-24 15:01:00,16,3,4188.0,False,False,True,True,4,3,5,435,12
14280,2011-05-27 10:37:00,197,1,134.04,False,False,False,False,1,1,1,111,3
14282,2011-12-06 17:04:00,4,15,3701.44,False,True,True,True,5,5,5,555,15
14284,2011-11-09 08:11:00,31,2,595.25,False,False,False,False,4,3,3,433,10
14285,2011-11-18 14:50:00,22,4,1910.01,False,False,False,False,4,4,4,444,12
14286,2011-11-16 10:34:00,24,3,4628.75,False,False,True,True,4,3,5,435,12
14287,2011-12-01 13:25:00,9,3,176.63,False,False,False,False,5,3,1,531,9
14288,2011-05-10 13:22:00,214,1,426.6,False,False,False,False,1,1,2,112,4
14289,2011-12-01 11:44:00,9,6,911.26,False,False,False,False,5,5,3,553,13
14290,2011-11-28 14:02:00,12,5,2314.65,False,False,False,False,5,4,5,545,14
14291,2011-12-08 10:26:00,2,11,3883.25,False,False,True,True,5,5,5,555,15
14292,2011-12-02 11:50:00,8,9,4871.93,False,False,True,True,5,5,5,555,15
14293,2011-12-06 15:17:00,4,4,1046.56,False,False,False,False,5,4,4,544,13
14295,2011-10-30 15:50:00,41,1,166.20000000000002,False,False,False,False,3,1,1,311,5
14297,2011-11-22 09:06:00,18,4,1305.33,False,False,False,False,4,4,4,444,12
14298,2011-12-01 13:12:00,9,44,51527.3,False,True,True,True,5,5,5,555,15
14299,2011-12-01 16:05:00,9,9,3965.62,False,False,True,True,5,5,5,555,15
14300,2011-11-21 08:57:00,19,1,43.2,False,False,False,False,4,1,1,411,6
14301,2011-08-14 15:33:00,118,1,640.14,False,False,False,False,2,1,3,213,6
14304,2011-05-01 11:50:00,223,1,383.45,False,False,False,False,1,1,2,112,4
14305,2011-09-29 15:29:00,72,3,1858.96,False,False,False,False,3,3,4,334,10
14306,2011-10-19 13:23:00,52,2,2093.32,False,False,False,False,3,3,5,335,11
14307,2011-09-12 09:38:00,89,6,2995.7200000000003,False,False,False,False,2,5,5,255,12
14309,2011-12-01 13:33:00,9,9,2352.53,False,False,False,False,5,5,5,555,15
14311,2011-04-11 10:14:00,243,1,310.26,False,False,False,False,1,1,2,112,4
14312,2011-10-24 09:46:00,47,6,1611.5900000000001,False,False,False,False,3,5,4,354,12
14314,2011-08-25 10:39:00,107,1,120.0,False,False,False,False,2,1,1,211,4
14315,2011-10-26 12:06:00,45,6,2481.13,False,False,False,False,3,5,5,355,13
14317,2011-10-06 10:44:00,65,1,508.58,False,False,False,False,3,1,3,313,7
14320,2011-05-17 09:24:00,207,2,477.79,False,False,False,False,1,3,2,132,6
14321,2011-11-29 09:47:00,11,5,1530.75,False,False,False,False,5,4,4,544,13
14323,2011-08-17 11:37:00,115,2,605.0600000000001,False,False,False,False,2,3,3,233,8
14326,2011-04-11 15:04:00,243,1,183.85,False,False,False,False,1,1,1,111,3
14327,2011-06-29 13:58:00,164,1,311.65000000000003,False,False,False,False,2,1,2,212,5
14329,2011-11-22 15:50:00,18,7,4975.24,False,False,True,True,4,5,5,455,14
14331,2011-08-07 13:17:00,125,2,462.66,False,False,False,False,2,3,2,232,7
14332,2011-11-17 11:54:00,23,3,840.21,False,False,False,False,4,3,3,433,10
14333,2011-10-03 10:38:00,68,1,415.2,False,False,False,False,3,1,2,312,6
14334,2011-11-23 10:01:00,17,8,2552.21,False,False,False,False,4,5,5,455,14
14335,2011-11-23 13:41:00,17,2,454.86,False,False,False,False,4,3,2,432,9
14336,2011-11-23 11:40:00,17,4,1614.91,False,False,False,False,4,4,4,444,12
14338,2011-07-01 14:08:00,162,2,588.22,False,False,False,False,2,3,3,233,8
14339,2011-04-11 11:06:00,243,1,309.52000000000004,False,False,False,False,1,1,2,112,4
14340,2011-05-05 09:44:00,219,1,134.7,False,False,False,False,1,1,1,111,3
14341,2011-10-25 15:48:00,46,8,2166.98,False,False,False,False,3,5,5,355,13
14342,2011-11-18 13:21:00,22,4,668.5600000000001,False,False,False,False,4,4,3,443,11
14344,2011-08-04 13:51:00,128,8,889.9300000000001,False,False,False,False,2,5,3,253,10
14345,2011-11-01 09:51:00,39,1,108.98,False,False,False,False,3,1,1,311,5
14346,2011-08-11 09:47:00,121,2,1021.58,False,False,False,False,2,3,4,234,9
14348,2011-03-24 16:23:00,261,1,409.57,False,False,False,False,1,1,2,112,4
14349,2011-11-29 15:39:00,11,1,133.5,False,False,False,False,5,1,1,511,7
14350,2011-03-10 14:14:00,275,1,282.93,False,False,False,False,1,1,2,112,4
14351,2011-06-28 11:56:00,165,1,51.0,False,False,False,False,2,1,1,211,4
14352,2011-07-05 15:41:00,158,4,1078.96,False,False,False,False,2,4,4,244,10
14353,2011-05-08 16:06:00,216,1,90.6,False,False,False,False,1,1,1,111,3
14354,2011-12-04 11:32:00,6,2,163.62,False,False,False,False,5,3,1,531,9
14355,2010-12-09 12:16:00,366,1,174.4,True,False,False,True,1,1,1,111,3
14356,2011-09-21 09:18:00,80,2,701.23,False,False,False,False,2,3,3,233,8
14357,2011-10-27 16:23:00,44,1,225.12,False,False,False,False,3,1,1,311,5
14359,2011-11-20 13:17:00,20,3,912.1800000000001,False,False,False,False,4,3,3,433,10
14360,2011-11-08 09:12:00,32,4,2118.03,False,False,False,False,4,4,5,445,13
14362,2011-11-17 15:08:00,23,1,151.5,False,False,False,False,4,1,1,411,6
14364,2011-08-23 11:01:00,109,8,3717.35,False,False,True,True,2,5,5,255,12
14367,2011-12-01 13:19:00,9,16,9227.82,False,True,True,True,5,5,5,555,15
14368,2011-01-24 09:52:00,320,1,155.0,False,False,False,False,1,1,1,111,3
14371,2011-02-17 16:35:00,296,1,100.5,False,False,False,False,1,1,1,111,3
14373,2010-12-16 15:40:00,359,1,76.55,True,False,False,True,1,1,1,111,3
14375,2011-06-07 13:44:00,186,1,235.56,False,False,False,False,1,1,1,111,3
14377,2011-06-01 13:32:00,192,2,617.05,False,False,False,False,1,3,3,133,7
14379,2011-10-26 16:43:00,45,2,348.1,False,False,False,False,3,3,2,332,8
14381,2011-10-18 17:10:00,53,1,202.68,False,False,False,False,3,1,1,311,5
14382,2011-11-13 16:18:00,27,1,615.49,False,False,False,False,4,1,3,413,8
14383,2011-11-01 15:53:00,39,3,1247.69,False,False,False,False,3,3,4,334,10
14385,2011-11-30 15:36:00,10,3,202.10999999999999,False,False,False,False,5,3,1,531,9
14386,2011-02-16 09:45:00,297,1,142.4,False,False,False,False,1,1,1,111,3
14387,2011-11-07 12:29:00,33,3,1727.6,False,False,False,False,4,3,4,434,11
14388,2011-11-29 13:32:00,11,8,3212.84,False,False,False,False,5,5,5,555,15
14389,2011-10-05 15:17:00,66,2,1043.46,False,False,False,False,3,3,4,334,10
14390,2011-11-29 13:49:00,11,9,4642.57,False,False,True,True,5,5,5,555,15
14393,2011-05-05 18:16:00,219,1,67.95,False,False,False,False,1,1,1,111,3
14395,2011-12-07 14:34:00,3,9,3479.91,False,False,False,False,5,5,5,555,15
14396,2011-10-05 16:09:00,66,2,487.99,False,False,False,False,3,3,3,333,9
14397,2011-12-07 09:22:00,3,19,2612.96,False,True,False,True,5,5,5,555,15
14400,2011-07-13 15:50:00,150,1,574.7,False,False,False,False,2,1,3,213,6
14401,2011-12-05 13:30:00,5,13,4051.48,False,True,True,True,5,5,5,555,15
14403,2011-08-01 12:57:00,131,4,1475.81,False,False,False,False,2,4,4,244,10
14404,2011-11-06 12:30:00,34,6,1449.32,False,False,False,False,3,5,4,354,12
14406,2011-08-12 16:54:00,120,1,156.75,False,False,False,False,2,1,1,211,4
14407,2011-08-24 14:02:00,108,6,2157.73,False,False,False,False,2,5,5,255,12
14408,2011-11-29 11:41:00,11,7,2599.03,False,False,False,False,5,5,5,555,15
14409,2011-09-29 18:18:00,72,6,2059.4500000000003,False,False,False,False,3,5,5,355,13
14410,2011-09-08 15:08:00,93,9,1100.27,False,False,False,False,2,5,4,254,11
14411,2011-02-02 10:56:00,311,1,1063.0,False,False,False,False,1,1,4,114,6
14412,2011-10-28 10:45:00,43,2,770.03,False,False,False,False,3,3,3,333,9
14413,2010-12-12 13:37:00,363,1,121.05,True,False,False,True,1,1,1,111,3
14414,2011-09-09 12:09:00,92,7,1496.98,False,False,False,False,2,5,4,254,11
14415,2011-12-08 14:38:00,2,13,5855.57,False,True,True,True,5,5,5,555,15
14416,2011-11-17 15:22:00,23,2,490.22,False,False,False,False,4,3,3,433,10
14418,2011-12-06 11:39:00,4,3,1937.25,False,False,False,False,5,3,4,534,12
14419,2011-11-29 11:22:00,11,6,1051.79,False,False,False,False,5,5,4,554,14
14420,2011-09-01 18:07:00,100,1,387.52,False,False,False,False,2,1,2,212,5
14421,2011-10-13 13:24:00,58,2,813.11,False,False,False,False,3,3,3,333,9
14422,2011-12-09 11:26:00,1,6,4263.64,False,False,True,True,5,5,5,555,15
14423,2011-05-05 15:12:00,219,1,265.2,False,False,False,False,1,1,2,112,4
14424,2011-11-22 11:48:00,18,1,322.08,False,False,False,False,4,1,2,412,7
14426,2011-11-16 12:25:00,24,10,4481.67,False,False,True,True,4,5,5,455,14
14427,2011-10-20 14:23:00,51,2,363.34000000000003,False,False,False,False,3,3,2,332,8
14428,2011-12-02 13:17:00,8,5,1224.06,False,False,False,False,5,4,4,544,13
14431,2011-02-10 10:40:00,303,1,470.36,False,False,False,False,1,1,2,112,4
14432,2011-11-30 08:04:00,10,6,2248.5,False,False,False,False,5,5,5,555,15
14434,2011-11-18 08:56:00,22,6,1372.8,False,False,False,False,4,5,4,454,13
14436,2011-09-02 10:13:00,99,1,89.06,False,False,False,False,2,1,1,211,4
14437,2010-12-09 09:27:00,366,1,63.0,True,False,False,True,1,1,1,111,3
14438,2011-02-06 14:56:00,307,1,131.9,False,False,False,False,1,1,1,111,3
14439,2011-01-24 11:39:00,320,1,2661.24,False,False,False,False,1,1,5,115,7
14440,2011-12-01 15:42:00,9,5,2357.68,False,False,False,False,5,4,5,545,14
14441,2011-12-09 09:07:00,1,4,1712.89,False,False,False,False,5,4,4,544,13
14442,2011-05-19 11:36:00,205,2,1589.82,False,False,False,False,1,3,4,134,8
14443,2011-10-17 10:10:00,54,4,1420.2,False,False,False,False,3,4,4,344,11
14446,2011-12-09 11:34:00,1,4,1010.35,False,False,False,False,5,4,4,544,13
14447,2011-11-21 08:28:00,19,5,1163.23,False,False,False,False,4,4,4,444,12
14448,2011-11-30 13:50:00,10,2,375.35,False,False,False,False,5,3,2,532,10
14449,2011-11-21 12:06:00,19,4,885.8,False,False,False,False,4,4,3,443,11
14450,2011-06-12 10:46:00,181,3,483.25,False,False,False,False,1,3,2,132,6
14451,2011-10-10 13:38:00,61,2,643.9,False,False,False,False,3,3,3,333,9
14452,2011-11-29 12:06:00,11,2,259.05,False,False,False,False,5,3,2,532,10
14453,2011-06-02 14:15:00,191,1,119.93,False,False,False,False,1,1,1,111,3
14456,2011-12-04 13:59:00,6,9,3017.28,False,False,False,False,5,5,5,555,15
14457,2011-02-02 09:39:00,311,1,113.64,False,False,False,False,1,1,1,111,3
14459,2011-07-07 13:35:00,156,1,1837.92,False,False,False,False,2,1,4,214,7
14460,2011-08-21 14:19:00,111,3,434.34,False,False,False,False,2,3,2,232,7
14461,2011-07-14 17:11:00,149,3,2103.06,False,False,False,False,2,3,5,235,10
14462,2011-10-04 15:55:00,67,11,1980.57,False,False,False,False,3,5,4,354,12
14463,2011-09-02 15:20:00,99,3,529.62,False,False,False,False,2,3,3,233,8
14465,2011-04-07 12:38:00,247,3,1038.44,False,False,False,False,1,3,4,134,8
14466,2011-11-10 14:07:00,30,7,2272.4,False,False,False,False,4,5,5,455,14
14467,2011-11-22 12:48:00,18,4,596.26,False,False,False,False,4,4,3,443,11
14470,2011-11-28 10:31:00,12,2,461.19,False,False,False,False,5,3,2,532,10
14472,2011-08-28 11:01:00,104,8,1852.67,False,False,False,False,2,5,4,254,11
14473,2011-09-26 15:10:00,75,2,234.34,False,False,False,False,2,3,1,231,6
14474,2011-10-24 13:26:00,47,1,547.66,False,False,False,False,3,1,3,313,7
14475,2011-09-29 10:46:00,72,3,925.85,False,False,False,False,3,3,3,333,9
14476,2011-03-27 15:39:00,258,1,193.0,False,False,False,False,1,1,1,111,3
14477,2011-11-20 11:11:00,20,4,1309.6,False,False,False,False,4,4,4,444,12
14479,2011-03-31 09:07:00,254,2,316.25,False,False,False,False,1,3,2,132,6
14480,2011-11-28 16:35:00,12,1,279.05,False,False,False,False,5,1,2,512,8
14481,2011-06-28 10:38:00,165,2,636.51,False,False,False,False,2,3,3,233,8
14482,2011-11-21 13:14:00,19,6,2022.81,False,False,False,False,4,5,4,454,13
14483,2011-03-03 10:26:00,282,1,137.1,False,False,False,False,1,1,1,111,3
14484,2011-10-20 14:11:00,51,1,321.92,False,False,False,False,3,1,2,312,6
14485,2011-11-01 12:25:00,39,1,162.8,False,False,False,False,3,1,1,311,5
14487,2011-11-13 12:17:00,27,6,1165.48,False,False,False,False,4,5,4,454,13
14488,2011-10-03 09:30:00,68,1,1064.28,False,False,False,False,3,1,4,314,8
14489,2011-05-16 14:51:00,208,1,463.38,False,False,False,False,1,1,2,112,4
14491,2011-06-17 15:22:00,176,2,340.93,False,False,False,False,2,3,2,232,7
14493,2011-12-02 16:14:00,8,5,2383.2400000000002,False,False,False,False,5,4,5,545,14
14494,2011-11-14 09:21:00,26,1,139.56,False,False,False,False,4,1,1,411,6
14495,2011-10-20 12:28:00,51,2,123.80000000000001,False,False,False,False,3,3,1,331,7
14496,2011-02-01 09:01:00,312,2,538.8100000000001,False,False,False,False,1,3,3,133,7
14497,2011-02-03 17:01:00,310,1,475.37,False,False,False,False,1,1,2,112,4
14498,2011-10-28 12:09:00,43,5,1957.32,False,False,False,False,3,4,4,344,11
14499,2011-11-13 13:01:00,27,3,808.44,False,False,False,False,4,3,3,433,10
14500,2011-09-12 16:45:00,89,3,356.85,False,False,False,False,2,3,2,232,7
14501,2011-06-09 12:02:00,184,2,251.21,False,False,False,False,1,3,2,132,6
14502,2011-11-20 11:50:00,20,11,2429.83,False,False,False,False,4,5,5,455,14
14503,2011-12-06 13:30:00,4,6,3543.26,False,False,False,False,5,5,5,555,15
14504,2011-10-23 16:00:00,48,4,673.26,False,False,False,False,3,4,3,343,10
14505,2011-11-22 15:45:00,18,8,5859.43,False,False,True,True,4,5,5,455,14
14506,2011-11-22 13:02:00,18,5,1960.65,False,False,False,False,4,4,4,444,12
14507,2011-11-16 12:21:00,24,6,1367.88,False,False,False,False,4,5,4,454,13
14508,2011-11-17 19:48:00,23,2,268.05,False,False,False,False,4,3,2,432,9
14511,2011-11-28 17:05:00,12,5,1314.81,False,False,False,False,5,4,4,544,13
14512,2011-06-05 12:39:00,188,2,275.28,False,False,False,False,1,3,2,132,6
14513,2011-08-31 11:25:00,101,3,455.59000000000003,False,False,False,False,2,3,2,232,7
14514,2011-10-09 16:05:00,62,3,990.2,False,False,False,False,3,3,4,334,10
14515,2011-11-22 11:37:00,18,6,2076.89,False,False,False,False,4,5,5,455,14
14517,2011-11-06 14:20:00,34,2,330.45,False,False,False,False,3,3,2,332,8
14518,2011-10-06 14:43:00,65,1,174.37,False,False,False,False,3,1,1,311,5
14520,2011-12-08 09:46:00,2,2,270.6,False,False,False,False,5,3,2,532,10
14522,2011-11-15 13:24:00,25,4,974.54,False,False,False,False,4,4,4,444,12
14523,2011-08-23 13:13:00,109,1,241.09,False,False,False,False,2,1,1,211,4
14524,2011-11-08 12:29:00,32,9,1843.83,False,False,False,False,4,5,4,454,13
14525,2011-11-20 11:37:00,20,9,4215.9,False,False,True,True,4,5,5,455,14
14527,2011-12-07 12:19:00,3,55,8507.13,False,True,True,True,5,5,5,555,15
14528,2011-11-02 17:09:00,38,1,364.21999999999997,False,False,False,False,3,1,2,312,6
14529,2011-10-10 15:27:00,61,3,578.61,False,False,False,False,3,3,3,333,9
14530,2011-11-14 10:38:00,26,6,2862.11,False,False,False,False,4,5,5,455,14
14532,2011-04-17 13:05:00,237,4,932.85,False,False,False,False,1,4,3,143,8
14533,2011-11-15 12:05:00,25,7,1949.72,False,False,False,False,4,5,4,454,13
14534,2011-12-07 12:19:00,3,18,4397.3,False,True,True,True,5,5,5,555,15
14535,2011-10-10 15:39:00,61,3,2854.84,False,False,False,False,3,3,5,335,11
14536,2011-03-25 12:21:00,260,1,170.95,False,False,False,False,1,1,1,111,3
14537,2011-10-13 10:54:00,58,1,355.56,False,False,False,False,3,1,2,312,6
14538,2011-10-06 10:31:00,65,2,388.25,False,False,False,False,3,3,2,332,8
14539,2011-11-24 09:50:00,16,2,537.48,False,False,False,False,4,3,3,433,10
14540,2011-11-30 10:15:00,10,3,952.66,False,False,False,False,5,3,4,534,12
14541,2011-10-12 10:08:00,59,8,1453.35,False,False,False,False,3,5,4,354,12
14542,2011-06-07 08:19:00,186,1,103.25,False,False,False,False,1,1,1,111,3
14543,2011-11-11 12:45:00,29,16,3599.73,False,True,False,True,4,5,5,455,14
14544,2011-11-15 15:06:00,25,2,2004.3,False,False,False,False,4,3,4,434,11
14546,2011-12-04 13:00:00,6,5,2573.93,False,False,False,False,5,4,5,545,14
14547,2011-12-06 11:06:00,4,8,3974.75,False,False,True,True,5,5,5,555,15
14548,2011-07-12 12:19:00,151,2,652.8,False,False,False,False,2,3,3,233,8
14549,2011-02-01 13:47:00,312,1,289.24,False,False,False,False,1,1,2,112,4
14550,2011-11-29 12:12:00,11,2,757.37,False,False,False,False,5,3,3,533,11
14551,2011-11-21 13:36:00,19,2,186.23,False,False,False,False,4,3,1,431,8
14552,2011-07-11 12:49:00,152,1,164.22,False,False,False,False,2,1,1,211,4
14553,2011-11-20 13:20:00,20,5,859.27,False,False,False,False,4,4,3,443,11
14554,2011-11-29 16:44:00,11,4,2279.4900000000002,False,False,False,False,5,4,5,545,14
14555,2011-10-13 16:24:00,58,2,312.54,False,False,False,False,3,3,2,332,8
14557,2011-09-15 15:48:00,86,1,788.38,False,False,False,False,2,1,3,213,6
14560,2011-12-02 15:22:00,8,22,2237.77,False,True,False,True,5,5,5,555,15
14561,2011-09-25 12:39:00,76,3,1080.76,False,False,False,False,2,3,4,234,9
14562,2011-12-06 11:05:00,4,18,5006.77,False,True,True,True,5,5,5,555,15
14565,2011-09-05 09:07:00,96,4,3099.12,False,False,False,False,2,4,5,245,11
14566,2011-08-21 11:05:00,111,1,1432.0,False,False,False,False,2,1,4,214,7
14567,2011-10-14 10:21:00,57,2,1530.3600000000001,False,False,False,False,3,3,4,334,10
14569,2011-12-08 14:58:00,2,1,227.39,False,False,False,False,5,1,1,511,7
14570,2011-03-04 10:58:00,281,2,218.06,False,False,False,False,1,3,1,131,5
14572,2011-12-06 14:40:00,4,7,2804.54,False,False,False,False,5,5,5,555,15
14573,2011-06-13 11:15:00,180,9,1639.82,False,False,False,False,1,5,4,154,10
14576,2010-12-02 17:51:00,373,1,35.400000000000006,True,False,False,True,1,1,1,111,3
14577,2011-11-27 12:47:00,13,4,859.71,False,False,False,False,5,4,3,543,12
14578,2011-12-06 17:18:00,4,1,168.63,False,False,False,False,5,1,1,511,7
14581,2011-11-23 12:39:00,17,1,138.6,False,False,False,False,4,1,1,411,6
14582,2011-10-30 11:56:00,41,1,114.11,False,False,False,False,3,1,1,311,5
14583,2011-12-04 12:32:00,6,5,986.96,False,False,False,False,5,4,4,544,13
14584,2011-06-23 18:33:00,170,4,1033.06,False,False,False,False,2,4,4,244,10
14585,2011-10-20 14:33:00,51,1,157.05,False,False,False,False,3,1,1,311,5
14586,2011-03-08 10:04:00,277,1,237.35999999999999,False,False,False,False,1,1,1,111,3
14587,2011-11-21 11:34:00,19,9,1580.29,False,False,False,False,4,5,4,454,13
14589,2010-12-03 11:42:00,372,1,39.75,True,False,False,True,1,1,1,111,3
14591,2011-11-24 13:57:00,16,4,1320.21,False,False,False,False,4,4,4,444,12
14592,2011-11-04 16:35:00,36,3,557.94,False,False,False,False,3,3,3,333,9
14593,2011-11-18 12:48:00,22,3,617.15,False,False,False,False,4,3,3,433,10
14594,2011-12-02 13:28:00,8,2,363.33,False,False,False,False,5,3,2,532,10
14595,2011-11-20 12:12:00,20,6,1740.6000000000001,False,False,False,False,4,5,4,454,13
14597,2011-11-28 13:13:00,12,2,866.24,False,False,False,False,5,3,3,533,11
14598,2011-10-26 13:19:00,45,1,221.97,False,False,False,False,3,1,1,311,5
14600,2011-02-07 09:48:00,306,1,393.33000000000004,False,False,False,False,1,1,2,112,4
14601,2011-11-29 09:48:00,11,1,213.96,False,False,False,False,5,1,1,511,7
14603,2011-03-10 10:27:00,275,1,660.0,False,False,False,False,1,1,3,113,5
14606,2011-12-08 19:28:00,2,93,12076.15,False,True,True,True,5,5,5,555,15
14607,2011-11-24 10:35:00,16,14,16209.5,False,True,True,True,4,5,5,455,14
14608,2011-12-05 16:52:00,5,4,1785.15,False,False,False,False,5,4,4,544,13
14609,2011-09-28 12:54:00,73,4,601.56,False,False,False,False,2,4,3,243,9
14616,2011-04-11 09:54:00,243,3,406.08000000000004,False,False,False,False,1,3,2,132,6
14618,2011-11-30 13:45:00,10,3,553.44,False,False,False,False,5,3,3,533,11
14619,2011-04-08 07:37:00,246,1,394.44,False,False,False,False,1,1,2,112,4
14620,2011-05-18 11:58:00,206,2,412.78000000000003,False,False,False,False,1,3,2,132,6
14621,2011-12-08 16:22:00,2,5,1788.3600000000001,False,False,False,False,5,4,4,544,13
14622,2011-06-08 12:42:00,185,1,320.58000000000004,False,False,False,False,1,1,2,112,4
14623,2011-11-07 13:56:00,33,5,886.7,False,False,False,False,4,4,3,443,11
14624,2011-10-13 13:44:00,58,2,225.85,False,False,False,False,3,3,1,331,7
14625,2011-05-27 15:32:00,197,2,899.63,False,False,False,False,1,3,3,133,7
14626,2011-11-16 10:37:00,24,4,2791.27,False,False,False,False,4,4,5,445,13
14628,2011-09-09 14:58:00,92,2,671.96,False,False,False,False,2,3,3,233,8
14629,2011-12-05 16:55:00,5,2,955.26,False,False,False,False,5,3,4,534,12
14631,2011-10-20 11:17:00,51,3,1006.98,False,False,False,False,3,3,4,334,10
14632,2011-03-22 08:49:00,263,1,114.56,False,False,False,False,1,1,1,111,3
14633,2011-03-18 17:07:00,267,1,344.90000000000003,False,False,False,False,1,1,2,112,4
14636,2011-11-03 16:12:00,37,2,609.85,False,False,False,False,3,3,3,333,9
14638,2011-10-20 10:10:00,51,1,443.6,False,False,False,False,3,1,2,312,6
14639,2011-10-18 15:06:00,53,6,2984.4900000000002,False,False,False,False,3,5,5,355,13
14640,2011-11-15 13:07:00,25,6,2107.38,False,False,False,False,4,5,5,455,14
14641,2011-11-18 10:42:00,22,1,110.46000000000001,False,False,False,False,4,1,1,411,6
14642,2011-10-12 11:08:00,59,1,96.12,False,False,False,False,3,1,1,311,5
14643,2011-06-22 14:41:00,171,2,693.8100000000001,False,False,False,False,2,3,3,233,8
14644,2011-10-03 08:30:00,68,2,830.76,False,False,False,False,3,3,3,333,9
14645,2011-07-06 09:15:00,157,2,597.09,False,False,False,False,2,3,3,233,8
14646,2011-12-08 12:12:00,2,73,280206.02,False,True,True,True,5,5,5,555,15
14647,2011-05-22 13:40:00,202,1,236.04000000000002,False,False,False,False,1,1,1,111,3
14649,2011-12-05 12:30:00,5,4,1402.59,False,False,False,False,5,4,4,544,13
14651,2011-10-03 15:52:00,68,2,653.75,False,False,False,False,3,3,3,333,9
14652,2011-09-23 14:21:00,78,1,114.18,False,False,False,False,2,1,1,211,4
14653,2011-12-08 13:45:00,2,7,1926.65,False,False,False,False,5,5,4,554,14
14655,2011-12-01 16:28:00,9,4,1932.23,False,False,False,False,5,4,4,544,13
14656,2011-06-23 13:51:00,170,2,291.05,False,False,False,False,2,3,2,232,7
14657,2011-11-22 12:47:00,18,4,848.22,False,False,False,False,4,4,3,443,11
14658,2011-12-04 15:35:00,6,2,247.15,False,False,False,False,5,3,1,531,9
14659,2011-12-01 12:17:00,9,9,2529.93,False,False,False,False,5,5,5,555,15
14660,2011-09-14 11:34:00,87,2,285.74,False,False,False,False,2,3,2,232,7
14661,2011-11-13 11:51:00,27,1,107.95,False,False,False,False,4,1,1,411,6
14662,2011-11-11 12:13:00,29,4,741.37,False,False,False,False,4,4,3,443,11
14664,2011-11-20 10:59:00,20,2,636.24,False,False,False,False,4,3,3,433,10
14665,2011-10-10 09:14:00,61,5,1835.7,False,False,False,False,3,4,4,344,11
14666,2011-11-15 12:57:00,25,1,195.25,False,False,False,False,4,1,1,411,6
14667,2011-11-29 11:30:00,11,25,9175.04,False,True,True,True,5,5,5,555,15
14669,2011-04-12 11:43:00,242,3,1259.24,False,False,False,False,1,3,4,134,8
14670,2011-03-04 14:13:00,281,2,392.86,False,False,False,False,1,3,2,132,6
14672,2011-04-19 10:19:00,235,2,765.5500000000001,False,False,False,False,1,3,3,133,7
14673,2011-12-06 14:31:00,4,5,1736.4,False,False,False,False,5,4,4,544,13
14675,2011-11-23 12:58:00,17,1,596.36,False,False,False,False,4,1,3,413,8
14676,2011-11-08 13:29:00,32,6,2548.2400000000002,False,False,False,False,4,5,5,455,14
14680,2011-11-14 16:59:00,26,16,28754.11,False,True,True,True,4,5,5,455,14
14681,2011-09-29 15:52:00,72,3,498.95,False,False,False,False,3,3,3,333,9
14682,2011-06-05 12:12:00,188,2,52.0,False,False,False,False,1,3,1,131,5
14684,2011-11-14 11:33:00,26,5,1201.51,False,False,False,False,4,4,4,444,12
14687,2011-08-25 11:59:00,107,1,628.38,False,False,False,False,2,1,3,213,6
14688,2011-12-02 12:26:00,8,21,5579.1,False,True,True,True,5,5,5,555,15
14689,2011-05-15 11:22:00,209,1,112.80000000000001,False,False,False,False,1,1,1,111,3
14690,2011-10-26 15:39:00,45,2,355.05,False,False,False,False,3,3,2,332,8
14691,2011-11-09 12:30:00,31,5,2114.33,False,False,False,False,4,4,5,445,13
14692,2011-07-25 15:08:00,138,4,591.55,False,False,False,False,2,4,3,243,9
14693,2011-03-20 12:50:00,265,1,172.9,False,False,False,False,1,1,1,111,3
14696,2011-12-05 13:43:00,5,7,2078.95,False,False,False,False,5,5,5,555,15
14697,2011-05-05 15:39:00,219,2,188.61,False,False,False,False,1,3,1,131,5
14698,2011-12-08 12:26:00,2,5,1217.27,False,False,False,False,5,4,4,544,13
14699,2011-05-09 14:54:00,215,1,109.13000000000001,False,False,False,False,1,1,1,111,3
14700,2011-11-07 14:40:00,33,3,2195.1,False,False,False,False,4,3,5,435,12
14701,2011-11-29 12:38:00,11,9,2526.09,False,False,False,False,5,5,5,555,15
14702,2011-12-08 19:29:00,2,17,3251.79,False,True,False,True,5,5,5,555,15
14703,2011-11-25 09:23:00,15,1,318.17,False,False,False,False,4,1,2,412,7
14704,2011-11-28 12:51:00,12,9,1493.96,False,False,False,False,5,5,4,554,14
14705,2011-05-25 12:39:00,199,1,179.0,False,False,False,False,1,1,1,111,3
14708,2011-12-07 08:21:00,3,3,1126.3700000000001,False,False,False,False,5,3,4,534,12
14709,2011-11-24 15:41:00,16,13,4921.04,False,True,True,True,4,5,5,455,14
14710,2011-11-25 14:53:00,15,4,599.48,False,False,False,False,4,4,3,443,11
14711,2011-11-29 14:58:00,11,11,2839.62,False,False,False,False,5,5,5,555,15
14712,2011-11-10 12:59:00,30,3,917.07,False,False,False,False,4,3,3,433,10
14713,2011-11-30 16:26:00,10,11,2662.2,False,False,False,False,5,5,5,555,15
14714,2011-11-15 13:07:00,25,1,160.19,False,False,False,False,4,1,1,411,6
14715,2011-11-15 12:10:00,25,4,867.38,False,False,False,False,4,4,3,443,11
14716,2011-10-27 17:29:00,44,2,307.51,False,False,False,False,3,3,2,332,8
14719,2011-12-08 12:43:00,2,5,1581.84,False,False,False,False,5,4,4,544,13
14720,2011-12-04 12:02:00,6,3,663.81,False,False,False,False,5,3,3,533,11
14722,2011-07-15 14:58:00,148,1,180.42,False,False,False,False,2,1,1,211,4
14723,2011-11-29 15:23:00,11,6,1122.36,False,False,False,False,5,5,4,554,14
14725,2011-11-15 12:42:00,25,1,655.58,False,False,False,False,4,1,3,413,8
14727,2011-03-10 14:45:00,275,1,268.58,False,False,False,False,1,1,2,112,4
14729,2010-12-01 12:43:00,374,1,313.49,True,False,False,True,1,1,2,112,4
14730,2011-12-08 14:39:00,2,8,1897.57,False,False,False,False,5,5,4,554,14
14731,2011-10-23 15:54:00,48,3,380.02,False,False,False,False,3,3,2,332,8
14732,2011-12-01 14:34:00,9,8,2702.4900000000002,False,False,False,False,5,5,5,555,15
14733,2011-11-23 15:39:00,17,12,9585.91,False,True,True,True,4,5,5,455,14
14735,2011-12-06 12:09:00,4,32,6065.6900000000005,False,True,True,True,5,5,5,555,15
14737,2011-12-06 10:16:00,4,3,1164.55,False,False,False,False,5,3,4,534,12
14738,2011-10-28 08:56:00,43,7,1314.45,False,False,False,False,3,5,4,354,12
14739,2011-12-05 16:54:00,5,7,3902.28,False,False,True,True,5,5,5,555,15
14740,2011-05-26 18:17:00,198,3,1448.21,False,False,False,False,1,3,4,134,8
14741,2011-11-28 08:48:00,12,6,1400.3400000000001,False,False,False,False,5,5,4,554,14
14744,2011-11-23 12:51:00,17,7,1099.98,False,False,False,False,4,5,4,454,13
14745,2011-08-19 10:05:00,113,5,1220.26,False,False,False,False,2,4,4,244,10
14747,2011-04-04 14:09:00,250,1,328.2,False,False,False,False,1,1,2,112,4
14748,2011-11-10 18:33:00,30,5,1415.75,False,False,False,False,4,4,4,444,12
14752,2011-10-27 11:55:00,44,1,389.64000000000004,False,False,False,False,3,1,2,312,6
14753,2011-09-13 14:50:00,88,1,563.15,False,False,False,False,2,1,3,213,6
14754,2011-10-26 12:01:00,45,2,638.05,False,False,False,False,3,3,3,333,9
14755,2011-11-30 11:24:00,10,11,5010.28,False,False,True,True,5,5,5,555,15
14756,2011-11-24 18:13:00,16,1,738.96,False,False,False,False,4,1,3,413,8
14757,2011-09-25 14:36:00,76,1,420.5,False,False,False,False,2,1,2,212,5
14758,2011-07-18 08:21:00,145,4,1484.06,False,False,False,False,2,4,4,244,10
14759,2011-12-05 12:03:00,5,3,1625.97,False,False,False,False,5,3,4,534,12
14760,2011-02-15 16:27:00,298,1,89.2,False,False,False,False,1,1,1,111,3
14761,2011-10-12 12:10:00,59,2,255.9,False,False,False,False,3,3,2,332,8
14762,2011-03-21 08:20:00,264,1,300.52,False,False,False,False,1,1,2,112,4
14764,2011-10-24 11:54:00,47,1,278.3,False,False,False,False,3,1,2,312,6
14765,2011-11-10 19:53:00,30,3,254.11,False,False,False,False,4,3,2,432,9
14766,2011-12-01 16:05:00,9,6,2473.37,False,False,False,False,5,5,5,555,15
14768,2011-11-22 12:54:00,18,2,192.60000000000002,False,False,False,False,4,3,1,431,8
14769,2011-12-07 10:24:00,3,8,10416.98,False,False,True,True,5,5,5,555,15
14770,2011-04-21 14:21:00,233,2,876.4200000000001,False,False,False,False,1,3,3,133,7
14772,2011-08-19 15:04:00,113,1,139.26,False,False,False,False,2,1,1,211,4
14775,2011-10-12 15:27:00,59,3,1011.9,False,False,False,False,3,3,4,334,10
14776,2011-10-19 15:34:00,52,11,2538.2999999999997,False,False,False,False,3,5,5,355,13
14778,2011-08-04 15:23:00,128,2,730.86,False,False,False,False,2,3,3,233,8
14779,2011-03-04 12:42:00,281,3,386.15,False,False,False,False,1,3,2,132,6
14780,2011-10-16 12:46:00,55,2,447.68,False,False,False,False,3,3,2,332,8
14782,2011-01-24 11:12:00,320,1,200.10000000000002,False,False,False,False,1,1,1,111,3
14784,2011-11-13 13:30:00,27,2,289.99,False,False,False,False,4,3,2,432,9
14785,2011-11-29 13:21:00,11,2,77.4,False,False,False,False,5,3,1,531,9
14788,2011-12-02 17:06:00,8,2,679.44,False,False,False,False,5,3,3,533,11
14789,2011-11-11 08:59:00,29,1,197.64,False,False,False,False,4,1,1,411,6
14790,2011-11-23 09:28:00,17,4,745.06,False,False,False,False,4,4,3,443,11
14792,2011-10-07 09:19:00,64,1,6.2,False,False,False,False,3,1,1,311,5
14793,2011-11-18 14:50:00,22,1,228.99,False,False,False,False,4,1,1,411,6
14794,2011-12-07 10:11:00,3,7,1319.91,False,False,False,False,5,5,4,554,14
14795,2011-06-26 13:04:00,167,1,131.45000000000002,False,False,False,False,2,1,1,211,4
14796,2011-12-08 15:31:00,2,17,7975.49,False,True,True,True,5,5,5,555,15
14798,2011-10-18 10:58:00,53,3,173.74,False,False,False,False,3,3,1,331,7
14799,2011-10-19 16:16:00,52,1,157.7,False,False,False,False,3,1,1,311,5
14800,2011-10-23 12:46:00,48,12,4331.79,False,True,True,True,3,5,5,355,13
14801,2011-10-09 15:24:00,62,1,189.34,False,False,False,False,3,1,1,311,5
14803,2011-06-30 13:58:00,163,3,845.5500000000001,False,False,False,False,2,3,3,233,8
14804,2011-12-01 11:20:00,9,1,353.27,False,False,False,False,5,1,2,512,8
14805,2011-11-24 16:20:00,16,4,546.4,False,False,False,False,4,4,3,443,11
14806,2011-09-25 15:32:00,76,1,193.39000000000001,False,False,False,False,2,1,1,211,4
14808,2011-10-31 12:21:00,40,8,2718.6,False,False,False,False,3,5,5,355,13
14810,2011-10-30 11:19:00,41,11,2085.33,False,False,False,False,3,5,5,355,13
14813,2010-12-05 11:57:00,370,2,152.88,True,False,False,True,1,3,1,131,5
14815,2011-11-03 11:36:00,37,2,778.5,False,False,False,False,3,3,3,333,9
14816,2011-05-26 13:16:00,198,1,271.85,False,False,False,False,1,1,2,112,4
14817,2011-05-23 13:35:00,201,2,1110.34,False,False,False,False,1,3,4,134,8
14818,2011-09-27 11:01:00,74,3,657.8,False,False,False,False,2,3,3,233,8
14819,2011-10-06 13:41:00,65,2,272.07,False,False,False,False,3,3,2,332,8
14820,2011-11-18 15:41:00,22,4,507.29,False,False,False,False,4,4,3,443,11
14821,2010-12-08 08:43:00,367,1,48.800000000000004,True,False,False,True,1,1,1,111,3
14823,2011-06-12 13:12:00,181,3,321.43,False,False,False,False,1,3,2,132,6
14824,2011-11-29 14:20:00,11,4,1127.71,False,False,False,False,5,4,4,544,13
14825,2011-12-06 11:38:00,4,12,2221.01,False,True,False,True,5,5,5,555,15
14828,2011-05-27 10:16:00,197,3,2139.76,False,False,False,False,1,3,5,135,9
14829,2011-11-10 16:16:00,30,4,697.55,False,False,False,False,4,4,3,443,11
14830,2011-10-17 14:29:00,54,1,188.88,False,False,False,False,3,1,1,311,5
14834,2011-11-22 10:30:00,18,6,1720.3,False,False,False,False,4,5,4,454,13
14836,2011-11-29 16:45:00,11,3,102.45,False,False,False,False,5,3,1,531,9
14837,2011-09-11 10:58:00,90,4,1649.5,False,False,False,False,2,4,4,244,10
14840,2011-03-17 12:00:00,268,1,62.85,False,False,False,False,1,1,1,111,3
14841,2011-10-17 15:03:00,54,6,3295.76,False,False,False,False,3,5,5,355,13
14842,2011-10-27 12:37:00,44,4,2824.69,False,False,False,False,3,4,5,345,12
14844,2011-10-07 10:41:00,64,4,3189.81,False,False,False,False,3,4,5,345,12
14847,2011-07-14 10:52:00,149,1,309.40000000000003,False,False,False,False,2,1,2,212,5
14849,2011-11-18 10:58:00,22,25,7930.54,False,True,True,True,4,5,5,455,14
14850,2011-02-01 11:21:00,312,1,325.75,False,False,False,False,1,1,2,112,4
14851,2011-11-16 14:20:00,24,2,511.35,False,False,False,False,4,3,3,433,10
14852,2011-10-12 13:20:00,59,6,2836.69,False,False,False,False,3,5,5,355,13
14853,2011-11-15 16:56:00,25,2,475.8,False,False,False,False,4,3,2,432,9
14854,2011-09-22 17:00:00,79,7,2740.03,False,False,False,False,2,5,5,255,12
14855,2011-08-12 14:02:00,120,2,645.65,False,False,False,False,2,3,3,233,8
14856,2011-11-03 14:53:00,37,3,1290.53,False,False,False,False,3,3,4,334,10
14857,2011-10-11 09:23:00,60,2,1173.1200000000001,False,False,False,False,3,3,4,334,10
14859,2011-11-27 11:18:00,13,4,1353.74,False,False,False,False,5,4,4,544,13
14860,2011-11-20 14:17:00,20,1,170.32,False,False,False,False,4,1,1,411,6
14861,2011-10-18 12:54:00,53,1,125.79,False,False,False,False,3,1,1,311,5
14862,2011-11-14 10:01:00,26,2,841.2,False,False,False,False,4,3,3,433,10
14863,2011-11-10 15:04:00,30,1,266.76,False,False,False,False,4,1,2,412,7
14865,2011-12-02 16:25:00,8,2,52.2,False,False,False,False,5,3,1,531,9
14866,2011-11-29 11:45:00,11,12,14389.9,False,True,True,True,5,5,5,555,15
14867,2011-06-07 11:39:00,186,3,710.28,False,False,False,False,1,3,3,133,7
14868,2011-12-06 14:49:00,4,8,2953.59,False,False,False,False,5,5,5,555,15
14869,2011-12-01 12:36:00,9,2,721.45,False,False,False,False,5,3,3,533,11
14870,2011-03-23 10:51:00,262,1,327.25,False,False,False,False,1,1,2,112,4
14871,2011-12-06 13:42:00,4,4,501.28000000000003,False,False,False,False,5,4,3,543,12
14873,2011-05-13 13:52:00,211,1,519.68,False,False,False,False,1,1,3,113,5
14875,2011-08-24 12:20:00,108,2,1465.32,False,False,False,False,2,3,4,234,9
14878,2011-11-27 11:15:00,13,9,1476.09,False,False,False,False,5,5,4,554,14
14880,2011-09-23 13:42:00,78,3,690.59,False,False,False,False,2,3,3,233,8
14881,2011-11-20 11:06:00,20,1,255.4,False,False,False,False,4,1,2,412,7
14882,2011-11-13 12:47:00,27,2,589.7,False,False,False,False,4,3,3,433,10
14883,2011-11-21 10:23:00,19,6,761.59,False,False,False,False,4,5,3,453,12
14885,2011-07-31 12:05:00,132,1,765.3199999999999,False,False,False,False,2,1,3,213,6
14886,2011-04-01 08:56:00,253,1,364.8,False,False,False,False,1,1,2,112,4
14887,2011-09-21 15:32:00,80,1,1862.0,False,False,False,False,2,1,4,214,7
14888,2011-05-16 14:58:00,208,1,369.2,False,False,False,False,1,1,2,112,4
14889,2011-01-07 15:19:00,337,1,135.9,True,False,False,True,1,1,1,111,3
14890,2011-03-31 11:57:00,254,1,125.65,False,False,False,False,1,1,1,111,3
14891,2011-07-14 18:08:00,149,2,554.38,False,False,False,False,2,3,3,233,8
14893,2011-11-30 12:31:00,10,2,1237.8500000000001,False,False,False,False,5,3,4,534,12
14894,2011-09-15 13:51:00,86,1,655.75,False,False,False,False,2,1,3,213,6
14895,2011-12-02 09:23:00,8,20,11138.710000000001,False,True,True,True,5,5,5,555,15
14896,2011-05-19 10:20:00,205,2,468.77000000000004,False,False,False,False,1,3,2,132,6
14897,2011-12-02 10:32:00,8,4,1366.38,False,False,False,False,5,4,4,544,13
14898,2011-11-16 14:54:00,24,6,1269.31,False,False,False,False,4,5,4,454,13
14901,2011-11-28 17:09:00,12,9,1421.29,False,False,False,False,5,5,4,554,14
14902,2011-11-14 10:34:00,26,1,332.66,False,False,False,False,4,1,2,412,7
14903,2011-11-18 16:07:00,22,5,2795.33,False,False,False,False,4,4,5,445,13
14904,2011-12-07 12:55:00,3,2,1025.44,False,False,False,False,5,3,4,534,12
14905,2011-07-05 12:41:00,158,2,616.15,False,False,False,False,2,3,3,233,8
14907,2011-12-06 14:14:00,4,7,3501.1,False,False,False,False,5,5,5,555,15
14908,2011-09-26 12:56:00,75,1,277.8,False,False,False,False,2,1,2,212,5
14910,2011-12-07 10:06:00,3,4,434.35,False,False,False,False,5,4,2,542,11
14911,2011-12-08 15:54:00,2,201,143711.17,False,True,True,True,5,5,5,555,15
14912,2011-11-23 09:20:00,17,2,867.85,False,False,False,False,4,3,3,433,10
14913,2011-11-04 08:29:00,36,4,1227.43,False,False,False,False,3,4,4,344,11
14915,2011-09-09 13:34:00,92,2,307.48,False,False,False,False,2,3,2,232,7
14916,2011-09-30 09:20:00,71,4,1268.98,False,False,False,False,3,4,4,344,11
14918,2011-08-16 11:50:00,116,2,1610.15,False,False,False,False,2,3,4,234,9
14920,2011-05-11 10:32:00,213,2,977.77,False,False,False,False,1,3,4,134,8
14921,2011-11-09 13:17:00,31,2,1316.07,False,False,False,False,4,3,4,434,11
14923,2011-10-20 11:51:00,51,1,749.1,False,False,False,False,3,1,3,313,7
14924,2011-04-08 09:25:00,246,1,310.05,False,False,False,False,1,1,2,112,4
14929,2011-11-07 17:21:00,33,1,223.88,False,False,False,False,4,1,1,411,6
14930,2011-08-23 10:31:00,109,3,2362.96,False,False,False,False,2,3,5,235,10
14931,2011-12-05 10:19:00,5,5,1257.68,False,False,False,False,5,4,4,544,13
14932,2010-12-09 11:48:00,366,1,363.53,True,False,False,True,1,1,2,112,4
14934,2011-09-19 10:10:00,82,2,1890.94,False,False,False,False,2,3,4,234,9
14935,2011-02-15 14:44:00,298,1,1784.71,False,False,False,False,1,1,4,114,6
14936,2011-11-06 10:30:00,34,8,8137.02,False,False,True,True,3,5,5,355,13
14937,2011-10-14 12:29:00,57,3,1621.88,False,False,False,False,3,3,4,334,10
14944,2011-11-10 09:10:00,30,12,5900.25,False,True,True,True,4,5,5,455,14
14946,2011-11-25 13:33:00,15,1,100.9,False,False,False,False,4,1,1,411,6
14947,2011-09-28 15:48:00,73,2,290.82,False,False,False,False,2,3,2,232,7
14948,2011-11-16 17:16:00,24,6,1101.97,False,False,False,False,4,5,4,454,13
14950,2011-11-20 13:48:00,20,1,371.2,False,False,False,False,4,1,2,412,7
14951,2011-09-21 15:15:00,80,1,311.69,False,False,False,False,2,1,2,212,5
14952,2011-10-11 10:33:00,60,11,8099.49,False,False,True,True,3,5,5,355,13
14953,2011-11-14 14:59:00,26,1,285.67,False,False,False,False,4,1,2,412,7
14954,2011-11-27 14:30:00,13,1,294.85,False,False,False,False,5,1,2,512,8
14957,2011-03-31 17:59:00,254,1,58.49,False,False,False,False,1,1,1,111,3
14958,2011-07-15 14:20:00,148,3,483.73,False,False,False,False,2,3,2,232,7
14959,2011-10-06 18:23:00,65,4,695.42,False,False,False,False,3,4,3,343,10
14960,2011-12-01 12:54:00,9,2,221.27,False,False,False,False,5,3,1,531,9
14961,2011-11-29 09:42:00,11,9,7044.68,False,False,True,True,5,5,5,555,15
14962,2011-03-14 09:42:00,271,1,126.7,False,False,False,False,1,1,1,111,3
14963,2011-11-30 12:16:00,10,5,1472.34,False,False,False,False,5,4,4,544,13
14964,2011-04-06 14:13:00,248,1,206.21,False,False,False,False,1,1,1,111,3
14965,2011-09-04 13:20:00,97,2,596.09,False,False,False,False,2,3,3,233,8
14966,2011-11-25 12:20:00,15,1,183.02,False,False,False,False,4,1,1,411,6
14967,2011-10-21 11:06:00,50,1,463.8,False,False,False,False,3,1,2,312,6
14968,2011-11-09 13:58:00,31,1,147.59,False,False,False,False,4,1,1,411,6
14970,2011-10-02 13:44:00,69,4,1592.06,False,False,False,False,3,4,4,344,11
14971,2011-11-04 17:07:00,36,3,1097.98,False,False,False,False,3,3,4,334,10
14972,2011-08-03 14:54:00,129,1,114.77,False,False,False,False,2,1,1,211,4
14973,2011-08-24 15:51:00,108,3,1314.45,False,False,False,False,2,3,4,234,9
14974,2011-11-02 13:01:00,38,1,89.94,False,False,False,False,3,1,1,311,5
14975,2011-10-13 14:08:00,58,1,279.94,False,False,False,False,3,1,2,312,6
14976,2011-10-13 16:37:00,58,7,790.86,False,False,False,False,3,5,3,353,11
14978,2011-09-28 13:07:00,73,5,1921.3700000000001,False,False,False,False,2,4,4,244,10
14981,2011-04-07 13:45:00,247,1,102.12,False,False,False,False,1,1,1,111,3
14984,2011-11-20 14:28:00,20,2,202.37,False,False,False,False,4,3,1,431,8
14985,2011-05-25 14:29:00,199,2,292.01,False,False,False,False,1,3,2,132,6
14987,2011-11-24 09:59:00,16,2,326.4,False,False,False,False,4,3,2,432,9
14988,2011-05-12 12:05:00,212,1,334.54,False,False,False,False,1,1,2,112,4
14995,2011-11-01 11:39:00,39,2,231.98000000000002,False,False,False,False,3,3,1,331,7
14997,2011-10-24 13:28:00,47,3,546.1999999999999,False,False,False,False,3,3,3,333,9
14998,2011-06-22 17:30:00,171,2,414.87,False,False,False,False,2,3,2,232,7
15000,2011-10-23 11:42:00,48,1,490.52,False,False,False,False,3,1,3,313,7
15002,2011-08-16 10:44:00,116,4,1641.76,False,False,False,False,2,4,4,244,10
15004,2011-07-15 14:05:00,148,1,1220.77,False,False,False,False,2,1,4,214,7
15005,2011-11-24 12:25:00,16,28,6295.37,False,True,True,True,4,5,5,455,14
15006,2011-10-19 15:08:00,52,1,480.38,False,False,False,False,3,1,2,312,6
15007,2011-07-03 16:00:00,160,1,156.91,False,False,False,False,2,1,1,211,4
15009,2011-11-27 13:35:00,13,3,1259.43,False,False,False,False,5,3,4,534,12
15010,2011-11-04 12:42:00,36,1,308.94,False,False,False,False,3,1,2,312,6
15012,2011-10-17 12:22:00,54,2,405.04,False,False,False,False,3,3,2,332,8
15014,2011-10-27 20:07:00,44,2,257.67,False,False,False,False,3,3,2,332,8
15016,2011-06-20 12:06:00,173,1,170.04,False,False,False,False,2,1,1,211,4
15017,2011-11-06 10:33:00,34,1,125.58,False,False,False,False,3,1,1,311,5
15018,2011-11-01 12:47:00,39,3,496.21,False,False,False,False,3,3,3,333,9
15019,2011-03-18 12:35:00,267,1,252.81,False,False,False,False,1,1,2,112,4
15021,2011-12-01 11:53:00,9,9,1871.77,False,False,False,False,5,5,4,554,14
15022,2011-11-28 12:35:00,12,4,852.39,False,False,False,False,5,4,3,543,12
15023,2011-12-06 17:23:00,4,11,6720.41,False,False,True,True,5,5,5,555,15
15024,2011-11-30 12:06:00,10,10,1636.43,False,False,False,False,5,5,4,554,14
15025,2011-11-06 15:20:00,34,1,361.96,False,False,False,False,3,1,2,312,6
15026,2011-09-20 13:52:00,81,3,469.0,False,False,False,False,2,3,2,232,7
15027,2011-11-09 10:16:00,31,4,1066.15,False,False,False,False,4,4,4,444,12
15028,2011-12-01 14:06:00,9,4,627.13,False,False,False,False,5,4,3,543,12
15030,2011-09-29 10:50:00,72,2,518.28,False,False,False,False,3,3,3,333,9
15031,2011-12-05 14:19:00,5,4,653.19,False,False,False,False,5,4,3,543,12
15032,2011-03-28 15:03:00,257,3,4959.1,False,False,True,True,1,3,5,135,9
15033,2011-12-05 12:40:00,5,10,2557.18,False,False,False,False,5,5,5,555,15
15034,2011-11-24 12:11:00,16,8,4274.16,False,False,True,True,4,5,5,455,14
15035,2011-09-11 11:08:00,90,1,252.73000000000002,False,False,False,False,2,1,2,212,5
15036,2011-09-28 15:42:00,73,3,429.56,False,False,False,False,2,3,2,232,7
15038,2011-10-12 11:33:00,59,6,685.74,False,False,False,False,3,5,3,353,11
15039,2011-11-30 11:31:00,10,47,19766.59,False,True,True,True,5,5,5,555,15
15041,2011-06-22 16:16:00,171,1,179.93,False,False,False,False,2,1,1,211,4
15042,2011-05-24 16:25:00,200,1,135.93,False,False,False,False,1,1,1,111,3
15043,2011-11-08 14:26:00,32,1,537.0,False,False,False,False,4,1,3,413,8
15044,2011-11-20 13:20:00,20,17,7634.7300000000005,False,True,True,True,4,5,5,455,14
15045,2011-07-11 11:33:00,152,2,735.66,False,False,False,False,2,3,3,233,8
15046,2011-11-30 15:50:00,10,15,5090.42,False,True,True,True,5,5,5,555,15
15047,2011-03-15 10:49:00,270,1,343.62,False,False,False,False,1,1,2,112,4
15048,2011-10-05 14:55:00,66,4,381.0,False,False,False,False,3,4,2,342,9
15049,2011-03-11 12:13:00,274,1,121.17000000000002,False,False,False,False,1,1,1,111,3
15050,2011-11-14 16:17:00,26,3,1737.69,False,False,False,False,4,3,4,434,11
15051,2011-11-16 15:38:00,24,3,1383.36,False,False,False,False,4,3,4,434,11
15052,2011-01-24 15:52:00,320,1,207.73000000000002,False,False,False,False,1,1,1,111,3
15053,2011-12-05 12:08:00,5,3,693.95,False,False,False,False,5,3,3,533,11
15054,2011-11-27 15:02:00,13,2,302.1,False,False,False,False,5,3,2,532,10
15057,2011-03-09 15:17:00,276,2,1489.5,False,False,False,False,1,3,4,134,8
15058,2011-11-14 14:57:00,26,11,2102.54,False,False,False,False,4,5,5,455,14
15059,2011-10-30 11:35:00,41,9,1337.72,False,False,False,False,3,5,4,354,12
15060,2011-12-01 13:47:00,9,4,294.25,False,False,False,False,5,4,2,542,11
15061,2011-12-06 12:06:00,4,48,54534.14,False,True,True,True,5,5,5,555,15
15062,2011-09-29 16:51:00,72,4,987.86,False,False,False,False,3,4,4,344,11
15063,2011-05-10 13:25:00,214,1,370.79999999999995,False,False,False,False,1,1,2,112,4
15065,2011-11-02 09:45:00,38,4,3158.13,False,False,False,False,3,4,5,345,12
15066,2011-10-17 13:25:00,54,1,893.59,False,False,False,False,3,1,3,313,7
15067,2011-09-22 13:20:00,79,3,1744.76,False,False,False,False,2,3,4,234,9
15068,2011-10-24 14:47:00,47,2,553.36,False,False,False,False,3,3,3,333,9
15069,2011-06-13 14:16:00,180,1,1109.53,False,False,False,False,1,1,4,114,6
15070,2010-12-02 11:23:00,373,1,106.2,True,False,False,True,1,1,1,111,3
15071,2011-09-07 11:43:00,94,2,982.07,False,False,False,False,2,3,4,234,9
15073,2011-11-30 10:44:00,10,3,1043.41,False,False,False,False,5,3,4,534,12
15074,2011-08-26 14:45:00,106,1,735.67,False,False,False,False,2,1,3,213,6
15075,2011-09-23 12:27:00,78,1,773.03,False,False,False,False,2,1,3,213,6
15076,2011-06-20 08:23:00,173,1,880.85,False,False,False,False,2,1,3,213,6
15078,2011-12-02 15:41:00,8,32,9743.11,False,True,True,True,5,5,5,555,15
15079,2011-05-11 12:45:00,213,4,895.61,False,False,False,False,1,4,3,143,8
15081,2011-11-17 17:08:00,23,5,504.8,False,False,False,False,4,4,3,443,11
15083,2011-03-28 12:18:00,257,1,88.2,False,False,False,False,1,1,1,111,3
15087,2011-03-03 10:34:00,282,1,306.94,False,False,False,False,1,1,2,112,4
15088,2011-11-18 13:14:00,22,2,1160.07,False,False,False,False,4,3,4,434,11
15089,2011-11-29 16:31:00,11,6,2420.84,False,False,False,False,5,5,5,555,15
15090,2011-02-04 14:03:00,309,1,381.32,False,False,False,False,1,1,2,112,4
15091,2011-10-03 12:47:00,68,1,480.71,False,False,False,False,3,1,2,312,6
15092,2011-05-08 14:10:00,216,2,457.81,False,False,False,False,1,3,2,132,6
15093,2011-11-21 13:09:00,19,6,4597.02,False,False,True,True,4,5,5,455,14
15095,2011-08-28 12:01:00,104,4,1370.6000000000001,False,False,False,False,2,4,4,244,10
15096,2011-10-28 10:27:00,43,1,219.39000000000001,False,False,False,False,3,1,1,311,5
15097,2011-12-05 14:03:00,5,1,248.08,False,False,False,False,5,1,1,511,7
15098,2011-06-10 15:33:00,183,3,39916.5,False,False,True,True,1,3,5,135,9
15099,2011-09-16 13:13:00,85,1,410.48,False,False,False,False,2,1,2,212,5
15100,2011-01-10 10:35:00,334,3,876.0,True,False,False,True,1,3,3,133,7
15101,2011-12-01 10:18:00,9,2,317.53000000000003,False,False,False,False,5,3,2,532,10
15103,2011-11-08 14:53:00,32,2,703.36,False,False,False,False,4,3,3,433,10
15104,2011-05-27 12:29:00,197,2,993.54,False,False,False,False,1,3,4,134,8
15105,2011-11-21 16:54:00,19,7,2298.93,False,False,False,False,4,5,5,455,14
15106,2011-11-22 09:16:00,18,5,1422.52,False,False,False,False,4,4,4,444,12
15107,2011-02-01 14:46:00,312,6,319.5,False,False,False,False,1,5,2,152,8
15108,2011-07-21 10:24:00,142,4,1300.25,False,False,False,False,2,4,4,244,10
15109,2011-04-08 09:58:00,246,1,484.95,False,False,False,False,1,1,2,112,4
15110,2011-11-16 11:16:00,24,4,996.1,False,False,False,False,4,4,4,444,12
15111,2011-11-10 16:58:00,30,3,1567.48,False,False,False,False,4,3,4,434,11
15113,2011-11-30 08:23:00,10,3,3509.43,False,False,False,False,5,3,5,535,13
15114,2011-11-09 15:05:00,31,10,2760.56,False,False,False,False,4,5,5,455,14
15115,2011-11-21 14:59:00,19,1,340.11,False,False,False,False,4,1,2,412,7
15116,2011-11-22 12:25:00,18,4,1352.75,False,False,False,False,4,4,4,444,12
15117,2011-11-25 08:12:00,15,5,1551.78,False,False,False,False,4,4,4,444,12
15118,2011-07-28 14:54:00,135,1,244.8,False,False,False,False,2,1,1,211,4
15119,2011-04-08 09:08:00,246,1,266.4,False,False,False,False,1,1,2,112,4
15120,2011-07-29 09:48:00,134,1,358.82,False,False,False,False,2,1,2,212,5
15121,2011-10-20 14:51:00,51,2,457.72,False,False,False,False,3,3,2,332,8
15122,2011-08-17 16:48:00,115,3,1633.78,False,False,False,False,2,3,4,234,9
15123,2011-12-02 13:12:00,8,2,2199.31,False,False,False,False,5,3,5,535,13
15124,2011-11-17 10:09:00,23,2,184.19,False,False,False,False,4,3,1,431,8
15125,2011-11-14 13:57:00,26,15,11528.48,False,True,True,True,4,5,5,455,14
15127,2011-10-05 10:30:00,66,1,406.53000000000003,False,False,False,False,3,1,2,312,6
15128,2011-10-10 13:54:00,61,4,1471.0,False,False,False,False,3,4,4,344,11
15129,2011-10-20 14:40:00,51,11,3447.4,False,False,False,False,3,5,5,355,13
15130,2011-06-23 10:15:00,170,1,330.11,False,False,False,False,2,1,2,212,5
15132,2011-11-21 17:10:00,19,5,977.9300000000001,False,False,False,False,4,4,4,444,12
15133,2011-08-04 10:44:00,128,3,982.42,False,False,False,False,2,3,4,234,9
15134,2011-11-25 08:55:00,15,8,1387.99,False,False,False,False,4,5,4,454,13
15135,2011-04-14 19:16:00,240,1,139.05,False,False,False,False,1,1,1,111,3
15136,2011-12-07 12:26:00,3,4,1286.7,False,False,False,False,5,4,4,544,13
15139,2011-04-14 11:39:00,240,2,178.96,False,False,False,False,1,3,1,131,5
15140,2011-10-18 14:07:00,53,7,2354.25,False,False,False,False,3,5,5,355,13
15142,2011-10-24 12:51:00,47,1,498.74,False,False,False,False,3,1,3,313,7
15143,2011-04-28 12:03:00,226,1,259.45,False,False,False,False,1,1,2,112,4
15144,2011-12-01 15:12:00,9,17,6580.4400000000005,False,True,True,True,5,5,5,555,15
15145,2011-12-05 17:21:00,5,4,1194.73,False,False,False,False,5,4,4,544,13
15146,2011-06-28 12:09:00,165,2,1327.16,False,False,False,False,2,3,4,234,9
15147,2011-04-13 15:57:00,241,1,623.5,False,False,False,False,1,1,3,113,5
15148,2011-11-29 08:21:00,11,1,301.29,False,False,False,False,5,1,2,512,8
15149,2011-07-29 10:58:00,134,1,520.8000000000001,False,False,False,False,2,1,3,213,6
15150,2011-11-22 12:52:00,18,10,5291.33,False,False,True,True,4,5,5,455,14
15152,2011-11-30 12:32:00,10,13,4745.69,False,True,True,True,5,5,5,555,15
15153,2011-11-08 17:09:00,32,1,329.25,False,False,False,False,4,1,2,412,7
15154,2011-09-25 16:05:00,76,1,254.28,False,False,False,False,2,1,2,212,5
15156,2011-12-08 18:22:00,2,3,961.49,False,False,False,False,5,3,4,534,12
15157,2011-12-06 11:28:00,4,3,1936.07,False,False,False,False,5,3,4,534,12
15158,2011-10-25 13:53:00,46,1,401.40000000000003,False,False,False,False,3,1,2,312,6
15159,2011-12-08 12:05:00,2,30,18641.010000000002,False,True,True,True,5,5,5,555,15
15160,2010-12-17 14:15:00,358,1,158.16,True,False,False,True,1,1,1,111,3
15163,2011-11-21 13:10:00,19,2,304.47,False,False,False,False,4,3,2,432,9
15164,2011-10-02 12:05:00,69,3,824.58,False,False,False,False,3,3,3,333,9
15165,2010-12-01 14:03:00,374,1,487.75,True,False,False,True,1,1,3,113,5
15167,2011-01-23 12:41:00,321,1,158.8,False,False,False,False,1,1,1,111,3
15168,2011-11-14 11:26:00,26,1,106.56,False,False,False,False,4,1,1,411,6
15171,2011-01-12 15:36:00,332,1,1289.5,True,False,False,True,1,1,4,114,6
15172,2011-12-01 11:51:00,9,5,1624.05,False,False,False,False,5,4,4,544,13
15174,2011-01-21 09:06:00,323,1,135.75,False,False,False,False,1,1,1,111,3
15175,2011-09-29 11:31:00,72,1,224.14,False,False,False,False,3,1,1,311,5
15178,2011-03-24 15:12:00,261,1,40.5,False,False,False,False,1,1,1,111,3
15179,2011-11-21 12:53:00,19,5,2206.9500000000003,False,False,False,False,4,4,5,445,13
15180,2010-12-07 14:57:00,368,1,87.5,True,False,False,True,1,1,1,111,3
15181,2011-10-04 13:58:00,67,3,689.48,False,False,False,False,3,3,3,333,9
15182,2011-07-08 13:37:00,155,2,622.85,False,False,False,False,2,3,3,233,8
15184,2011-11-10 13:41:00,30,2,402.2,False,False,False,False,4,3,2,432,9
15185,2011-09-30 14:06:00,71,1,310.62,False,False,False,False,3,1,2,312,6
15186,2011-11-25 14:58:00,15,2,411.41,False,False,False,False,4,3,2,432,9
15187,2011-12-08 11:56:00,2,16,4777.18,False,True,True,True,5,5,5,555,15
15189,2011-12-08 13:22:00,2,41,16225.39,False,True,True,True,5,5,5,555,15
15192,2011-08-12 11:41:00,120,3,1044.32,False,False,False,False,2,3,4,234,9
15193,2011-10-10 08:23:00,61,1,499.32,False,False,False,False,3,1,3,313,7
15194,2011-12-06 15:10:00,4,15,7616.53,False,True,True,True,5,5,5,555,15
15195,2011-12-07 12:20:00,3,1,3861.0,False,False,True,True,5,1,5,515,11
15197,2011-11-29 10:00:00,11,3,1079.61,False,False,False,False,5,3,4,534,12
15198,2011-09-08 14:42:00,93,2,193.64,False,False,False,False,2,3,1,231,6
15199,2011-10-11 15:12:00,60,4,1268.7,False,False,False,False,3,4,4,344,11
15201,2011-09-13 14:53:00,88,5,1236.54,False,False,False,False,2,4,4,244,10
15203,2011-11-14 08:16:00,26,6,1827.8,False,False,False,False,4,5,4,454,13
15204,2010-12-17 13:49:00,358,1,316.58,True,False,False,True,1,1,2,112,4
15205,2011-09-15 19:36:00,86,2,653.24,False,False,False,False,2,3,3,233,8
15206,2011-11-29 13:41:00,11,4,420.3,False,False,False,False,5,4,2,542,11
15208,2011-12-08 17:24:00,2,5,870.12,False,False,False,False,5,4,3,543,12
15210,2011-04-28 16:11:00,226,1,331.18,False,False,False,False,1,1,2,112,4
15211,2011-10-10 13:31:00,61,2,894.4100000000001,False,False,False,False,3,3,3,333,9
15212,2011-04-12 13:45:00,242,1,101.8,False,False,False,False,1,1,1,111,3
15213,2011-01-25 12:21:00,319,2,328.35,False,False,False,False,1,3,2,132,6
15214,2011-12-08 12:07:00,2,8,1661.44,False,False,False,False,5,5,4,554,14
15215,2011-10-24 11:41:00,47,3,734.94,False,False,False,False,3,3,3,333,9
15216,2011-09-13 11:41:00,88,1,96.6,False,False,False,False,2,1,1,211,4
15218,2011-11-29 11:48:00,11,11,5756.89,False,False,True,True,5,5,5,555,15
15219,2011-06-16 16:57:00,177,1,305.75,False,False,False,False,2,1,2,212,5
15220,2011-10-19 12:39:00,52,6,1778.96,False,False,False,False,3,5,4,354,12
15221,2010-12-08 13:08:00,367,1,403.25,True,False,False,True,1,1,2,112,4
15222,2011-01-25 08:03:00,319,1,585.0,False,False,False,False,1,1,3,113,5
15223,2011-04-28 11:31:00,226,2,755.75,False,False,False,False,1,3,3,133,7
15224,2010-12-16 15:02:00,359,2,322.08,True,False,False,True,1,3,2,132,6
15225,2011-04-19 14:51:00,235,1,409.40000000000003,False,False,False,False,1,1,2,112,4
15226,2011-02-02 11:41:00,311,1,154.41,False,False,False,False,1,1,1,111,3
15227,2011-11-03 11:59:00,37,5,1219.4,False,False,False,False,3,4,4,344,11
15228,2011-10-04 13:56:00,67,4,3386.71,False,False,False,False,3,4,5,345,12
15230,2011-04-14 14:39:00,240,2,429.6,False,False,False,False,1,3,2,132,6
15232,2011-08-18 16:27:00,114,2,612.06,False,False,False,False,2,3,3,233,8
15234,2011-03-08 08:53:00,277,1,197.0,False,False,False,False,1,1,1,111,3
15235,2011-05-06 09:44:00,218,12,2247.51,False,True,False,True,1,5,5,155,11
15236,2011-02-14 10:52:00,299,1,321.05,False,False,False,False,1,1,2,112,4
15237,2011-12-08 09:46:00,2,4,1412.32,False,False,False,False,5,4,4,544,13
15238,2011-11-10 14:28:00,30,3,1071.99,False,False,False,False,4,3,4,434,11
15239,2011-11-29 14:14:00,11,2,780.59,False,False,False,False,5,3,3,533,11
15240,2011-10-26 09:50:00,45,5,1706.57,False,False,False,False,3,4,4,344,11
15241,2011-10-04 09:05:00,67,8,1756.44,False,False,False,False,3,5,4,354,12
15243,2011-09-26 14:12:00,75,1,316.68,False,False,False,False,2,1,2,212,5
15244,2011-10-05 13:19:00,66,2,631.57,False,False,False,False,3,3,3,333,9
15245,2011-07-28 18:56:00,135,3,2515.84,False,False,False,False,2,3,5,235,10
15246,2011-04-15 14:45:00,239,2,514.15,False,False,False,False,1,3,3,133,7
15247,2011-08-09 12:52:00,123,1,356.0,False,False,False,False,2,1,2,212,5
15249,2011-11-08 11:45:00,32,13,6688.46,False,True,True,True,4,5,5,455,14
15251,2011-11-30 15:02:00,10,11,10484.99,False,False,True,True,5,5,5,555,15
15252,2011-11-03 13:30:00,37,2,740.78,False,False,False,False,3,3,3,333,9
15253,2011-11-23 16:22:00,17,5,918.2,False,False,False,False,4,4,3,443,11
15254,2011-08-04 15:04:00,128,1,300.36,False,False,False,False,2,1,2,212,5
15255,2011-10-04 12:43:00,67,1,890.85,False,False,False,False,3,1,3,313,7
15256,2011-07-14 11:47:00,149,1,98.45,False,False,False,False,2,1,1,211,4
15257,2011-03-01 12:58:00,284,1,317.15,False,False,False,False,1,1,2,112,4
15258,2011-06-24 12:30:00,169,2,623.16,False,False,False,False,2,3,3,233,8
15260,2011-08-31 13:55:00,101,7,1810.77,False,False,False,False,2,5,4,254,11
15261,2011-07-27 15:20:00,136,1,254.82,False,False,False,False,2,1,2,212,5
15262,2011-01-20 12:16:00,324,1,178.95000000000002,False,False,False,False,1,1,1,111,3
15263,2011-08-25 10:26:00,107,1,156.51,False,False,False,False,2,1,1,211,4
15264,2011-10-06 13:49:00,65,1,393.74,False,False,False,False,3,1,2,312,6
15265,2011-07-11 14:46:00,152,2,1506.1200000000001,False,False,False,False,2,3,4,234,9
15266,2011-01-05 13:40:00,339,1,119.3,True,False,False,True,1,1,1,111,3
15267,2011-11-17 15:59:00,23,5,1717.36,False,False,False,False,4,4,4,444,12
15269,2011-11-16 09:32:00,24,1,408.8,False,False,False,False,4,1,2,412,7
15270,2011-11-24 09:24:00,16,7,2379.49,False,False,False,False,4,5,5,455,14
15271,2011-12-02 14:11:00,8,15,2493.34,False,True,False,True,5,5,5,555,15
15272,2011-10-13 12:59:00,58,2,721.94,False,False,False,False,3,3,3,333,9
15274,2011-12-05 16:57:00,5,2,716.57,False,False,False,False,5,3,3,533,11
15275,2011-11-02 11:20:00,38,1,615.14,False,False,False,False,3,1,3,313,7
15276,2011-10-04 16:39:00,67,1,128.63,False,False,False,False,3,1,1,311,5
15277,2011-10-24 10:08:00,47,1,255.89999999999998,False,False,False,False,3,1,2,312,6
15279,2010-12-20 10:48:00,355,1,290.51,True,False,False,True,1,1,2,112,4
15280,2011-06-20 17:14:00,173,1,113.12,False,False,False,False,2,1,1,211,4
15281,2011-10-12 09:10:00,59,9,2332.15,False,False,False,False,3,5,5,355,13
15286,2011-10-21 11:08:00,50,1,240.55,False,False,False,False,3,1,1,311,5
15287,2011-11-17 15:34:00,23,2,486.69,False,False,False,False,4,3,2,432,9
15288,2011-10-27 16:58:00,44,5,2306.52,False,False,False,False,3,4,5,345,12
15289,2011-11-10 13:49:00,30,3,939.78,False,False,False,False,4,3,4,434,11
15290,2011-12-05 11:39:00,5,18,7943.22,False,True,True,True,5,5,5,555,15
15291,2011-11-14 11:02:00,26,15,4668.3,False,True,True,True,4,5,5,455,14
15292,2011-05-22 15:00:00,202,1,178.39,False,False,False,False,1,1,1,111,3
15296,2011-10-20 11:47:00,51,6,3672.86,False,False,False,False,3,5,5,355,13
15297,2011-11-29 16:32:00,11,3,641.94,False,False,False,False,5,3,3,533,11
15298,2011-12-07 17:17:00,3,12,4799.9,False,True,True,True,5,5,5,555,15
15299,2011-10-03 14:19:00,68,7,4507.01,False,False,True,True,3,5,5,355,13
15300,2011-10-06 17:08:00,65,1,496.44,False,False,False,False,3,1,3,313,7
15301,2011-10-20 09:57:00,51,12,5049.95,False,True,True,True,3,5,5,355,13
15303,2011-02-22 13:59:00,291,1,574.02,False,False,False,False,1,1,3,113,5
15304,2011-10-10 10:23:00,61,8,694.4,False,False,False,False,3,5,3,353,11
15306,2011-10-06 12:56:00,65,3,1174.3500000000001,False,False,False,False,3,3,4,334,10
15307,2011-09-05 11:38:00,96,1,205.3,False,False,False,False,2,1,1,211,4
15308,2011-03-10 13:08:00,275,1,310.47,False,False,False,False,1,1,2,112,4
15311,2011-12-09 12:00:00,1,91,60632.75,False,True,True,True,5,5,5,555,15
15312,2011-09-25 13:10:00,76,4,924.85,False,False,False,False,2,4,3,243,9
15313,2011-08-21 16:02:00,111,1,52.0,False,False,False,False,2,1,1,211,4
15314,2011-05-24 14:39:00,200,1,327.97,False,False,False,False,1,1,2,112,4
15315,2011-10-06 12:51:00,65,2,570.5,False,False,False,False,3,3,3,333,9
15316,2011-01-17 11:34:00,327,1,165.0,False,False,False,False,1,1,1,111,3
15318,2011-12-06 11:30:00,4,1,312.62,False,False,False,False,5,1,2,512,8
15319,2011-03-01 12:48:00,284,1,204.5,False,False,False,False,1,1,1,111,3
15320,2011-10-26 13:27:00,45,1,267.13,False,False,False,False,3,1,2,312,6
15321,2011-09-30 09:40:00,71,3,2748.31,False,False,False,False,3,3,5,335,11
15322,2011-09-15 09:34:00,86,1,679.68,False,False,False,False,2,1,3,213,6
15325,2011-08-28 11:55:00,104,1,161.74,False,False,False,False,2,1,1,211,4
15326,2011-01-10 11:38:00,334,1,311.71,True,False,False,True,1,1,2,112,4
15327,2011-10-18 11:55:00,53,1,208.75,False,False,False,False,3,1,1,311,5
15329,2011-10-31 15:36:00,40,3,1049.7,False,False,False,False,3,3,4,334,10
15330,2011-11-07 17:50:00,33,2,714.9599999999999,False,False,False,False,4,3,3,433,10
15332,2010-12-08 14:43:00,367,4,1661.06,True,False,False,True,1,4,4,144,9
15333,2011-05-15 13:27:00,209,1,1028.56,False,False,False,False,1,1,4,114,6
15334,2011-07-06 11:22:00,157,3,350.82,False,False,False,False,2,3,2,232,7
15335,2011-10-17 12:50:00,54,1,170.22,False,False,False,False,3,1,1,311,5
15339,2011-10-04 12:51:00,67,2,574.07,False,False,False,False,3,3,3,333,9
15341,2011-09-20 09:40:00,81,1,2020.52,False,False,False,False,2,1,4,214,7
15342,2011-08-02 10:19:00,130,1,406.09000000000003,False,False,False,False,2,1,2,212,5
15343,2011-09-13 13:55:00,88,1,364.5,False,False,False,False,2,1,2,212,5
15344,2011-12-09 10:45:00,1,3,563.94,False,False,False,False,5,3,3,533,11
15345,2011-10-25 11:28:00,46,1,393.54,False,False,False,False,3,1,2,312,6
15346,2011-01-11 11:18:00,333,1,252.42000000000002,True,False,False,True,1,1,2,112,4
15347,2010-12-08 15:25:00,367,1,201.60000000000002,True,False,False,True,1,1,1,111,3
15348,2011-09-28 13:17:00,73,1,158.04,False,False,False,False,2,1,1,211,4
15349,2011-07-04 16:06:00,159,2,463.91,False,False,False,False,2,3,2,232,7
15350,2010-12-01 13:33:00,374,1,115.65,True,False,False,True,1,1,1,111,3
15351,2011-11-27 12:52:00,13,7,1934.66,False,False,False,False,5,5,4,554,14
15353,2011-03-30 12:15:00,255,2,770.12,False,False,False,False,1,3,3,133,7
15355,2011-11-10 13:44:00,30,2,277.05,False,False,False,False,4,3,2,432,9
15356,2011-11-08 13:11:00,32,10,2718.03,False,False,False,False,4,5,5,455,14
15358,2011-12-05 09:04:00,5,22,8347.2,False,True,True,True,5,5,5,555,15
15360,2011-10-31 09:35:00,40,1,427.93,False,False,False,False,3,1,2,312,6
15361,2010-12-13 09:52:00,362,1,418.92,True,False,False,True,1,1,2,112,4
15363,2010-12-02 12:28:00,373,1,326.0,True,False,False,True,1,1,2,112,4
15364,2011-09-05 09:46:00,96,2,913.19,False,False,False,False,2,3,3,233,8
15365,2011-11-14 08:29:00,26,7,2314.32,False,False,False,False,4,5,5,455,14
15366,2011-09-25 15:01:00,76,2,602.51,False,False,False,False,2,3,3,233,8
15367,2011-10-13 14:13:00,58,4,1877.5900000000001,False,False,False,False,3,4,4,344,11
15368,2011-11-18 14:42:00,22,1,446.94000000000005,False,False,False,False,4,1,2,412,7
15370,2011-10-30 10:58:00,41,7,2386.05,False,False,False,False,3,5,5,355,13
15372,2011-07-25 16:39:00,138,1,2007.4,False,False,False,False,2,1,4,214,7
15373,2011-12-01 15:05:00,9,12,2415.91,False,True,False,True,5,5,5,555,15
15374,2011-08-03 09:59:00,129,1,168.0,False,False,False,False,2,1,1,211,4
15376,2011-10-30 15:04:00,41,3,1221.56,False,False,False,False,3,3,4,334,10
15379,2011-06-23 13:13:00,170,7,3703.29,False,False,True,True,2,5,5,255,12
15380,2011-12-01 12:13:00,9,5,1690.26,False,False,False,False,5,4,4,544,13
15381,2011-05-10 11:55:00,214,2,596.85,False,False,False,False,1,3,3,133,7
15382,2011-11-25 10:58:00,15,6,5955.71,False,False,True,True,4,5,5,455,14
15384,2011-06-23 10:57:00,170,2,642.41,False,False,False,False,2,3,3,233,8
15385,2011-10-30 15:11:00,41,1,316.88,False,False,False,False,3,1,2,312,6
15386,2011-06-06 13:47:00,187,1,394.14,False,False,False,False,1,1,2,112,4
15388,2011-03-14 13:53:00,271,1,140.54,False,False,False,False,1,1,1,111,3
15389,2011-06-20 16:18:00,173,1,500.0,False,False,False,False,2,1,3,213,6
15392,2011-12-05 11:01:00,5,4,1535.53,False,False,False,False,5,4,4,544,13
15393,2011-11-23 16:48:00,17,2,231.86,False,False,False,False,4,3,1,431,8
15394,2011-11-30 11:49:00,10,4,2183.54,False,False,False,False,5,4,5,545,14
15395,2011-01-18 12:40:00,326,1,107.45,False,False,False,False,1,1,1,111,3
15396,2011-08-19 10:56:00,113,1,288.18,False,False,False,False,2,1,2,212,5
15397,2011-02-23 09:25:00,290,1,94.0,False,False,False,False,1,1,1,111,3
15398,2011-11-23 16:47:00,17,2,1345.53,False,False,False,False,4,3,4,434,11
15399,2011-12-08 13:04:00,2,3,815.77,False,False,False,False,5,3,3,533,11
15400,2011-09-08 13:57:00,93,5,716.2,False,False,False,False,2,4,3,243,9
15402,2011-07-14 12:17:00,149,2,626.77,False,False,False,False,2,3,3,233,8
15405,2011-06-03 14:44:00,190,1,349.1,False,False,False,False,1,1,2,112,4
15406,2011-11-08 13:22:00,32,2,510.71000000000004,False,False,False,False,4,3,3,433,10
15407,2011-11-06 11:55:00,34,4,1046.74,False,False,False,False,3,4,4,344,11
15408,2011-03-20 15:02:00,265,1,267.18,False,False,False,False,1,1,2,112,4
15410,2011-09-16 14:47:00,85,8,3450.84,False,False,False,False,2,5,5,255,12
15411,2011-11-13 15:19:00,27,4,1348.93,False,False,False,False,4,4,4,444,12
15412,2011-06-21 15:24:00,172,1,190.53,False,False,False,False,2,1,1,211,4
15414,2011-11-30 09:50:00,10,3,774.9000000000001,False,False,False,False,5,3,3,533,11
15415,2011-01-30 14:13:00,314,1,559.61,False,False,False,False,1,1,3,113,5
15416,2011-10-06 09:38:00,65,4,3984.32,False,False,True,True,3,4,5,345,12
15417,2011-09-15 15:26:00,86,1,508.8,False,False,False,False,2,1,3,213,6
15419,2011-11-15 09:23:00,25,1,135.86,False,False,False,False,4,1,1,411,6
15421,2011-10-12 09:20:00,59,4,950.36,False,False,False,False,3,4,4,344,11
15422,2011-01-20 16:17:00,324,2,97.7,False,False,False,False,1,3,1,131,5
15423,2011-11-01 14:01:00,39,1,43.5,False,False,False,False,3,1,1,311,5
15424,2011-03-30 13:02:00,255,2,383.34,False,False,False,False,1,3,2,132,6
15426,2011-11-20 15:36:00,20,5,1404.07,False,False,False,False,4,4,4,444,12
15427,2011-11-06 14:29:00,34,3,1430.54,False,False,False,False,3,3,4,334,10
15428,2011-11-24 16:54:00,16,1,93.78,False,False,False,False,4,1,1,411,6
15429,2011-11-13 12:28:00,27,2,397.35,False,False,False,False,4,3,2,432,9
15432,2011-11-16 16:30:00,24,1,171.19000000000003,False,False,False,False,4,1,1,411,6
15433,2011-05-10 10:45:00,214,2,533.3,False,False,False,False,1,3,3,133,7
15434,2011-12-01 13:33:00,9,5,1041.48,False,False,False,False,5,4,4,544,13
15435,2011-11-17 16:39:00,23,1,149.29,False,False,False,False,4,1,1,411,6
15436,2011-11-27 16:05:00,13,3,1067.75,False,False,False,False,5,3,4,534,12
15437,2011-03-22 13:11:00,263,1,200.16,False,False,False,False,1,1,1,111,3
15438,2011-07-31 14:19:00,132,1,156.57999999999998,False,False,False,False,2,1,1,211,4
15440,2011-10-16 12:16:00,55,3,383.68,False,False,False,False,3,3,2,332,8
15442,2011-04-05 12:24:00,249,1,594.0,False,False,False,False,1,1,3,113,5
15443,2011-12-08 10:40:00,2,7,3213.59,False,False,False,False,5,5,5,555,15
15444,2011-11-30 17:37:00,10,2,1411.21,False,False,False,False,5,3,4,534,12
15445,2011-03-20 15:06:00,265,1,113.5,False,False,False,False,1,1,1,111,3
15447,2011-01-13 11:26:00,331,1,155.17000000000002,True,False,False,True,1,1,1,111,3
15448,2011-01-31 10:42:00,313,1,494.64,False,False,False,False,1,1,3,113,5
15449,2011-11-13 15:02:00,27,3,974.52,False,False,False,False,4,3,4,434,11
15450,2011-11-09 17:11:00,31,1,429.84,False,False,False,False,4,1,2,412,7
15452,2011-11-10 12:13:00,30,3,528.48,False,False,False,False,4,3,3,433,10
15453,2011-12-08 10:59:00,2,7,1371.77,False,False,False,False,5,5,4,554,14
15454,2010-12-12 14:21:00,363,1,179.1,True,False,False,True,1,1,1,111,3
15456,2011-03-01 13:51:00,284,3,434.59,False,False,False,False,1,3,2,132,6
15457,2011-03-22 15:31:00,263,1,237.07,False,False,False,False,1,1,1,111,3
15458,2011-11-14 13:08:00,26,1,161.64,False,False,False,False,4,1,1,411,6
15460,2010-12-20 16:08:00,355,1,214.26,True,False,False,True,1,1,1,111,3
15462,2011-09-06 13:11:00,95,3,234.6,False,False,False,False,2,3,1,231,6
15463,2011-11-10 12:57:00,30,1,126.14,False,False,False,False,4,1,1,411,6
15464,2011-01-05 15:56:00,339,1,1044.65,True,False,False,True,1,1,4,114,6
15465,2011-11-20 10:11:00,20,18,7354.62,False,True,True,True,4,5,5,455,14
15466,2011-09-15 14:08:00,86,1,334.53,False,False,False,False,2,1,2,212,5
15467,2011-11-30 14:17:00,10,3,524.88,False,False,False,False,5,3,3,533,11
15468,2011-10-19 13:49:00,52,2,467.51,False,False,False,False,3,3,2,332,8
15469,2011-10-20 16:21:00,51,2,538.55,False,False,False,False,3,3,3,333,9
15471,2011-12-07 14:12:00,3,1,454.48,False,False,False,False,5,1,2,512,8
15472,2011-08-18 15:17:00,114,1,371.56,False,False,False,False,2,1,2,212,5
15473,2011-11-25 15:15:00,15,7,1771.2,False,False,False,False,4,5,4,454,13
15475,2011-09-23 15:20:00,78,1,454.11,False,False,False,False,2,1,2,212,5
15478,2011-10-30 14:19:00,41,2,1399.92,False,False,False,False,3,3,4,334,10
15480,2011-08-15 14:32:00,117,1,905.5,False,False,False,False,2,1,3,213,6
15482,2011-11-24 10:46:00,16,12,10879.76,False,True,True,True,4,5,5,455,14
15483,2011-07-01 13:07:00,162,4,225.26,False,False,False,False,2,4,1,241,7
15484,2011-12-08 15:03:00,2,4,3590.41,False,False,False,False,5,4,5,545,14
15485,2011-11-09 14:31:00,31,3,2564.5,False,False,False,False,4,3,5,435,12
15488,2011-09-08 10:11:00,93,1,91.32000000000001,False,False,False,False,2,1,1,211,4
15489,2011-11-17 08:53:00,23,3,1134.28,False,False,False,False,4,3,4,434,11
15491,2011-09-05 15:56:00,96,6,3100.09,False,False,False,False,2,5,5,255,12
15492,2011-11-11 14:53:00,29,2,659.46,False,False,False,False,4,3,3,433,10
15493,2011-11-07 12:04:00,33,5,1953.41,False,False,False,False,4,4,4,444,12
15494,2011-11-18 14:51:00,22,2,1280.58,False,False,False,False,4,3,4,434,11
15497,2011-11-22 11:51:00,18,2,1262.2,False,False,False,False,4,3,4,434,11
15498,2011-12-07 12:48:00,3,27,13316.4,False,True,True,True,5,5,5,555,15
15500,2011-12-01 13:47:00,9,4,1131.56,False,False,False,False,5,4,4,544,13
15502,2011-11-24 12:48:00,16,12,10384.93,False,True,True,True,4,5,5,455,14
15503,2010-12-12 10:57:00,363,1,141.04,True,False,False,True,1,1,1,111,3
15504,2011-09-19 13:45:00,82,1,52.83,False,False,False,False,2,1,1,211,4
15505,2011-10-18 07:56:00,53,5,3610.96,False,False,False,False,3,4,5,345,12
15506,2011-11-17 12:11:00,23,3,972.08,False,False,False,False,4,3,4,434,11
15507,2011-06-21 11:19:00,172,1,475.86,False,False,False,False,2,1,2,212,5
15508,2011-06-03 15:43:00,190,6,1000.27,False,False,False,False,1,5,4,154,10
15510,2011-01-13 12:10:00,331,1,250.0,True,False,False,True,1,1,2,112,4
15511,2011-11-28 09:43:00,12,5,900.53,False,False,False,False,5,4,3,543,12
15512,2011-07-07 10:20:00,156,2,121.0,False,False,False,False,2,3,1,231,6
15513,2011-11-06 14:36:00,34,19,14758.22,False,True,True,True,3,5,5,355,13
15514,2011-11-27 14:40:00,13,11,4023.7200000000003,False,False,True,True,5,5,5,555,15
15516,2011-10-26 10:51:00,45,3,62.43,False,False,False,False,3,3,1,331,7
15517,2011-04-20 14:02:00,234,1,267.03,False,False,False,False,1,1,2,112,4
15518,2011-10-06 13:05:00,65,8,1921.55,False,False,False,False,3,5,4,354,12
15520,2011-12-08 10:58:00,2,1,343.5,False,False,False,False,5,1,2,512,8
15521,2011-10-30 13:42:00,41,8,3000.2,False,False,False,False,3,5,5,355,13
15522,2011-11-07 11:26:00,33,2,397.99,False,False,False,False,4,3,2,432,9
15523,2011-09-16 16:29:00,85,1,412.01000000000005,False,False,False,False,2,1,2,212,5
15524,2011-11-15 12:09:00,25,1,440.0,False,False,False,False,4,1,2,412,7
15525,2011-12-07 14:43:00,3,3,734.37,False,False,False,False,5,3,3,533,11
15526,2011-11-06 15:04:00,34,2,148.44,False,False,False,False,3,3,1,331,7
15527,2011-11-21 12:17:00,19,8,2428.53,False,False,False,False,4,5,5,455,14
15528,2011-03-30 16:14:00,255,1,229.33,False,False,False,False,1,1,1,111,3
15529,2011-11-17 11:29:00,23,11,3962.6,False,False,True,True,4,5,5,455,14
15530,2011-11-18 12:25:00,22,4,1497.31,False,False,False,False,4,4,4,444,12
15531,2011-12-01 18:43:00,9,2,1972.39,False,False,False,False,5,3,4,534,12
15532,2011-11-14 14:51:00,26,4,1564.73,False,False,False,False,4,4,4,444,12
15533,2011-11-20 15:35:00,20,3,807.57,False,False,False,False,4,3,3,433,10
15535,2011-06-19 16:02:00,174,4,502.9,False,False,False,False,2,4,3,243,9
15537,2011-06-29 13:10:00,164,1,110.92,False,False,False,False,2,1,1,211,4
15539,2011-12-02 13:36:00,8,1,538.46,False,False,False,False,5,1,3,513,9
15540,2011-11-28 13:51:00,12,1,213.3,False,False,False,False,5,1,1,511,7
15541,2011-08-17 14:58:00,115,1,85.13000000000001,False,False,False,False,2,1,1,211,4
15543,2011-02-24 15:26:00,289,1,127.86,False,False,False,False,1,1,1,111,3
15544,2011-11-30 16:43:00,10,9,3546.71,False,False,False,False,5,5,5,555,15
15545,2011-10-16 13:24:00,55,2,288.96999999999997,False,False,False,False,3,3,2,332,8
15547,2011-12-02 12:52:00,8,14,4910.6,False,True,True,True,5,5,5,555,15
15549,2011-09-23 16:22:00,78,3,1681.46,False,False,False,False,2,3,4,234,9
15550,2011-12-05 15:38:00,5,4,575.63,False,False,False,False,5,4,3,543,12
15551,2011-11-03 12:37:00,37,1,436.06,False,False,False,False,3,1,2,312,6
15552,2011-05-06 14:47:00,218,1,90.12,False,False,False,False,1,1,1,111,3
15553,2011-10-10 14:02:00,61,1,428.93,False,False,False,False,3,1,2,312,6
15554,2011-03-07 09:00:00,278,1,217.2,False,False,False,False,1,1,1,111,3
15555,2011-11-27 16:19:00,13,16,4794.86,False,True,True,True,5,5,5,555,15
15556,2011-11-15 16:08:00,25,1,279.77,False,False,False,False,4,1,2,412,7
15557,2011-11-11 12:46:00,29,1,468.91,False,False,False,False,4,1,2,412,7
15561,2011-11-28 11:07:00,12,4,800.5899999999999,False,False,False,False,5,4,3,543,12
15562,2010-12-23 09:55:00,352,1,134.55,True,False,False,True,1,1,1,111,3
15563,2011-11-17 14:50:00,23,4,1400.44,False,False,False,False,4,4,4,444,12
15565,2011-10-20 14:33:00,51,2,173.16000000000003,False,False,False,False,3,3,1,331,7
15567,2011-11-21 10:48:00,19,1,186.01,False,False,False,False,4,1,1,411,6
15568,2011-12-07 11:27:00,3,3,758.29,False,False,False,False,5,3,3,533,11
15569,2011-08-28 10:15:00,104,5,1375.71,False,False,False,False,2,4,4,244,10
15570,2011-12-02 14:47:00,8,12,4148.82,False,True,True,True,5,5,5,555,15
15571,2011-11-28 10:02:00,12,4,650.4300000000001,False,False,False,False,5,4,3,543,12
15572,2011-12-05 10:09:00,5,7,2533.42,False,False,False,False,5,5,5,555,15
15573,2011-11-08 11:38:00,32,2,591.1899999999999,False,False,False,False,4,3,3,433,10
15574,2011-06-15 12:01:00,178,4,675.64,False,False,False,False,2,4,3,243,9
15576,2011-11-02 12:03:00,38,1,921.37,False,False,False,False,3,1,3,313,7
15577,2011-07-11 17:03:00,152,3,258.88,False,False,False,False,2,3,2,232,7
15578,2011-06-30 13:03:00,163,1,127.1,False,False,False,False,2,1,1,211,4
15579,2011-10-02 12:45:00,69,2,327.6,False,False,False,False,3,3,2,332,8
15581,2011-08-11 09:38:00,121,13,3675.77,False,True,False,True,2,5,5,255,12
15582,2011-11-15 09:55:00,25,3,682.9100000000001,False,False,False,False,4,3,3,433,10
15584,2011-11-16 10:55:00,24,4,720.86,False,False,False,False,4,4,3,443,11
15585,2011-06-16 08:38:00,177,1,455.3,False,False,False,False,2,1,2,212,5
15587,2011-10-20 13:37:00,51,4,913.68,False,False,False,False,3,4,3,343,10
15589,2011-03-29 09:54:00,256,3,478.53,False,False,False,False,1,3,2,132,6
15592,2011-10-24 08:59:00,47,1,388.58,False,False,False,False,3,1,2,312,6
15593,2011-09-30 11:46:00,71,1,199.8,False,False,False,False,3,1,1,311,5
15594,2011-11-24 08:53:00,16,5,1771.78,False,False,False,False,4,4,4,444,12
15596,2011-08-31 10:55:00,101,5,1406.59,False,False,False,False,2,4,4,244,10
15597,2011-11-04 13:26:00,36,1,324.57,False,False,False,False,3,1,2,312,6
15598,2011-10-17 16:04:00,54,1,240.68,False,False,False,False,3,1,1,311,5
15599,2011-11-13 11:44:00,27,2,761.74,False,False,False,False,4,3,3,433,10
15601,2011-11-28 15:15:00,12,14,6776.56,False,True,True,True,5,5,5,555,15
15602,2011-12-01 14:14:00,9,9,1297.8700000000001,False,False,False,False,5,5,4,554,14
15603,2011-09-22 10:04:00,79,1,48.480000000000004,False,False,False,False,2,1,1,211,4
15604,2011-10-18 14:47:00,53,1,216.39000000000001,False,False,False,False,3,1,1,311,5
15605,2011-11-03 14:17:00,37,5,1198.23,False,False,False,False,3,4,4,344,11
15606,2011-10-09 15:47:00,62,9,2920.16,False,False,False,False,3,5,5,355,13
15607,2011-01-07 12:44:00,337,1,104.76,True,False,False,True,1,1,1,111,3
15608,2011-11-11 13:20:00,29,4,1093.68,False,False,False,False,4,4,4,444,12
15609,2011-06-08 13:00:00,185,1,298.48,False,False,False,False,1,1,2,112,4
15610,2011-10-19 10:36:00,52,1,112.46000000000001,False,False,False,False,3,1,1,311,5
15611,2011-11-30 12:36:00,10,13,1591.45,False,True,False,True,5,5,4,554,14
15612,2011-11-03 14:52:00,37,2,195.15,False,False,False,False,3,3,1,331,7
15615,2011-11-29 14:42:00,11,23,10399.74,False,True,True,True,5,5,5,555,15
15618,2011-11-07 08:34:00,33,4,776.851,False,False,False,False,4,4,3,443,11
15619,2011-11-29 08:14:00,11,1,336.4,False,False,False,False,5,1,2,512,8
15620,2011-10-14 12:41:00,57,3,1553.18,False,False,False,False,3,3,4,334,10
15621,2011-12-05 14:01:00,5,4,1293.03,False,False,False,False,5,4,4,544,13
15622,2011-10-27 16:44:00,44,9,3709.56,False,False,True,True,3,5,5,355,13
15623,2011-07-21 17:26:00,142,1,301.03000000000003,False,False,False,False,2,1,2,212,5
15624,2011-08-15 11:38:00,117,4,588.13,False,False,False,False,2,4,3,243,9
15625,2011-08-28 10:21:00,104,4,1534.26,False,False,False,False,2,4,4,244,10
15626,2011-09-26 10:03:00,75,2,675.8,False,False,False,False,2,3,3,233,8
15628,2011-12-05 10:24:00,5,9,2870.2400000000002,False,False,False,False,5,5,5,555,15
15630,2011-10-25 15:36:00,46,2,1186.35,False,False,False,False,3,3,4,334,10
15632,2011-11-24 09:51:00,16,8,3285.31,False,False,False,False,4,5,5,455,14
15634,2011-11-22 16:28:00,18,1,243.55,False,False,False,False,4,1,1,411,6
15636,2011-09-11 11:17:00,90,2,724.76,False,False,False,False,2,3,3,233,8
15637,2011-10-18 08:28:00,53,1,223.36,False,False,False,False,3,1,1,311,5
15639,2011-07-28 14:30:00,135,1,425.32,False,False,False,False,2,1,2,212,5
15640,2011-12-05 14:35:00,5,15,12416.11,False,True,True,True,5,5,5,555,15
15641,2011-08-26 14:04:00,106,4,1887.2,False,False,False,False,2,4,4,244,10
15643,2011-06-01 07:38:00,192,3,664.0,False,False,False,False,1,3,3,133,7
15644,2011-06-26 14:54:00,167,4,803.54,False,False,False,False,2,4,3,243,9
15645,2011-11-21 11:55:00,19,1,612.01,False,False,False,False,4,1,3,413,8
15646,2011-07-05 09:53:00,158,3,447.64000000000004,False,False,False,False,2,3,2,232,7
15648,2011-05-19 15:53:00,205,2,639.5,False,False,False,False,1,3,3,133,7
15649,2011-01-07 13:34:00,337,2,816.0,True,False,False,True,1,3,3,133,7
15651,2011-11-03 08:41:00,37,3,646.3,False,False,False,False,3,3,3,333,9
15652,2011-09-09 14:22:00,92,1,337.74,False,False,False,False,2,1,2,212,5
15653,2011-09-08 10:49:00,93,2,877.44,False,False,False,False,2,3,3,233,8
15654,2011-11-30 13:08:00,10,2,922.53,False,False,False,False,5,3,3,533,11
15655,2011-04-10 15:25:00,244,1,560.6700000000001,False,False,False,False,1,1,3,113,5
15656,2011-10-25 14:56:00,46,4,748.5,False,False,False,False,3,4,3,343,10
15657,2011-11-17 12:19:00,23,1,30.0,False,False,False,False,4,1,1,411,6
15658,2011-06-02 15:22:00,191,5,1024.1000000000001,False,False,False,False,1,4,4,144,9
15659,2011-10-27 09:23:00,44,1,306.45,False,False,False,False,3,1,2,312,6
15660,2011-11-14 16:58:00,26,9,1600.86,False,False,False,False,4,5,4,454,13
15661,2011-01-26 13:56:00,318,2,309.8,False,False,False,False,1,3,2,132,6
15663,2011-08-25 15:50:00,107,1,138.14,False,False,False,False,2,1,1,211,4
15664,2011-10-20 10:57:00,51,1,386.43,False,False,False,False,3,1,2,312,6
15665,2011-06-24 14:57:00,169,2,2222.21,False,False,False,False,2,3,5,235,10
15667,2011-10-31 10:56:00,40,1,301.32000000000005,False,False,False,False,3,1,2,312,6
15668,2011-05-06 10:39:00,218,1,76.32000000000001,False,False,False,False,1,1,1,111,3
15669,2011-10-30 16:03:00,41,4,684.34,False,False,False,False,3,4,3,343,10
15670,2011-02-16 10:50:00,297,1,173.05,False,False,False,False,1,1,1,111,3
15671,2011-11-21 12:43:00,19,7,2657.13,False,False,False,False,4,5,5,455,14
15673,2011-09-12 16:12:00,89,4,2726.23,False,False,False,False,2,4,5,245,11
15674,2011-09-27 15:17:00,74,5,2446.6,False,False,False,False,2,4,5,245,11
15675,2011-09-19 13:48:00,82,3,323.69,False,False,False,False,2,3,2,232,7
15676,2011-11-21 12:40:00,19,3,3435.76,False,False,False,False,4,3,5,435,12
15677,2011-10-21 15:36:00,50,1,657.23,False,False,False,False,3,1,3,313,7
15678,2011-10-18 09:25:00,53,1,352.7,False,False,False,False,3,1,2,312,6
15679,2011-11-15 16:19:00,25,4,781.28,False,False,False,False,4,4,3,443,11
15680,2011-11-30 13:46:00,10,3,1333.68,False,False,False,False,5,3,4,534,12
15681,2011-11-14 16:30:00,26,5,1426.16,False,False,False,False,4,4,4,444,12
15683,2011-08-14 12:56:00,118,1,193.75,False,False,False,False,2,1,1,211,4
15687,2011-12-01 08:33:00,9,9,2993.1,False,False,False,False,5,5,5,555,15
15689,2011-08-12 09:37:00,120,2,254.1,False,False,False,False,2,3,2,232,7
15690,2011-12-05 15:59:00,5,2,239.76,False,False,False,False,5,3,1,531,9
15691,2011-04-01 15:13:00,253,1,136.8,False,False,False,False,1,1,1,111,3
15692,2011-11-11 14:12:00,29,1,191.04,False,False,False,False,4,1,1,411,6
15694,2011-12-09 09:44:00,1,14,6479.4,False,True,True,True,5,5,5,555,15
15695,2011-03-18 08:32:00,267,2,409.98,False,False,False,False,1,3,2,132,6
15696,2011-11-06 14:02:00,34,8,2711.11,False,False,False,False,3,5,5,355,13
15699,2011-11-22 08:26:00,18,1,309.65,False,False,False,False,4,1,2,412,7
15700,2011-06-20 16:53:00,173,2,696.68,False,False,False,False,2,3,3,233,8
15701,2011-12-07 14:39:00,3,4,1529.0,False,False,False,False,5,4,4,544,13
15703,2011-03-20 10:51:00,265,1,211.5,False,False,False,False,1,1,1,111,3
15704,2011-07-22 13:35:00,141,4,2293.62,False,False,False,False,2,4,5,245,11
15705,2011-05-22 15:37:00,202,1,143.1,False,False,False,False,1,1,1,111,3
15706,2011-10-07 10:09:00,64,4,1060.56,False,False,False,False,3,4,4,344,11
15707,2011-11-04 14:35:00,36,4,916.98,False,False,False,False,3,4,3,343,10
15708,2011-10-30 10:54:00,41,7,3235.25,False,False,False,False,3,5,5,355,13
15709,2011-03-01 10:38:00,284,1,133.25,False,False,False,False,1,1,1,111,3
15712,2011-11-30 14:09:00,10,5,1072.3600000000001,False,False,False,False,5,4,4,544,13
15713,2011-07-19 13:34:00,144,2,356.7,False,False,False,False,2,3,2,232,7
15714,2011-11-28 11:26:00,12,2,330.03000000000003,False,False,False,False,5,3,2,532,10
15716,2011-07-17 11:59:00,146,4,1101.11,False,False,False,False,2,4,4,244,10
15717,2011-04-19 13:21:00,235,1,150.3,False,False,False,False,1,1,1,111,3
15719,2011-11-07 12:29:00,33,13,5030.07,False,True,True,True,4,5,5,455,14
15720,2011-11-15 14:48:00,25,1,598.73,False,False,False,False,4,1,3,413,8
15721,2011-11-28 12:14:00,12,1,471.40000000000003,False,False,False,False,5,1,2,512,8
15722,2011-11-04 11:43:00,36,5,2211.21,False,False,False,False,3,4,5,345,12
15723,2010-12-10 11:12:00,365,1,190.70000000000002,True,False,False,True,1,1,1,111,3
15724,2011-05-22 14:40:00,202,2,218.25,False,False,False,False,1,3,1,131,5
15725,2011-11-24 14:51:00,16,1,415.25,False,False,False,False,4,1,2,412,7
15727,2011-11-23 12:36:00,17,7,5159.06,False,False,True,True,4,5,5,455,14
15729,2011-05-11 12:36:00,213,1,85.0,False,False,False,False,1,1,1,111,3
15730,2011-10-05 12:31:00,66,3,1120.88,False,False,False,False,3,3,4,334,10
15732,2011-05-11 14:24:00,213,2,294.12,False,False,False,False,1,3,2,132,6
15733,2011-03-02 09:05:00,283,1,162.3,False,False,False,False,1,1,1,111,3
15734,2011-08-17 10:50:00,115,2,1339.45,False,False,False,False,2,3,4,234,9
15737,2011-11-25 11:21:00,15,8,1188.1200000000001,False,False,False,False,4,5,4,454,13
15738,2011-11-21 08:26:00,19,16,4812.42,False,True,True,True,4,5,5,455,14
15739,2011-10-04 13:42:00,67,1,449.12,False,False,False,False,3,1,2,312,6
15740,2011-10-21 14:29:00,50,1,154.88,False,False,False,False,3,1,1,311,5
15743,2011-11-23 17:19:00,17,4,775.96,False,False,False,False,4,4,3,443,11
15744,2011-09-23 09:52:00,78,1,34.8,False,False,False,False,2,1,1,211,4
15745,2011-11-20 13:45:00,20,4,1094.5900000000001,False,False,False,False,4,4,4,444,12
15746,2011-07-28 15:21:00,135,1,196.88,False,False,False,False,2,1,1,211,4
15747,2011-11-27 12:26:00,13,3,946.64,False,False,False,False,5,3,4,534,12
15748,2011-10-30 12:51:00,41,1,144.36,False,False,False,False,3,1,1,311,5
15749,2011-04-18 13:20:00,236,3,44534.3,False,False,True,True,1,3,5,135,9
15750,2011-12-07 12:34:00,3,8,2463.05,False,False,False,False,5,5,5,555,15
15752,2011-10-31 11:37:00,40,7,2626.6,False,False,False,False,3,5,5,355,13
15753,2011-02-08 12:41:00,305,1,79.2,False,False,False,False,1,2,1,121,4
15754,2011-10-19 14:40:00,52,3,458.57,False,False,False,False,3,3,2,332,8
15755,2011-11-29 14:57:00,11,6,2364.25,False,False,False,False,5,5,5,555,15
15756,2011-10-09 13:30:00,62,4,528.01,False,False,False,False,3,4,3,343,10
15757,2011-10-05 12:14:00,66,2,714.42,False,False,False,False,3,3,3,333,9
15758,2011-11-15 10:48:00,25,1,205.25,False,False,False,False,4,2,1,421,7
15759,2011-05-05 15:13:00,219,3,253.04000000000002,False,False,False,False,1,4,2,142,7
15762,2011-10-05 16:15:00,66,2,583.75,False,False,False,False,3,3,3,333,9
15763,2011-11-08 09:44:00,32,2,1086.92,False,False,False,False,4,3,4,434,11
15764,2011-09-12 17:58:00,89,6,3279.9700000000003,False,False,False,False,2,5,5,255,12
15766,2011-10-06 17:03:00,65,1,315.06,False,False,False,False,3,2,2,322,7
15768,2011-08-16 10:48:00,116,3,621.83,False,False,False,False,2,4,3,243,9
15769,2011-12-02 13:52:00,8,26,56252.72,False,True,True,True,5,5,5,555,15
15773,2011-12-04 12:48:00,6,1,635.6800000000001,False,False,False,False,5,2,3,523,10
15774,2011-10-02 12:04:00,69,1,270.8,False,False,False,False,3,2,2,322,7
15775,2011-04-08 12:56:00,246,1,104.9,False,False,False,False,1,2,1,121,4
15776,2011-07-29 13:46:00,134,1,241.62,False,False,False,False,2,2,1,221,5
15777,2011-04-12 16:43:00,242,4,1047.1100000000001,False,False,False,False,1,4,4,144,9
15780,2011-06-09 12:01:00,184,3,475.28000000000003,False,False,False,False,1,4,2,142,7
15781,2011-11-14 14:57:00,26,3,345.46000000000004,False,False,False,False,4,4,2,442,10
15782,2011-11-30 10:49:00,10,3,2614.74,False,False,False,False,5,4,5,545,14
15783,2011-11-29 09:50:00,11,1,246.3,False,False,False,False,5,2,1,521,8
15785,2011-11-07 11:33:00,33,5,2328.9700000000003,False,False,False,False,4,4,5,445,13
15786,2011-10-24 14:13:00,47,3,4919.0,False,False,True,True,3,4,5,345,12
15787,2011-11-13 14:55:00,27,3,933.26,False,False,False,False,4,4,4,444,12
15789,2010-12-16 14:35:00,359,1,351.3,True,False,False,True,1,2,2,122,5
15790,2011-11-29 14:53:00,11,1,218.75,False,False,False,False,5,2,1,521,8
15791,2011-10-27 10:14:00,44,2,1612.69,False,False,False,False,3,3,4,334,10
15793,2011-11-25 09:31:00,15,3,965.61,False,False,False,False,4,4,4,444,12
15795,2011-07-13 10:43:00,150,1,610.01,False,False,False,False,2,2,3,223,7
15796,2011-12-08 19:55:00,2,8,2708.61,False,False,False,False,5,5,5,555,15
15797,2011-08-18 17:04:00,114,4,2207.4,False,False,False,False,2,4,5,245,11
15799,2011-09-25 12:46:00,76,3,884.14,False,False,False,False,2,4,3,243,9
15800,2011-08-24 14:23:00,108,2,696.89,False,False,False,False,2,3,3,233,8
15801,2011-10-24 13:52:00,47,3,1063.95,False,False,False,False,3,4,4,344,11
15802,2011-07-20 11:38:00,143,1,451.42,False,False,False,False,2,2,2,222,6
15803,2011-10-19 14:56:00,52,1,415.82000000000005,False,False,False,False,3,2,2,322,7
15804,2011-12-09 12:31:00,1,13,4206.39,False,True,True,True,5,5,5,555,15
15805,2011-11-16 16:32:00,24,17,5488.18,False,True,True,True,4,5,5,455,14
15806,2011-10-24 14:35:00,47,3,784.58,False,False,False,False,3,4,3,343,10
15807,2011-10-20 14:10:00,51,3,903.9,False,False,False,False,3,4,3,343,10
15808,2011-02-06 14:33:00,307,4,3651.27,False,False,False,False,1,4,5,145,10
15809,2011-11-03 16:40:00,37,5,515.77,False,False,False,False,3,4,3,343,10
15810,2011-09-22 09:38:00,79,4,1391.98,False,False,False,False,2,4,4,244,10
15811,2011-11-17 15:31:00,23,6,2218.62,False,False,False,False,4,5,5,455,14
15812,2011-08-24 14:19:00,108,5,1801.14,False,False,False,False,2,4,4,244,10
15813,2011-05-16 08:13:00,208,2,1303.9099999999999,False,False,False,False,1,3,4,134,8
15814,2011-11-23 08:17:00,17,4,1945.3300000000002,False,False,False,False,4,4,4,444,12
15815,2011-10-07 12:42:00,64,5,2100.6,False,False,False,False,3,4,5,345,12
15819,2011-10-21 14:50:00,50,4,1905.45,False,False,False,False,3,4,4,344,11
15820,2011-01-24 12:00:00,320,1,206.98,False,False,False,False,1,2,1,121,4
15821,2011-10-26 15:48:00,45,2,570.96,False,False,False,False,3,3,3,333,9
15822,2011-12-06 14:50:00,4,2,885.47,False,False,False,False,5,3,3,533,11
15823,2010-12-02 15:08:00,373,1,15.0,True,False,False,True,1,2,1,121,4
15825,2011-06-20 13:27:00,173,1,532.94,False,False,False,False,2,2,3,223,7
15826,2011-10-14 16:05:00,57,3,1654.31,False,False,False,False,3,4,4,344,11
15827,2011-09-27 15:35:00,74,14,1836.09,False,True,False,True,2,5,4,254,11
15829,2011-09-01 16:45:00,100,2,636.14,False,False,False,False,2,3,3,233,8
15830,2011-11-02 10:40:00,38,1,576.0,False,False,False,False,3,2,3,323,8
15831,2011-10-12 13:14:00,59,3,794.64,False,False,False,False,3,4,3,343,10
15832,2011-03-30 15:29:00,255,1,836.79,False,False,False,False,1,2,3,123,6
15834,2011-09-30 14:41:00,71,4,2225.15,False,False,False,False,3,4,5,345,12
15835,2011-10-26 15:47:00,45,4,954.09,False,False,False,False,3,4,4,344,11
15836,2011-10-20 17:13:00,51,1,137.37,False,False,False,False,3,2,1,321,6
15837,2011-10-06 09:01:00,65,1,391.98,False,False,False,False,3,2,2,322,7
15838,2011-11-28 14:00:00,12,19,33643.08,False,True,True,True,5,5,5,555,15
15839,2011-11-06 13:54:00,34,3,1048.49,False,False,False,False,3,4,4,344,11
15840,2011-10-12 09:08:00,59,2,355.56,False,False,False,False,3,3,2,332,8
15841,2011-09-28 12:15:00,73,4,1224.06,False,False,False,False,2,4,4,244,10
15843,2011-02-09 10:19:00,304,1,118.95,False,False,False,False,1,2,1,121,4
15844,2011-10-24 15:19:00,47,1,130.73999999999998,False,False,False,False,3,2,1,321,6
15845,2011-11-22 09:42:00,18,8,3711.77,False,False,True,True,4,5,5,455,14
15847,2011-11-01 14:41:00,39,2,389.27,False,False,False,False,3,3,2,332,8
15850,2011-11-20 14:14:00,20,2,234.88,False,False,False,False,4,3,1,431,8
15852,2011-06-06 11:22:00,187,2,160.71,False,False,False,False,1,3,1,131,5
15853,2011-10-19 10:38:00,52,1,110.8,False,False,False,False,3,2,1,321,6
15854,2011-12-05 13:39:00,5,12,2969.12,False,True,False,True,5,5,5,555,15
15855,2011-07-26 10:20:00,137,5,712.24,False,False,False,False,2,4,3,243,9
15856,2011-12-05 17:09:00,5,27,16143.64,False,True,True,True,5,5,5,555,15
15857,2011-11-21 12:18:00,19,1,297.0,False,False,False,False,4,2,2,422,8
15858,2011-11-24 12:48:00,16,5,1427.57,False,False,False,False,4,4,4,444,12
15860,2011-10-30 11:25:00,41,8,965.16,False,False,False,False,3,5,4,354,12
15861,2011-11-27 15:59:00,13,8,3146.92,False,False,False,False,5,5,5,555,15
15862,2011-12-01 13:28:00,9,4,832.88,False,False,False,False,5,4,3,543,12
15863,2011-11-14 12:49:00,26,2,68.84,False,False,False,False,4,3,1,431,8
15864,2011-11-17 13:32:00,23,6,1936.32,False,False,False,False,4,5,4,454,13
15865,2011-10-30 12:43:00,41,3,895.13,False,False,False,False,3,4,3,343,10
15866,2011-08-30 14:09:00,102,1,211.89,False,False,False,False,2,2,1,221,5
15867,2011-12-04 13:32:00,6,15,3810.14,False,True,True,True,5,5,5,555,15
15869,2011-03-07 17:23:00,278,2,149.64,False,False,False,False,1,3,1,131,5
15870,2011-11-07 10:58:00,33,1,351.44,False,False,False,False,4,2,2,422,8
15872,2011-11-25 11:55:00,15,2,316.25,False,False,False,False,4,3,2,432,9
15874,2011-10-07 12:31:00,64,7,4405.88,False,False,True,True,3,5,5,355,13
15877,2011-12-08 11:53:00,2,2,490.33,False,False,False,False,5,3,3,533,11
15880,2010-12-05 13:00:00,370,1,329.03,True,False,False,True,1,2,2,122,5
15881,2011-01-31 16:59:00,313,5,501.39,False,False,False,False,1,4,3,143,8
15882,2011-05-25 11:35:00,199,4,516.36,False,False,False,False,1,4,3,143,8
15883,2011-12-07 17:05:00,3,2,396.48,False,False,False,False,5,3,2,532,10
15885,2011-09-08 10:43:00,93,3,379.35,False,False,False,False,2,4,2,242,8
15886,2011-10-10 14:25:00,61,1,181.09,False,False,False,False,3,2,1,321,6
15888,2011-09-20 12:30:00,81,1,168.31,False,False,False,False,2,2,1,221,5
15889,2011-07-06 11:10:00,157,2,420.07,False,False,False,False,2,3,2,232,7
15891,2011-04-27 12:35:00,227,1,511.68,False,False,False,False,1,2,3,123,6
15894,2011-03-31 13:50:00,254,2,258.25,False,False,False,False,1,3,2,132,6
15895,2011-07-13 10:27:00,150,1,179.17,False,False,False,False,2,2,1,221,5
15897,2011-05-29 13:50:00,195,2,208.59,False,False,False,False,1,3,1,131,5
15898,2011-12-08 15:23:00,2,5,1383.83,False,False,False,False,5,4,4,544,13
15899,2010-12-06 10:36:00,369,1,56.25,True,False,False,True,1,2,1,121,4
15900,2011-11-16 12:19:00,24,1,337.28000000000003,False,False,False,False,4,2,2,422,8
15901,2011-11-23 12:43:00,17,3,351.73,False,False,False,False,4,4,2,442,10
15903,2011-11-30 08:08:00,10,7,5126.76,False,False,True,True,5,5,5,555,15
15904,2011-12-01 14:50:00,9,1,164.68,False,False,False,False,5,2,1,521,8
15906,2011-11-20 12:24:00,20,7,1567.69,False,False,False,False,4,5,4,454,13
15907,2011-12-06 12:21:00,4,3,882.72,False,False,False,False,5,4,3,543,12
15909,2011-06-19 10:38:00,174,1,191.94,False,False,False,False,2,2,1,221,5
15910,2011-12-09 10:51:00,1,8,1228.88,False,False,False,False,5,5,4,554,14
15912,2011-06-14 14:29:00,179,2,264.62,False,False,False,False,2,3,2,232,7
15916,2011-11-23 13:46:00,17,8,1502.8600000000001,False,False,False,False,4,5,4,454,13
15917,2011-04-06 10:40:00,248,1,123.1,False,False,False,False,1,2,1,121,4
15918,2011-06-02 11:42:00,191,2,334.23,False,False,False,False,1,3,2,132,6
15919,2011-11-20 11:28:00,20,2,525.69,False,False,False,False,4,3,3,433,10
15920,2011-07-08 15:31:00,155,4,167.5,False,False,False,False,2,4,1,241,7
15921,2011-06-20 11:03:00,173,1,323.03000000000003,False,False,False,False,2,2,2,222,6
15922,2010-12-01 13:51:00,374,1,369.5,True,False,False,True,1,2,2,122,5
15923,2010-12-02 12:16:00,373,1,127.08,True,False,False,True,1,2,1,121,4
15925,2011-05-29 15:35:00,195,1,207.15,False,False,False,False,1,2,1,121,4
15930,2011-10-03 14:52:00,68,1,426.63,False,False,False,False,3,2,2,322,7
15932,2011-12-05 17:13:00,5,8,2495.87,False,False,False,False,5,5,5,555,15
15933,2011-11-18 13:14:00,22,3,1107.46,False,False,False,False,4,4,4,444,12
15935,2011-04-14 13:27:00,240,2,416.86,False,False,False,False,1,3,2,132,6
15937,2011-10-06 15:48:00,65,1,145.35000000000002,False,False,False,False,3,2,1,321,6
15938,2011-08-19 12:56:00,113,5,404.58000000000004,False,False,False,False,2,4,2,242,8
15939,2011-09-11 11:30:00,90,15,6115.01,False,True,True,True,2,5,5,255,12
15940,2011-02-01 16:18:00,312,1,35.8,False,False,False,False,1,2,1,121,4
15942,2011-07-29 09:01:00,134,1,337.44,False,False,False,False,2,2,2,222,6
15944,2011-03-08 10:33:00,277,1,325.1,False,False,False,False,1,2,2,122,5
15945,2010-12-09 13:14:00,366,1,181.0,True,False,False,True,1,2,1,121,4
15947,2011-09-18 10:46:00,83,1,1708.24,False,False,False,False,2,2,4,224,8
15948,2011-12-01 15:32:00,9,2,955.24,False,False,False,False,5,3,4,534,12
15949,2011-11-23 09:09:00,17,2,364.72,False,False,False,False,4,3,2,432,9
15950,2011-11-08 11:09:00,32,4,1744.71,False,False,False,False,4,4,4,444,12
15951,2011-12-01 08:34:00,9,2,708.22,False,False,False,False,5,3,3,533,11
15952,2011-11-06 11:18:00,34,4,781.91,False,False,False,False,3,4,3,343,10
15953,2011-11-24 15:32:00,16,8,1657.28,False,False,False,False,4,5,4,454,13
15955,2011-11-15 14:15:00,25,14,4416.26,False,True,True,True,4,5,5,455,14
15957,2011-11-08 12:14:00,32,1,428.89,False,False,False,False,4,2,2,422,8
15958,2011-09-26 13:41:00,75,1,104.35,False,False,False,False,2,2,1,221,5
15963,2011-11-20 11:33:00,20,2,470.76,False,False,False,False,4,3,2,432,9
15965,2011-11-22 16:44:00,18,4,808.87,False,False,False,False,4,4,3,443,11
15967,2011-11-16 15:41:00,24,2,397.68,False,False,False,False,4,3,2,432,9
15969,2011-12-07 11:06:00,3,3,666.1,False,False,False,False,5,4,3,543,12
15970,2011-02-09 12:08:00,304,1,314.09999999999997,False,False,False,False,1,2,2,122,5
15971,2011-11-22 12:50:00,18,12,4199.85,False,True,True,True,4,5,5,455,14
15973,2010-12-08 11:42:00,367,1,307.82000000000005,True,False,False,True,1,2,2,122,5
15974,2011-10-31 13:13:00,40,7,3442.15,False,False,False,False,3,5,5,355,13
15975,2011-09-16 13:33:00,85,1,371.01,False,False,False,False,2,2,2,222,6
15976,2011-06-27 13:00:00,166,2,427.64,False,False,False,False,2,3,2,232,7
15977,2011-11-22 13:29:00,18,2,1054.73,False,False,False,False,4,3,4,434,11
15978,2011-09-23 15:21:00,78,1,1098.78,False,False,False,False,2,2,4,224,8
15980,2011-09-12 09:41:00,89,3,2398.86,False,False,False,False,2,4,5,245,11
15981,2011-11-15 08:00:00,25,8,3408.48,False,False,False,False,4,5,5,455,14
15983,2011-11-17 17:34:00,23,4,1465.12,False,False,False,False,4,4,4,444,12
15984,2011-12-07 12:16:00,3,10,2780.63,False,False,False,False,5,5,5,555,15
15985,2011-08-08 16:31:00,124,2,1142.42,False,False,False,False,2,3,4,234,9
15986,2011-11-09 15:17:00,31,1,168.12,False,False,False,False,4,2,1,421,7
15987,2011-11-27 15:38:00,13,7,1432.77,False,False,False,False,5,5,4,554,14
15988,2011-11-20 13:23:00,20,1,156.78,False,False,False,False,4,2,1,421,7
15990,2011-10-26 15:58:00,45,2,792.11,False,False,False,False,3,3,3,333,9
15992,2011-12-06 11:00:00,4,1,41.989999999999995,False,False,False,False,5,2,1,521,8
15993,2011-12-01 10:45:00,9,7,2777.67,False,False,False,False,5,5,5,555,15
15994,2011-10-16 12:28:00,55,1,414.27,False,False,False,False,3,2,2,322,7
15996,2011-09-12 15:14:00,89,6,1032.58,False,False,False,False,2,5,4,254,11
15998,2011-11-03 12:45:00,37,5,3080.22,False,False,False,False,3,4,5,345,12
16000,2011-12-07 12:17:00,3,3,12393.7,False,False,True,True,5,4,5,545,14
16003,2011-11-10 09:57:00,30,5,2735.37,False,False,False,False,4,4,5,445,13
16005,2011-11-27 13:47:00,13,4,578.71,False,False,False,False,5,4,3,543,12
16006,2011-05-12 13:12:00,212,1,101.4,False,False,False,False,1,2,1,121,4
16007,2011-10-23 11:05:00,48,4,1693.81,False,False,False,False,3,4,4,344,11
16008,2011-11-16 10:32:00,24,3,478.78,False,False,False,False,4,4,2,442,10
16009,2011-11-17 16:51:00,23,4,972.11,False,False,False,False,4,4,4,444,12
16010,2011-04-08 10:14:00,246,3,392.4,False,False,False,False,1,4,2,142,7
16011,2011-12-01 16:31:00,9,16,3352.96,False,True,False,True,5,5,5,555,15
16012,2011-11-04 13:25:00,36,3,1415.29,False,False,False,False,3,4,4,344,11
16013,2011-12-06 10:36:00,4,47,37130.6,False,True,True,True,5,5,5,555,15
16014,2011-11-02 12:04:00,38,3,646.83,False,False,False,False,3,4,3,343,10
16015,2011-12-06 10:58:00,4,3,704.55,False,False,False,False,5,4,3,543,12
16016,2011-12-06 14:35:00,4,8,1465.51,False,False,False,False,5,5,4,554,14
16017,2011-10-23 12:56:00,48,1,211.88,False,False,False,False,3,2,1,321,6
16018,2011-10-31 14:13:00,40,2,408.9,False,False,False,False,3,3,2,332,8
16019,2011-10-24 11:51:00,47,9,3786.24,False,False,True,True,3,5,5,355,13
16020,2011-11-23 11:18:00,17,3,851.01,False,False,False,False,4,4,3,443,11
16022,2011-03-24 13:16:00,261,1,602.63,False,False,False,False,1,2,3,123,6
16023,2011-10-24 16:34:00,47,3,719.81,False,False,False,False,3,4,3,343,10
16024,2011-11-27 13:26:00,13,1,251.03,False,False,False,False,5,2,2,522,9
16025,2011-11-10 11:45:00,30,1,439.65999999999997,False,False,False,False,4,2,2,422,8
16026,2011-10-27 13:53:00,44,1,236.09,False,False,False,False,3,2,1,321,6
16027,2011-09-09 10:47:00,92,6,934.62,False,False,False,False,2,5,4,254,11
16029,2011-11-01 10:27:00,39,63,80850.84,False,True,True,True,3,5,5,355,13
16030,2011-02-03 11:28:00,310,1,331.24,False,False,False,False,1,2,2,122,5
16031,2011-09-08 13:07:00,93,2,547.9,False,False,False,False,2,3,3,233,8
16033,2011-12-04 12:44:00,6,20,8778.82,False,True,True,True,5,5,5,555,15
16034,2011-05-27 16:17:00,197,3,437.70000000000005,False,False,False,False,1,4,2,142,7
16036,2011-09-13 14:53:00,88,2,758.9200000000001,False,False,False,False,2,3,3,233,8
16037,2011-03-15 09:13:00,270,3,855.02,False,False,False,False,1,4,3,143,8
16038,2011-12-02 12:40:00,8,3,471.78,False,False,False,False,5,4,2,542,11
16040,2011-10-05 13:47:00,66,3,1313.55,False,False,False,False,3,4,4,344,11
16041,2011-11-09 12:25:00,31,3,3166.4,False,False,False,False,4,4,5,445,13
16042,2011-11-17 17:50:00,23,5,1177.47,False,False,False,False,4,4,4,444,12
16043,2011-11-02 12:50:00,38,4,773.99,False,False,False,False,3,4,3,343,10
16045,2011-08-12 12:41:00,120,4,1340.7,False,False,False,False,2,4,4,244,10
16048,2010-12-01 15:28:00,374,2,256.44,True,False,False,True,1,3,2,132,6
16049,2011-10-30 13:19:00,41,3,1074.81,False,False,False,False,3,4,4,344,11
16050,2011-06-19 11:44:00,174,1,137.9,False,False,False,False,2,2,1,221,5
16052,2011-10-16 15:13:00,55,1,362.06,False,False,False,False,3,2,2,322,7
16053,2011-11-07 11:21:00,33,2,1511.95,False,False,False,False,4,3,4,434,11
16054,2011-07-17 13:08:00,146,1,783.9,False,False,False,False,2,2,3,223,7
16055,2011-05-03 09:26:00,221,1,134.8,False,False,False,False,1,2,1,121,4
16056,2011-10-25 15:19:00,46,1,650.75,False,False,False,False,3,2,3,323,8
16057,2011-11-23 15:23:00,17,7,2263.12,False,False,False,False,4,5,5,455,14
16059,2011-10-05 09:56:00,66,6,1453.16,False,False,False,False,3,5,4,354,12
16062,2011-11-30 12:15:00,10,4,1153.62,False,False,False,False,5,4,4,544,13
16063,2011-03-24 14:56:00,261,1,335.32,False,False,False,False,1,2,2,122,5
16065,2010-12-09 13:03:00,366,1,367.14,True,False,False,True,1,2,2,122,5
16066,2011-11-23 11:54:00,17,5,1521.04,False,False,False,False,4,4,4,444,12
16070,2011-11-17 15:50:00,23,2,852.15,False,False,False,False,4,3,3,433,10
16071,2011-10-26 11:14:00,45,1,326.24,False,False,False,False,3,2,2,322,7
16072,2011-02-24 14:32:00,289,1,584.3199999999999,False,False,False,False,1,2,3,123,6
16073,2011-02-15 15:41:00,298,1,122.4,False,False,False,False,1,2,1,121,4
16076,2011-12-06 14:59:00,4,10,2234.73,False,False,False,False,5,5,5,555,15
16078,2011-03-01 09:47:00,284,1,79.2,False,False,False,False,1,2,1,121,4
16079,2011-11-23 12:48:00,17,3,1352.0,False,False,False,False,4,4,4,444,12
16080,2011-09-19 10:42:00,82,2,217.16,False,False,False,False,2,3,1,231,6
16081,2011-10-14 13:06:00,57,5,2799.42,False,False,False,False,3,4,5,345,12
16083,2011-08-31 10:47:00,101,2,1317.62,False,False,False,False,2,3,4,234,9
16084,2011-02-13 16:05:00,300,1,436.18,False,False,False,False,1,2,2,122,5
16085,2011-11-16 13:24:00,24,5,981.51,False,False,False,False,4,4,4,444,12
16086,2011-10-11 13:09:00,60,5,1121.39,False,False,False,False,3,4,4,344,11
16091,2011-07-08 08:45:00,155,2,315.06,False,False,False,False,2,3,2,232,7
16092,2011-08-17 10:46:00,115,3,817.86,False,False,False,False,2,4,3,243,9
16093,2011-08-25 11:09:00,107,1,17.0,False,False,False,False,2,2,1,221,5
16094,2011-11-28 12:45:00,12,4,1078.23,False,False,False,False,5,4,4,544,13
16096,2011-03-20 13:38:00,265,1,320.62,False,False,False,False,1,2,2,122,5
16097,2011-04-13 13:47:00,241,1,185.04999999999998,False,False,False,False,1,2,1,121,4
16098,2011-09-13 09:59:00,88,7,2005.63,False,False,False,False,2,5,4,254,11
16099,2011-10-20 13:13:00,51,3,731.9,False,False,False,False,3,4,3,343,10
16101,2011-09-30 10:18:00,71,1,1290.7,False,False,False,False,3,2,4,324,9
16102,2011-10-28 13:19:00,43,3,1842.14,False,False,False,False,3,4,4,344,11
16103,2011-12-02 14:16:00,8,6,1429.64,False,False,False,False,5,5,4,554,14
16104,2011-10-09 10:23:00,62,1,298.21,False,False,False,False,3,2,2,322,7
16105,2011-04-05 10:13:00,249,1,336.96,False,False,False,False,1,2,2,122,5
16106,2011-10-05 10:37:00,66,1,108.38,False,False,False,False,3,2,1,321,6
16107,2011-11-22 09:40:00,18,7,3204.1600000000003,False,False,False,False,4,5,5,455,14
16108,2011-09-16 11:48:00,85,1,842.5,False,False,False,False,2,2,3,223,7
16109,2011-05-05 09:17:00,219,2,611.88,False,False,False,False,1,3,3,133,7
16110,2011-10-25 14:35:00,46,3,1320.95,False,False,False,False,3,4,4,344,11
16112,2011-07-19 14:28:00,144,4,195.74,False,False,False,False,2,4,1,241,7
16113,2011-06-09 16:16:00,184,1,161.38,False,False,False,False,1,2,1,121,4
16114,2011-06-22 10:13:00,171,1,135.75000000000003,False,False,False,False,2,2,1,221,5
16115,2011-11-30 11:32:00,10,8,1660.8799999999999,False,False,False,False,5,5,4,554,14
16116,2011-05-12 12:01:00,212,1,612.78,False,False,False,False,1,2,3,123,6
16117,2011-06-03 11:42:00,190,1,232.21,False,False,False,False,1,2,1,121,4
16119,2011-12-01 15:11:00,9,2,423.36,False,False,False,False,5,3,2,532,10
16120,2011-10-11 14:22:00,60,4,1309.14,False,False,False,False,3,4,4,344,11
16121,2011-10-13 12:59:00,58,2,854.66,False,False,False,False,3,3,3,333,9
16122,2011-09-27 15:34:00,74,4,684.42,False,False,False,False,2,4,3,243,9
16123,2011-10-19 09:18:00,52,1,307.78000000000003,False,False,False,False,3,2,2,322,7
16124,2011-01-26 14:45:00,318,1,249.0,False,False,False,False,1,2,2,122,5
16125,2010-12-07 15:48:00,368,1,289.35,True,False,False,True,1,2,2,122,5
16126,2011-11-10 16:03:00,30,4,6287.77,False,False,True,True,4,4,5,445,13
16127,2011-10-31 13:58:00,40,1,656.25,False,False,False,False,3,2,3,323,8
16128,2011-11-22 11:14:00,18,5,1880.22,False,False,False,False,4,4,4,444,12
16131,2011-10-19 11:53:00,52,6,3506.54,False,False,False,False,3,5,5,355,13
16133,2011-12-06 11:24:00,4,33,14589.04,False,True,True,True,5,5,5,555,15
16134,2011-11-18 10:05:00,22,2,618.09,False,False,False,False,4,3,3,433,10
16135,2011-03-22 12:30:00,263,1,517.55,False,False,False,False,1,2,3,123,6
16136,2011-10-11 09:10:00,60,3,709.38,False,False,False,False,3,4,3,343,10
16139,2011-11-21 08:37:00,19,3,635.4100000000001,False,False,False,False,4,4,3,443,11
16140,2011-10-05 12:15:00,66,2,725.1800000000001,False,False,False,False,3,3,3,333,9
16141,2011-09-12 13:11:00,89,1,620.4,False,False,False,False,2,2,3,223,7
16142,2011-04-04 10:16:00,250,1,535.34,False,False,False,False,1,2,3,123,6
16143,2011-12-06 14:13:00,4,6,2424.94,False,False,False,False,5,5,5,555,15
16144,2011-04-07 10:09:00,247,1,175.2,False,False,False,False,1,2,1,121,4
16145,2011-12-01 10:33:00,9,11,3799.4900000000002,False,False,True,True,5,5,5,555,15
16146,2011-07-05 14:20:00,158,3,734.13,False,False,False,False,2,4,3,243,9
16147,2011-07-29 09:57:00,134,1,375.0,False,False,False,False,2,2,2,222,6
16148,2011-02-16 14:01:00,297,1,76.32000000000001,False,False,False,False,1,2,1,121,4
16149,2011-12-05 11:29:00,5,2,280.52,False,False,False,False,5,3,2,532,10
16150,2011-10-28 12:39:00,43,5,2053.02,False,False,False,False,3,4,4,344,11
16152,2011-03-16 09:47:00,269,1,1829.04,False,False,False,False,1,2,4,124,7
16153,2011-10-21 10:50:00,50,5,1824.23,False,False,False,False,3,4,4,344,11
16156,2011-12-01 12:42:00,9,9,3092.04,False,False,False,False,5,5,5,555,15
16157,2011-11-24 11:41:00,16,3,656.69,False,False,False,False,4,4,3,443,11
16159,2011-03-03 12:27:00,282,1,348.2,False,False,False,False,1,2,2,122,5
16160,2011-10-05 14:19:00,66,2,1025.44,False,False,False,False,3,3,4,334,10
16161,2011-12-08 12:10:00,2,19,5533.67,False,True,True,True,5,5,5,555,15
16162,2011-04-01 15:03:00,253,1,37.4,False,False,False,False,1,2,1,121,4
16163,2011-04-21 15:15:00,233,2,856.6,False,False,False,False,1,3,3,133,7
16164,2011-11-22 15:04:00,18,3,822.48,False,False,False,False,4,4,3,443,11
16168,2011-11-29 12:45:00,11,27,3787.6,False,True,True,True,5,5,5,555,15
16169,2011-12-01 15:28:00,9,4,1822.97,False,False,False,False,5,4,4,544,13
16170,2011-10-20 08:21:00,51,6,1885.05,False,False,False,False,3,5,4,354,12
16171,2011-10-11 14:51:00,60,1,73.19999999999999,False,False,False,False,3,2,1,321,6
16172,2011-09-05 13:22:00,96,5,1140.21,False,False,False,False,2,4,4,244,10
16173,2011-11-24 10:53:00,16,6,1418.32,False,False,False,False,4,5,4,454,13
16174,2011-08-05 13:26:00,127,3,1009.55,False,False,False,False,2,4,4,244,10
16175,2011-09-06 14:32:00,95,4,1037.5900000000001,False,False,False,False,2,4,4,244,10
16177,2011-10-20 12:57:00,51,1,331.95,False,False,False,False,3,2,2,322,7
16178,2011-07-24 16:05:00,139,1,197.9,False,False,False,False,2,2,1,221,5
16179,2011-10-10 09:41:00,61,1,215.83,False,False,False,False,3,2,1,321,6
16180,2011-08-31 16:28:00,101,8,10254.18,False,False,True,True,2,5,5,255,12
16181,2011-09-27 13:38:00,74,1,305.54,False,False,False,False,2,2,2,222,6
16182,2011-09-28 13:23:00,73,4,6617.65,False,False,True,True,2,4,5,245,11
16183,2011-10-03 14:59:00,68,1,338.71000000000004,False,False,False,False,3,2,2,322,7
16184,2011-10-06 17:43:00,65,6,1158.79,False,False,False,False,3,5,4,354,12
16185,2011-11-23 09:41:00,17,2,529.41,False,False,False,False,4,3,3,433,10
16186,2011-11-17 12:43:00,23,12,4006.94,False,True,True,True,4,5,5,455,14
16187,2011-11-08 09:50:00,32,15,6911.4400000000005,False,True,True,True,4,5,5,455,14
16188,2011-10-26 12:19:00,45,4,981.86,False,False,False,False,3,4,4,344,11
16189,2011-11-24 11:47:00,16,2,215.48,False,False,False,False,4,3,1,431,8
16190,2011-10-30 15:59:00,41,1,215.08,False,False,False,False,3,2,1,321,6
16191,2011-12-07 11:26:00,3,13,5180.52,False,True,True,True,5,5,5,555,15
16193,2011-04-17 11:45:00,237,1,314.45,False,False,False,False,1,2,2,122,5
16198,2011-09-25 14:58:00,76,1,400.68100000000004,False,False,False,False,2,2,2,222,6
16200,2011-12-05 14:40:00,5,2,1068.8700000000001,False,False,False,False,5,3,4,534,12
16201,2011-12-06 16:02:00,4,4,1863.47,False,False,False,False,5,4,4,544,13
16202,2010-12-14 10:43:00,361,1,365.27,True,False,False,True,1,2,2,122,5
16203,2011-10-12 12:31:00,59,4,592.9,False,False,False,False,3,4,3,343,10
16204,2011-11-16 13:40:00,24,1,384.18,False,False,False,False,4,2,2,422,8
16205,2011-11-09 09:32:00,31,4,757.63,False,False,False,False,4,4,3,443,11
16206,2011-10-16 10:41:00,55,4,537.0600000000001,False,False,False,False,3,4,3,343,10
16207,2011-11-14 13:51:00,26,1,394.38,False,False,False,False,4,2,2,422,8
16208,2011-10-26 11:36:00,45,2,664.26,False,False,False,False,3,3,3,333,9
16209,2011-09-12 11:58:00,89,5,2262.62,False,False,False,False,2,4,5,245,11
16210,2011-12-08 12:36:00,2,18,21086.3,False,True,True,True,5,5,5,555,15
16211,2011-09-12 12:11:00,89,1,547.02,False,False,False,False,2,2,3,223,7
16212,2011-11-20 13:00:00,20,2,690.34,False,False,False,False,4,3,3,433,10
16213,2011-09-22 10:03:00,79,1,159.0,False,False,False,False,2,2,1,221,5
16214,2011-06-22 11:30:00,171,3,1062.75,False,False,False,False,2,4,4,244,10
16215,2011-09-20 10:18:00,81,1,242.35,False,False,False,False,2,2,1,221,5
16216,2011-03-17 15:34:00,268,1,914.9300000000001,False,False,False,False,1,2,3,123,6
16217,2011-04-18 13:31:00,236,2,304.25,False,False,False,False,1,3,2,132,6
16218,2011-11-10 09:59:00,30,7,3084.68,False,False,False,False,4,5,5,455,14
16221,2011-11-03 11:43:00,37,3,860.86,False,False,False,False,3,4,3,343,10
16222,2011-01-25 13:38:00,319,1,773.55,False,False,False,False,1,2,3,123,6
16224,2011-10-13 17:51:00,58,4,1295.3,False,False,False,False,3,4,4,344,11
16225,2011-10-26 08:30:00,45,5,1096.32,False,False,False,False,3,4,4,344,11
16226,2011-05-20 14:41:00,204,3,255.12,False,False,False,False,1,4,2,142,7
16227,2011-04-28 13:33:00,226,1,314.22,False,False,False,False,1,2,2,122,5
16229,2011-09-13 17:16:00,88,2,1010.6,False,False,False,False,2,3,4,234,9
16230,2011-06-03 10:06:00,190,2,542.03,False,False,False,False,1,3,3,133,7
16232,2011-10-27 12:16:00,44,4,990.88,False,False,False,False,3,4,4,344,11
16233,2011-09-29 17:27:00,72,3,536.6800000000001,False,False,False,False,3,4,3,343,10
16235,2011-10-30 10:56:00,41,5,867.3100000000001,False,False,False,False,3,4,3,343,10
16236,2011-09-22 14:10:00,79,1,432.2,False,False,False,False,2,2,2,222,6
16239,2011-10-14 08:29:00,57,2,414.2,False,False,False,False,3,3,2,332,8
16240,2011-11-15 14:30:00,25,2,3718.8,False,False,True,True,4,3,5,435,12
16241,2011-11-30 11:08:00,10,13,2590.31,False,True,False,True,5,5,5,555,15
16242,2011-12-01 15:12:00,9,7,3579.86,False,False,False,False,5,5,5,555,15
16243,2011-11-06 12:32:00,34,2,409.1,False,False,False,False,3,3,2,332,8
16244,2011-05-12 10:18:00,212,2,1522.75,False,False,False,False,1,3,4,134,8
16245,2011-11-16 10:14:00,24,3,1413.66,False,False,False,False,4,4,4,444,12
16247,2011-06-22 14:23:00,171,1,114.56,False,False,False,False,2,2,1,221,5
16248,2011-10-09 11:32:00,62,1,152.94,False,False,False,False,3,2,1,321,6
16249,2011-10-18 10:07:00,53,5,1800.07,False,False,False,False,3,4,4,344,11
16250,2011-03-23 15:07:00,262,2,389.44,False,False,False,False,1,3,2,132,6
16253,2011-10-04 09:09:00,67,2,3683.86,False,False,False,False,3,3,5,335,11
16255,2011-11-23 12:40:00,17,8,2619.91,False,False,False,False,4,5,5,455,14
16256,2011-03-18 12:18:00,267,1,752.4300000000001,False,False,False,False,1,2,3,123,6
16257,2011-06-16 10:11:00,177,1,46.95,False,False,False,False,2,2,1,221,5
16258,2011-10-25 13:30:00,46,5,5203.51,False,False,True,True,3,4,5,345,12
16260,2011-10-20 09:40:00,51,1,1035.45,False,False,False,False,3,2,4,324,9
16261,2011-11-22 17:23:00,18,4,728.54,False,False,False,False,4,4,3,443,11
16265,2011-11-30 16:41:00,10,9,5447.0,False,False,True,True,5,5,5,555,15
16266,2011-09-27 12:08:00,74,7,861.89,False,False,False,False,2,5,3,253,10
16268,2011-09-29 18:30:00,72,2,667.65,False,False,False,False,3,3,3,333,9
16270,2010-12-21 14:26:00,354,1,1141.24,True,False,False,True,1,2,4,124,7
16271,2011-12-07 12:45:00,3,5,1404.64,False,False,False,False,5,4,4,544,13
16272,2011-08-15 10:54:00,117,1,411.7,False,False,False,False,2,2,2,222,6
16274,2010-12-01 15:35:00,374,1,351.75,True,False,False,True,1,2,2,122,5
16275,2011-05-27 12:41:00,197,1,559.87,False,False,False,False,1,2,3,123,6
16276,2011-06-16 09:34:00,177,1,810.6,False,False,False,False,2,2,3,223,7
16278,2011-08-31 17:12:00,101,1,566.38,False,False,False,False,2,2,3,223,7
16279,2011-11-18 15:00:00,22,3,1502.78,False,False,False,False,4,4,4,444,12
16281,2011-09-28 14:57:00,73,1,2062.06,False,False,False,False,2,2,5,225,9
16282,2011-01-04 11:42:00,340,1,168.3,True,False,False,True,1,2,1,121,4
16283,2011-12-04 12:08:00,6,5,1570.81,False,False,False,False,5,4,4,544,13
16284,2011-11-08 16:12:00,32,2,812.68,False,False,False,False,4,3,3,433,10
16287,2011-06-23 09:08:00,170,1,142.5,False,False,False,False,2,2,1,221,5
16292,2011-08-10 12:24:00,122,1,302.25,False,False,False,False,2,2,2,222,6
16293,2011-11-18 09:58:00,22,10,2248.9900000000002,False,False,False,False,4,5,5,455,14
16295,2011-11-30 08:17:00,10,4,1328.55,False,False,False,False,5,4,4,544,13
16297,2011-03-16 08:29:00,269,1,301.9,False,False,False,False,1,2,2,122,5
16298,2011-11-17 11:59:00,23,3,598.2,False,False,False,False,4,4,3,443,11
16302,2011-08-05 09:44:00,127,1,233.22,False,False,False,False,2,2,1,221,5
16303,2011-11-14 10:49:00,26,3,5360.63,False,False,True,True,4,4,5,445,13
16305,2011-07-24 12:18:00,139,1,361.22,False,False,False,False,2,2,2,222,6
16306,2011-05-10 12:12:00,214,6,632.27,False,False,False,False,1,5,3,153,9
16308,2011-11-02 11:24:00,38,4,2560.0,False,False,False,False,3,4,5,345,12
16309,2011-08-25 15:35:00,107,2,706.57,False,False,False,False,2,3,3,233,8
16311,2011-11-22 08:54:00,18,2,616.26,False,False,False,False,4,3,3,433,10
16313,2011-12-06 13:02:00,4,2,274.15000000000003,False,False,False,False,5,3,2,532,10
16315,2011-01-13 11:57:00,331,1,226.37,True,False,False,True,1,2,1,121,4
16316,2011-10-06 13:48:00,65,8,2938.91,False,False,False,False,3,5,5,355,13
16317,2011-08-12 12:46:00,120,3,1341.65,False,False,False,False,2,4,4,244,10
16318,2011-11-04 13:05:00,36,1,328.15000000000003,False,False,False,False,3,2,2,322,7
16319,2011-05-06 11:27:00,218,1,404.40000000000003,False,False,False,False,1,2,2,122,5
16320,2011-06-20 15:25:00,173,2,1038.46,False,False,False,False,2,3,4,234,9
16321,2011-09-28 14:55:00,73,5,373.65000000000003,False,False,False,False,2,4,2,242,8
16322,2011-12-08 15:41:00,2,2,326.75,False,False,False,False,5,3,2,532,10
16323,2011-05-27 14:48:00,197,1,207.50000000000003,False,False,False,False,1,2,1,121,4
16324,2011-08-03 12:58:00,129,3,408.59000000000003,False,False,False,False,2,4,2,242,8
16325,2011-10-24 08:48:00,47,3,594.24,False,False,False,False,3,4,3,343,10
16326,2011-12-04 10:11:00,6,14,3039.2200000000003,False,True,False,True,5,5,5,555,15
16327,2011-11-25 13:23:00,15,6,3820.27,False,False,True,True,4,5,5,455,14
16330,2011-11-22 12:24:00,18,3,251.91,False,False,False,False,4,4,2,442,10
16332,2011-11-11 14:22:00,29,7,1582.8,False,False,False,False,4,5,4,454,13
16333,2011-12-02 12:19:00,8,22,26626.8,False,True,True,True,5,5,5,555,15
16337,2011-11-03 10:03:00,37,1,151.05,False,False,False,False,3,2,1,321,6
16338,2011-07-05 13:56:00,158,1,214.8,False,False,False,False,2,2,1,221,5
16339,2011-02-28 13:41:00,285,1,94.05,False,False,False,False,1,2,1,121,4
16340,2011-08-24 14:53:00,108,1,534.31,False,False,False,False,2,2,3,223,7
16341,2011-11-15 09:12:00,25,4,1971.8700000000001,False,False,False,False,4,4,4,444,12
16342,2011-09-25 14:36:00,76,4,322.41,False,False,False,False,2,4,2,242,8
16343,2011-11-23 17:45:00,17,2,328.58,False,False,False,False,4,3,2,432,9
16344,2011-07-04 15:50:00,159,1,101.10000000000001,False,False,False,False,2,2,1,221,5
16345,2011-10-26 16:03:00,45,1,565.46,False,False,False,False,3,2,3,323,8
16347,2011-11-28 13:14:00,12,2,847.45,False,False,False,False,5,3,3,533,11
16348,2011-11-07 15:44:00,33,7,1415.65,False,False,False,False,3,5,4,354,12
16349,2011-02-22 12:40:00,291,1,53.5,False,False,False,False,1,2,1,121,4
16350,2011-11-18 15:53:00,22,4,1116.47,False,False,False,False,4,4,4,444,12
16351,2011-01-11 10:26:00,333,1,153.9,True,False,False,True,1,2,1,121,4
16352,2011-11-22 10:32:00,18,2,494.44,False,False,False,False,4,3,3,433,10
16353,2011-12-06 12:23:00,4,23,6675.71,False,True,True,True,5,5,5,555,15
16354,2011-10-07 14:28:00,64,2,395.8,False,False,False,False,3,3,2,332,8
16356,2011-05-26 11:51:00,198,3,211.77,False,False,False,False,1,4,1,141,6
16357,2011-11-06 16:04:00,34,3,658.88,False,False,False,False,3,4,3,343,10
16358,2011-12-08 15:09:00,2,4,2027.5,False,False,False,False,5,4,4,544,13
16359,2011-12-02 17:04:00,8,9,1750.92,False,False,False,False,5,5,4,554,14
16360,2011-12-05 12:16:00,5,6,3450.41,False,False,False,False,5,5,5,555,15
16361,2011-11-30 12:32:00,10,4,891.21,False,False,False,False,5,4,3,543,12
16362,2011-11-07 13:01:00,33,5,709.99,False,False,False,False,3,4,3,343,10
16363,2011-10-17 14:14:00,54,1,109.36000000000001,False,False,False,False,3,2,1,321,6
16364,2011-11-28 11:27:00,12,2,705.79,False,False,False,False,5,3,3,533,11
16365,2011-11-22 11:24:00,18,9,1540.42,False,False,False,False,4,5,4,454,13
16366,2011-11-21 08:19:00,19,1,327.3,False,False,False,False,4,2,2,422,8
16367,2011-11-02 13:13:00,38,2,800.67,False,False,False,False,3,3,3,333,9
16368,2011-12-07 13:12:00,3,2,479.91,False,False,False,False,5,3,2,532,10
16369,2011-11-21 16:25:00,19,3,1545.41,False,False,False,False,4,4,4,444,12
16370,2011-09-18 15:55:00,83,4,1301.91,False,False,False,False,2,4,4,244,10
16372,2011-11-06 13:08:00,34,2,355.73,False,False,False,False,3,3,2,332,8
16374,2011-10-04 15:21:00,67,2,466.73,False,False,False,False,3,3,2,332,8
16376,2011-12-01 11:38:00,9,2,974.96,False,False,False,False,5,3,4,534,12
16377,2011-03-17 15:41:00,268,1,676.2,False,False,False,False,1,2,3,123,6
16378,2011-04-06 15:07:00,248,3,362.95,False,False,False,False,1,4,2,142,7
16379,2011-12-05 15:38:00,5,4,2157.4,False,False,False,False,5,4,5,545,14
16380,2011-10-09 15:40:00,62,1,1743.1499999999999,False,False,False,False,3,2,4,324,9
16383,2011-09-26 12:45:00,75,2,643.76,False,False,False,False,2,3,3,233,8
16384,2011-09-11 11:19:00,90,2,584.5,False,False,False,False,2,3,3,233,8
16385,2011-10-10 13:12:00,61,3,554.86,False,False,False,False,3,4,3,343,10
16386,2011-11-11 12:28:00,29,2,302.57,False,False,False,False,4,3,2,432,9
16387,2011-01-21 11:34:00,323,1,94.36,False,False,False,False,1,2,1,121,4
16389,2011-10-17 14:41:00,54,4,1382.0700000000002,False,False,False,False,3,4,4,344,11
16392,2011-03-15 12:11:00,270,1,217.89000000000001,False,False,False,False,1,2,1,121,4
16393,2011-12-07 12:51:00,3,13,3040.96,False,True,False,True,5,5,5,555,15
16394,2011-10-14 09:48:00,57,5,1555.34,False,False,False,False,3,4,4,344,11
16395,2011-10-10 12:50:00,61,5,1482.06,False,False,False,False,3,4,4,344,11
16398,2011-07-08 15:16:00,155,2,1705.8,False,False,False,False,2,3,4,234,9
16399,2011-11-20 16:12:00,20,2,408.02,False,False,False,False,4,3,2,432,9
16400,2011-09-06 12:27:00,95,1,303.93,False,False,False,False,2,2,2,222,6
16401,2011-12-08 18:15:00,2,12,4098.32,False,True,True,True,5,5,5,555,15
16402,2011-03-20 12:25:00,265,2,293.45,False,False,False,False,1,3,2,132,6
16403,2011-01-31 13:39:00,313,1,177.5,False,False,False,False,1,2,1,121,4
16404,2011-09-30 14:55:00,71,1,443.05,False,False,False,False,3,2,2,322,7
16405,2011-02-10 15:24:00,303,2,167.25,False,False,False,False,1,3,1,131,5
16406,2011-11-21 11:57:00,19,1,154.35,False,False,False,False,4,2,1,421,7
16407,2011-11-27 11:05:00,13,10,2079.68,False,False,False,False,5,5,5,555,15
16409,2011-11-03 16:45:00,37,5,2022.98,False,False,False,False,3,4,4,344,11
16411,2011-11-20 13:23:00,20,2,211.7,False,False,False,False,4,3,1,431,8
16412,2011-10-17 12:35:00,54,1,135.99,False,False,False,False,3,2,1,321,6
16413,2011-10-14 12:08:00,57,1,262.2,False,False,False,False,3,2,2,322,7
16414,2011-11-18 09:42:00,22,2,126.25,False,False,False,False,4,3,1,431,8
16415,2011-10-26 13:35:00,45,1,200.27,False,False,False,False,3,2,1,321,6
16416,2011-11-13 12:50:00,27,3,1051.4,False,False,False,False,4,4,4,444,12
16418,2011-10-26 12:39:00,45,3,631.12,False,False,False,False,3,4,3,343,10
16419,2011-08-19 12:33:00,113,6,958.71,False,False,False,False,2,5,4,254,11
16422,2011-11-22 14:00:00,18,51,34684.4,False,True,True,True,4,5,5,455,14
16423,2011-11-15 09:21:00,25,1,346.12,False,False,False,False,4,2,2,422,8
16424,2011-06-01 13:40:00,192,1,133.56,False,False,False,False,1,2,1,121,4
16425,2011-02-10 14:30:00,303,1,302.7,False,False,False,False,1,2,2,122,5
16426,2011-12-07 14:01:00,3,10,1863.76,False,False,False,False,5,5,4,554,14
16427,2011-03-21 17:10:00,264,2,241.06,False,False,False,False,1,3,1,131,5
16429,2011-08-25 13:54:00,107,1,284.55,False,False,False,False,2,2,2,222,6
16430,2011-10-13 14:47:00,58,1,300.85,False,False,False,False,3,2,2,322,7
16431,2011-05-10 14:09:00,214,3,623.28,False,False,False,False,1,4,3,143,8
16432,2011-10-06 13:59:00,65,1,287.40000000000003,False,False,False,False,3,2,2,322,7
16433,2011-11-11 14:09:00,29,1,184.26,False,False,False,False,4,2,1,421,7
16434,2011-11-10 14:28:00,30,7,1511.8,False,False,False,False,4,5,4,454,13
16438,2011-12-04 10:51:00,6,5,798.35,False,False,False,False,5,4,3,543,12
16440,2011-12-02 12:02:00,8,5,3640.67,False,False,False,False,5,4,5,545,14
16441,2011-10-03 17:48:00,68,2,381.2,False,False,False,False,3,3,2,332,8
16442,2011-12-08 11:43:00,2,3,609.3,False,False,False,False,5,4,3,543,12
16444,2011-10-24 13:50:00,47,4,654.67,False,False,False,False,3,4,3,343,10
16445,2011-11-06 12:32:00,34,1,230.51,False,False,False,False,3,2,1,321,6
16446,2011-12-09 09:15:00,1,2,168472.5,False,False,True,True,5,3,5,535,13
16447,2011-07-27 12:45:00,136,1,255.91,False,False,False,False,2,2,2,222,6
16448,2011-05-25 16:28:00,199,1,182.99,False,False,False,False,1,2,1,121,4
16449,2011-05-26 10:25:00,198,2,707.69,False,False,False,False,1,3,3,133,7
16450,2011-07-13 11:47:00,150,1,311.92,False,False,False,False,2,2,2,222,6
16451,2011-09-13 09:17:00,88,1,266.97,False,False,False,False,2,2,2,222,6
16454,2011-10-26 11:40:00,45,2,6.9,False,False,False,False,3,3,1,331,7
16455,2011-10-07 12:17:00,64,7,1841.18,False,False,False,False,3,5,4,354,12
16456,2011-09-01 13:50:00,100,5,2158.18,False,False,False,False,2,4,5,245,11
16457,2011-05-05 13:19:00,219,1,208.36,False,False,False,False,1,2,1,121,4
16458,2011-12-07 09:34:00,3,18,3482.7400000000002,False,True,False,True,5,5,5,555,15
16460,2011-11-11 13:46:00,29,3,811.23,False,False,False,False,4,4,3,443,11
16461,2011-06-15 12:07:00,178,1,142.92,False,False,False,False,2,2,1,221,5
16462,2011-09-27 10:24:00,74,3,136.0,False,False,False,False,2,4,1,241,7
16463,2011-11-18 14:01:00,22,4,1422.4,False,False,False,False,4,4,4,444,12
16464,2011-11-20 12:11:00,20,3,1298.66,False,False,False,False,4,4,4,444,12
16466,2011-11-06 11:35:00,34,7,1595.96,False,False,False,False,3,5,4,354,12
16468,2011-09-26 14:13:00,75,1,74.9,False,False,False,False,2,2,1,221,5
16469,2011-11-16 12:25:00,24,4,625.42,False,False,False,False,4,4,3,443,11
16470,2011-10-19 12:11:00,52,4,752.77,False,False,False,False,3,4,3,343,10
16471,2011-03-10 09:41:00,275,1,223.95000000000002,False,False,False,False,1,2,1,121,4
16473,2011-06-28 09:10:00,165,3,316.11,False,False,False,False,2,4,2,242,8
16474,2011-12-02 13:02:00,8,7,1810.65,False,False,False,False,5,5,4,554,14
16475,2011-09-12 14:37:00,89,4,544.3,False,False,False,False,2,4,3,243,9
16477,2011-10-07 09:44:00,64,7,2494.46,False,False,False,False,3,5,5,355,13
16478,2011-11-14 15:51:00,26,3,331.0,False,False,False,False,4,4,2,442,10
16479,2011-11-29 13:40:00,11,2,300.83,False,False,False,False,5,3,2,532,10
16480,2011-09-25 11:40:00,76,1,769.29,False,False,False,False,2,2,3,223,7
16482,2011-11-24 12:33:00,16,1,220.62,False,False,False,False,4,2,1,421,7
16483,2011-05-31 13:08:00,193,1,139.35,False,False,False,False,1,2,1,121,4
16484,2011-06-19 12:06:00,174,2,404.3,False,False,False,False,2,3,2,232,7
16485,2011-09-23 15:50:00,78,1,363.65,False,False,False,False,2,2,2,222,6
16488,2011-11-06 13:42:00,34,3,498.8,False,False,False,False,3,4,3,343,10
16491,2011-10-24 10:18:00,47,1,731.5,False,False,False,False,3,2,3,323,8
16493,2011-09-21 11:10:00,80,4,1351.63,False,False,False,False,2,4,4,244,10
16494,2011-02-16 12:49:00,297,1,826.53,False,False,False,False,1,2,3,123,6
16495,2011-12-06 13:20:00,4,3,648.26,False,False,False,False,5,4,3,543,12
16496,2011-12-01 10:31:00,9,3,1599.52,False,False,False,False,5,4,4,544,13
16497,2011-10-21 10:55:00,50,6,2965.69,False,False,False,False,3,5,5,355,13
16498,2011-07-01 15:07:00,162,2,100.97,False,False,False,False,2,3,1,231,6
16499,2010-12-14 13:31:00,361,2,365.45,True,False,False,True,1,3,2,132,6
16500,2011-12-05 12:04:00,5,6,400.86,False,False,False,False,5,5,2,552,12
16503,2011-08-25 11:46:00,107,4,1431.93,False,False,False,False,2,4,4,244,10
16504,2011-11-14 15:18:00,26,1,465.88,False,False,False,False,4,2,2,422,8
16505,2011-11-08 12:14:00,32,1,777.6,False,False,False,False,4,2,3,423,9
16506,2011-11-20 12:17:00,20,2,90.30000000000001,False,False,False,False,4,3,1,431,8
16509,2011-02-16 09:25:00,297,1,363.70000000000005,False,False,False,False,1,2,2,122,5
16510,2010-12-02 13:39:00,373,1,248.1,True,False,False,True,1,2,1,121,4
16511,2011-11-18 10:41:00,22,3,918.33,False,False,False,False,4,4,3,443,11
16513,2011-12-05 10:18:00,5,4,874.59,False,False,False,False,5,4,3,543,12
16515,2011-10-18 13:10:00,53,5,1624.14,False,False,False,False,3,4,4,344,11
16516,2011-11-09 14:59:00,31,1,101.69999999999999,False,False,False,False,4,2,1,421,7
16517,2011-03-07 13:50:00,278,1,162.70000000000002,False,False,False,False,1,2,1,121,4
16518,2011-10-09 15:04:00,62,2,484.32,False,False,False,False,3,3,2,332,8
16519,2011-11-14 15:41:00,26,2,215.07999999999998,False,False,False,False,4,3,1,431,8
16520,2011-06-06 13:24:00,187,3,1046.57,False,False,False,False,1,4,4,144,9
16523,2011-12-08 09:06:00,2,21,9418.470000000001,False,True,True,True,5,5,5,555,15
16525,2011-12-07 15:07:00,3,26,13027.45,False,True,True,True,5,5,5,555,15
16526,2011-06-21 12:02:00,172,1,290.36,False,False,False,False,2,2,2,222,6
16527,2011-09-19 16:21:00,82,1,228.06,False,False,False,False,2,2,1,221,5
16528,2011-12-06 12:45:00,4,1,244.41,False,False,False,False,5,2,1,521,8
16529,2011-06-02 17:23:00,191,1,455.25,False,False,False,False,1,2,2,122,5
16531,2011-11-17 16:29:00,23,7,1244.59,False,False,False,False,4,5,4,454,13
16532,2011-11-22 11:08:00,18,3,6748.8,False,False,True,True,4,4,5,445,13
16533,2011-11-20 13:08:00,20,3,1082.81,False,False,False,False,4,4,4,444,12
16535,2011-12-04 15:18:00,6,1,593.75,False,False,False,False,5,2,3,523,10
16536,2011-08-21 15:54:00,111,1,548.12,False,False,False,False,2,2,3,223,7
16539,2011-12-07 08:41:00,3,4,1388.81,False,False,False,False,5,4,4,544,13
16542,2011-10-17 10:47:00,54,1,119.62,False,False,False,False,3,2,1,321,6
16545,2011-06-28 10:37:00,165,1,339.3,False,False,False,False,2,2,2,222,6
16546,2011-02-22 11:20:00,291,2,787.15,False,False,False,False,1,3,3,133,7
16549,2011-11-29 15:06:00,11,10,4034.9,False,False,True,True,5,5,5,555,15
16550,2011-08-23 11:12:00,109,5,2298.97,False,False,False,False,2,4,5,245,11
16551,2011-09-05 09:38:00,96,3,922.12,False,False,False,False,2,4,3,243,9
16552,2011-04-11 10:04:00,243,2,379.73,False,False,False,False,1,3,2,132,6
16553,2011-06-29 15:42:00,164,12,5719.82,False,True,True,True,2,5,5,255,12
16554,2011-10-28 14:51:00,43,3,837.1,False,False,False,False,3,4,3,343,10
16555,2011-11-04 14:31:00,36,2,285.89,False,False,False,False,3,3,2,332,8
16556,2011-10-04 11:36:00,67,7,3313.79,False,False,False,False,3,5,5,355,13
16557,2011-11-15 14:04:00,25,2,281.85,False,False,False,False,4,3,2,432,9
16558,2011-12-09 10:20:00,1,20,8338.49,False,True,True,True,5,5,5,555,15
16560,2011-11-13 10:35:00,27,2,841.41,False,False,False,False,4,3,3,433,10
16561,2011-12-04 11:50:00,6,2,511.12,False,False,False,False,5,3,3,533,11
16563,2011-10-17 11:51:00,54,1,1077.74,False,False,False,False,3,2,4,324,9
16565,2010-12-10 15:21:00,365,1,173.7,True,False,False,True,1,2,1,121,4
16566,2011-11-24 16:34:00,16,5,614.66,False,False,False,False,4,4,3,443,11
16567,2011-05-29 13:57:00,195,2,865.6,False,False,False,False,1,3,3,133,7
16569,2011-12-06 15:32:00,4,1,124.2,False,False,False,False,5,2,1,521,8
16570,2011-11-24 17:02:00,16,10,3738.4,False,False,True,True,4,5,5,455,14
16571,2011-11-13 11:46:00,27,3,1421.69,False,False,False,False,4,4,4,444,12
16572,2011-08-04 16:34:00,128,3,1009.6,False,False,False,False,2,4,4,244,10
16573,2011-09-16 09:13:00,85,2,663.61,False,False,False,False,2,3,3,233,8
16574,2011-09-29 13:39:00,72,1,451.44,False,False,False,False,3,2,2,322,7
16581,2011-06-10 10:05:00,183,1,105.84,False,False,False,False,1,2,1,121,4
16582,2011-08-18 17:02:00,114,1,313.62,False,False,False,False,2,2,2,222,6
16583,2010-12-01 12:03:00,374,1,233.45,True,False,False,True,1,2,1,121,4
16584,2011-09-20 13:45:00,81,2,936.08,False,False,False,False,2,3,4,234,9
16586,2011-04-05 09:32:00,249,1,463.95,False,False,False,False,1,2,2,122,5
16587,2011-04-21 15:51:00,233,1,225.15,False,False,False,False,1,2,1,121,4
16589,2011-09-29 14:50:00,72,3,459.24,False,False,False,False,3,4,2,342,9
16591,2011-10-02 10:43:00,69,1,213.5,False,False,False,False,3,2,1,321,6
16592,2011-12-05 13:49:00,5,16,4113.68,False,True,True,True,5,5,5,555,15
16593,2011-10-20 12:41:00,51,3,330.03,False,False,False,False,3,4,2,342,9
16594,2011-09-25 14:08:00,76,1,181.09,False,False,False,False,2,2,1,221,5
16595,2011-10-09 13:15:00,62,1,360.16,False,False,False,False,3,2,2,322,7
16596,2011-11-24 10:02:00,16,2,250.15,False,False,False,False,4,3,2,432,9
16597,2011-12-05 15:44:00,5,1,90.04,False,False,False,False,5,2,1,521,8
16598,2011-02-27 11:42:00,286,1,145.05,False,False,False,False,1,2,1,121,4
16600,2011-12-05 16:00:00,5,6,813.52,False,False,False,False,5,5,3,553,13
16601,2011-10-30 11:09:00,41,1,242.7,False,False,False,False,3,2,1,321,6
16602,2011-11-03 15:54:00,37,1,528.08,False,False,False,False,3,2,3,323,8
16603,2011-09-26 10:06:00,75,2,482.47,False,False,False,False,2,3,2,232,7
16607,2011-11-22 10:24:00,18,14,3347.71,False,True,False,True,4,5,5,455,14
16609,2011-11-24 13:32:00,16,7,5493.46,False,False,True,True,4,5,5,455,14
16610,2011-05-04 13:13:00,220,1,75.66,False,False,False,False,1,2,1,121,4
16611,2011-06-06 15:46:00,187,1,129.49,False,False,False,False,1,2,1,121,4
16612,2011-11-07 07:38:00,33,4,1187.66,False,False,False,False,3,4,4,344,11
16613,2011-09-30 15:52:00,71,1,618.59,False,False,False,False,3,2,3,323,8
16614,2011-06-10 11:36:00,183,1,506.19,False,False,False,False,1,2,3,123,6
16616,2011-11-24 16:31:00,16,2,500.42,False,False,False,False,4,3,3,433,10
16617,2011-04-18 10:35:00,236,1,151.85,False,False,False,False,1,2,1,121,4
16618,2011-11-08 13:52:00,32,5,2647.59,False,False,False,False,4,4,5,445,13
16619,2011-03-21 08:18:00,264,1,226.21,False,False,False,False,1,2,1,121,4
16620,2011-12-06 12:19:00,4,2,178.96,False,False,False,False,5,3,1,531,9
16621,2011-10-19 11:38:00,52,4,813.48,False,False,False,False,3,4,3,343,10
16623,2011-04-08 10:09:00,246,1,129.45000000000002,False,False,False,False,1,2,1,121,4
16624,2011-09-20 12:39:00,81,2,810.57,False,False,False,False,2,3,3,233,8
16625,2011-03-10 12:50:00,275,1,333.08,False,False,False,False,1,2,2,122,5
16626,2011-12-09 11:56:00,1,17,4413.1,False,True,True,True,5,5,5,555,15
16627,2011-09-21 14:38:00,80,1,322.8,False,False,False,False,2,2,2,222,6
16628,2011-11-10 12:45:00,30,5,2188.05,False,False,False,False,4,4,5,445,13
16629,2011-09-27 10:34:00,74,2,408.63,False,False,False,False,2,3,2,232,7
16633,2011-11-22 13:41:00,18,6,2883.1,False,False,False,False,4,5,5,455,14
16634,2011-05-01 12:09:00,223,2,217.9,False,False,False,False,1,3,1,131,5
16637,2011-11-07 13:17:00,33,4,1154.47,False,False,False,False,3,4,4,344,11
16638,2011-11-17 11:09:00,23,10,1680.72,False,False,False,False,4,5,4,454,13
16639,2011-11-08 13:20:00,32,3,1257.51,False,False,False,False,4,4,4,444,12
16641,2011-08-26 12:49:00,106,1,231.1,False,False,False,False,2,2,1,221,5
16642,2011-12-05 11:31:00,5,2,688.33,False,False,False,False,5,3,3,533,11
16643,2011-04-08 08:24:00,246,1,487.51,False,False,False,False,1,2,3,123,6
16644,2011-06-15 12:39:00,178,2,833.78,False,False,False,False,2,3,3,233,8
16647,2011-06-23 11:47:00,170,2,214.06,False,False,False,False,2,3,1,231,6
16648,2011-10-28 08:58:00,43,1,290.66,False,False,False,False,3,2,2,322,7
16650,2011-09-29 09:51:00,72,1,518.42,False,False,False,False,3,2,3,323,8
16652,2011-10-12 09:38:00,59,7,6773.97,False,False,True,True,3,5,5,355,13
16653,2011-11-23 14:51:00,17,2,1212.66,False,False,False,False,4,3,4,434,11
16654,2011-07-21 15:23:00,142,4,601.27,False,False,False,False,2,4,3,243,9
16655,2011-11-22 11:25:00,18,6,3789.52,False,False,True,True,4,5,5,455,14
16656,2011-11-17 14:43:00,23,15,8625.8,False,True,True,True,4,5,5,455,14
16657,2011-11-30 11:48:00,10,4,874.43,False,False,False,False,5,4,3,543,12
16658,2010-12-06 13:47:00,369,1,123.24,True,False,False,True,1,2,1,121,4
16659,2011-06-03 15:03:00,190,1,39.12,False,False,False,False,1,2,1,121,4
16660,2011-11-23 14:53:00,17,4,1267.65,False,False,False,False,4,4,4,444,12
16665,2010-12-12 14:03:00,363,1,135.4,True,False,False,True,1,2,1,121,4
16666,2011-11-20 14:01:00,20,1,118.98,False,False,False,False,4,2,1,421,7
16667,2011-10-02 15:26:00,69,2,567.1800000000001,False,False,False,False,3,3,3,333,9
16668,2011-11-24 17:43:00,16,6,306.72,False,False,False,False,4,5,2,452,11
16669,2011-11-16 12:26:00,24,3,1348.88,False,False,False,False,4,4,4,444,12
16670,2011-11-23 09:34:00,17,11,4095.9,False,False,True,True,4,5,5,455,14
16671,2011-11-11 13:40:00,29,3,1692.27,False,False,False,False,4,4,4,444,12
16672,2011-12-07 16:29:00,3,20,8134.9400000000005,False,True,True,True,5,5,5,555,15
16674,2011-10-16 11:31:00,55,2,304.24,False,False,False,False,3,3,2,332,8
16676,2011-11-06 12:01:00,34,4,1592.12,False,False,False,False,3,4,4,344,11
16678,2011-12-07 12:17:00,3,12,3109.99,False,True,False,True,5,5,5,555,15
16679,2010-12-08 13:51:00,367,1,129.75,True,False,False,True,1,2,1,121,4
16680,2011-10-27 17:35:00,44,1,183.7,False,False,False,False,3,2,1,321,6
16681,2011-09-28 11:11:00,73,6,1770.3400000000001,False,False,False,False,2,5,4,254,11
16682,2011-12-05 12:13:00,5,5,1028.0,False,False,False,False,5,4,4,544,13
16684,2011-12-05 14:06:00,5,28,66653.56,False,True,True,True,5,5,5,555,15
16685,2011-10-09 13:58:00,62,2,324.24,False,False,False,False,3,3,2,332,8
16686,2011-10-23 13:49:00,48,7,2959.88,False,False,False,False,3,5,5,355,13
16688,2011-12-08 15:24:00,2,4,1260.8600000000001,False,False,False,False,5,4,4,544,13
16689,2011-09-25 11:39:00,76,2,422.6,False,False,False,False,2,3,2,232,7
16690,2011-09-28 15:02:00,73,2,225.58,False,False,False,False,2,3,1,231,6
16692,2011-03-28 14:46:00,257,2,1276.0,False,False,False,False,1,3,4,134,8
16693,2011-10-02 11:10:00,69,2,477.86,False,False,False,False,3,3,2,332,8
16696,2011-07-27 14:23:00,136,4,657.9,False,False,False,False,2,4,3,243,9
16697,2011-04-12 17:12:00,242,1,112.75,False,False,False,False,1,2,1,121,4
16698,2011-04-27 10:52:00,227,2,1998.0,False,False,False,False,1,3,4,134,8
16700,2011-12-01 11:00:00,9,13,5076.55,False,True,True,True,5,5,5,555,15
16701,2011-12-01 11:10:00,9,13,5398.3,False,True,True,True,5,5,5,555,15
16705,2011-12-09 12:08:00,1,20,14034.99,False,True,True,True,5,5,5,555,15
16706,2011-11-02 13:50:00,38,3,531.35,False,False,False,False,3,4,3,343,10
16708,2011-10-25 12:20:00,46,1,656.63,False,False,False,False,3,2,3,323,8
16709,2011-09-16 10:56:00,85,5,3029.87,False,False,False,False,2,4,5,245,11
16710,2011-11-20 14:50:00,20,10,2467.9900000000002,False,False,False,False,4,5,5,455,14
16711,2011-12-06 16:32:00,4,5,1651.03,False,False,False,False,5,4,4,544,13
16712,2011-11-30 13:48:00,10,11,3611.31,False,False,False,False,5,5,5,555,15
16713,2011-11-21 12:36:00,19,15,6910.78,False,True,True,True,4,5,5,455,14
16714,2011-05-05 11:09:00,219,3,1129.06,False,False,False,False,1,4,4,144,9
16715,2011-09-22 18:15:00,79,1,301.71999999999997,False,False,False,False,2,2,2,222,6
16716,2011-03-18 10:03:00,267,2,901.2,False,False,False,False,1,3,3,133,7
16717,2011-11-16 12:16:00,24,6,3843.08,False,False,True,True,4,5,5,455,14
16718,2010-12-05 13:03:00,370,1,606.0500000000001,True,False,False,True,1,2,3,123,6
16719,2011-11-25 09:27:00,15,7,1770.22,False,False,False,False,4,5,4,454,13
16720,2011-11-13 16:22:00,27,1,152.95,False,False,False,False,4,2,1,421,7
16721,2011-03-22 16:08:00,263,1,292.47,False,False,False,False,1,2,2,122,5
16722,2011-11-22 13:28:00,18,13,4730.81,False,True,True,True,4,5,5,455,14
16723,2011-09-09 13:01:00,92,2,576.4,False,False,False,False,2,3,3,233,8
16725,2011-02-10 16:52:00,303,7,758.27,False,False,False,False,1,5,3,153,9
16726,2011-11-13 14:53:00,27,5,1358.74,False,False,False,False,4,4,4,444,12
16727,2010-12-10 13:48:00,365,1,256.32,True,False,False,True,1,2,2,122,5
16728,2011-10-24 14:36:00,47,4,1048.28,False,False,False,False,3,4,4,344,11
16729,2011-11-01 14:29:00,39,21,7205.33,False,True,True,True,3,5,5,355,13
16730,2011-10-18 14:11:00,53,3,743.11,False,False,False,False,3,4,3,343,10
16732,2011-11-08 09:54:00,32,1,603.75,False,False,False,False,4,2,3,423,9
16734,2011-10-18 13:44:00,53,3,646.76,False,False,False,False,3,4,3,343,10
16735,2011-09-22 11:49:00,79,5,2247.41,False,False,False,False,2,4,5,245,11
16737,2011-10-17 13:03:00,54,1,417.6,False,False,False,False,3,2,2,322,7
16738,2011-02-15 09:46:00,298,1,3.75,False,False,False,False,1,2,1,121,4
16739,2011-06-16 09:17:00,177,1,323.0,False,False,False,False,2,2,2,222,6
16742,2011-10-24 12:02:00,47,1,464.9,False,False,False,False,3,2,2,322,7
16743,2011-11-10 13:13:00,30,7,2213.13,False,False,False,False,4,5,5,455,14
16744,2011-11-28 13:06:00,12,7,1291.91,False,False,False,False,5,5,4,554,14
16745,2011-09-14 11:58:00,87,17,7180.7,False,True,True,True,2,5,5,255,12
16746,2011-12-05 12:33:00,5,18,6680.11,False,True,True,True,5,5,5,555,15
16747,2011-11-02 11:37:00,38,2,836.0600000000001,False,False,False,False,3,3,3,333,9
16748,2011-11-22 10:17:00,18,5,1515.9,False,False,False,False,4,4,4,444,12
16750,2011-10-26 12:48:00,45,5,623.93,False,False,False,False,3,4,3,343,10
16751,2011-11-09 10:48:00,31,1,1764.72,False,False,False,False,4,2,4,424,10
16752,2010-12-02 12:18:00,373,1,207.5,True,False,False,True,1,2,1,121,4
16753,2011-10-12 13:14:00,59,1,223.92000000000002,False,False,False,False,3,2,1,321,6
16754,2010-12-02 17:38:00,373,1,2002.4,True,False,False,True,1,2,4,124,7
16755,2011-08-17 13:21:00,115,3,1475.43,False,False,False,False,2,4,4,244,10
16756,2011-05-09 09:33:00,215,1,239.4,False,False,False,False,1,2,1,121,4
16757,2011-01-25 11:59:00,319,1,106.83000000000001,False,False,False,False,1,2,1,121,4
16758,2011-10-05 14:47:00,66,1,369.34000000000003,False,False,False,False,3,2,2,322,7
16759,2011-12-02 12:42:00,8,3,789.79,False,False,False,False,5,4,3,543,12
16761,2011-09-04 11:15:00,97,1,316.62,False,False,False,False,2,2,2,222,6
16762,2011-11-20 11:43:00,20,3,1207.24,False,False,False,False,4,4,4,444,12
16763,2011-05-25 11:52:00,199,1,611.8499999999999,False,False,False,False,1,2,3,123,6
16764,2011-12-06 11:41:00,4,13,2790.9500000000003,False,True,False,True,5,5,5,555,15
16765,2011-02-18 15:41:00,295,1,34.0,False,False,False,False,1,2,1,121,4
16766,2011-03-11 15:22:00,274,2,1145.6,False,False,False,False,1,3,4,134,8
16767,2011-11-09 09:42:00,31,11,5575.56,False,False,True,True,4,5,5,455,14
16768,2011-10-23 10:38:00,48,3,478.09000000000003,False,False,False,False,3,4,2,342,9
16769,2011-03-24 13:41:00,261,1,361.54,False,False,False,False,1,2,2,122,5
16770,2011-10-13 12:21:00,58,5,757.1,False,False,False,False,3,4,3,343,10
16771,2011-11-06 13:28:00,34,5,2242.61,False,False,False,False,3,4,5,345,12
16773,2011-10-13 14:37:00,58,1,171.59,False,False,False,False,3,2,1,321,6
16774,2011-10-03 12:41:00,68,4,661.52,False,False,False,False,3,4,3,343,10
16775,2011-11-29 15:22:00,11,11,1691.51,False,False,False,False,5,5,4,554,14
16776,2011-10-10 13:04:00,61,1,371.54,False,False,False,False,3,2,2,322,7
16777,2011-09-20 13:41:00,81,2,222.62,False,False,False,False,2,3,1,231,6
16778,2011-09-26 13:48:00,75,2,245.94,False,False,False,False,2,3,1,231,6
16779,2011-12-07 14:54:00,3,22,10611.72,False,True,True,True,5,5,5,555,15
16780,2011-08-31 16:09:00,101,2,422.24,False,False,False,False,2,3,2,232,7
16781,2010-12-02 14:26:00,373,1,311.25,True,False,False,True,1,2,2,122,5
16782,2011-11-29 13:20:00,11,13,2267.9500000000003,False,True,False,True,5,5,5,555,15
16784,2011-11-20 12:20:00,20,1,107.6,False,False,False,False,4,2,1,421,7
16788,2011-08-08 14:53:00,124,2,594.39,False,False,False,False,2,3,3,233,8
16789,2011-12-01 15:12:00,9,1,80.80000000000001,False,False,False,False,5,2,1,521,8
16790,2011-12-06 11:53:00,4,6,1545.6200000000001,False,False,False,False,5,5,4,554,14
16791,2011-11-10 19:12:00,30,7,1705.78,False,False,False,False,4,5,4,454,13
16792,2011-03-02 14:41:00,283,2,110.38,False,False,False,False,1,3,1,131,5
16793,2011-10-13 15:08:00,58,1,243.84,False,False,False,False,3,2,1,321,6
16794,2011-12-08 17:54:00,2,10,1196.5,False,False,False,False,5,5,4,554,14
16795,2010-12-09 14:08:00,366,1,414.88,True,False,False,True,1,2,2,122,5
16796,2011-09-11 14:01:00,90,1,305.62,False,False,False,False,2,2,2,222,6
16800,2011-11-28 14:06:00,12,1,1162.65,False,False,False,False,5,2,4,524,11
16801,2011-06-29 15:33:00,164,4,1594.23,False,False,False,False,2,4,4,244,10
16803,2011-10-05 14:28:00,66,1,332.3,False,False,False,False,3,2,2,322,7
16804,2011-11-16 16:43:00,24,3,536.99,False,False,False,False,4,4,3,443,11
16805,2011-06-19 11:23:00,174,2,460.59000000000003,False,False,False,False,2,3,2,232,7
16806,2011-08-28 15:27:00,104,4,762.16,False,False,False,False,2,4,3,243,9
16807,2011-07-20 12:00:00,143,3,1121.59,False,False,False,False,2,4,4,244,10
16808,2011-09-01 19:34:00,100,2,288.42,False,False,False,False,2,3,2,232,7
16809,2011-11-16 15:45:00,24,5,914.69,False,False,False,False,4,4,3,443,11
16810,2011-05-31 15:32:00,193,1,309.54,False,False,False,False,1,2,2,122,5
16811,2011-12-05 11:39:00,5,2,547.07,False,False,False,False,5,3,3,533,11
16812,2010-12-14 12:35:00,361,1,479.35,True,False,False,True,1,2,2,122,5
16813,2011-12-01 14:03:00,9,10,1652.18,False,False,False,False,5,5,4,554,14
16814,2011-11-25 13:27:00,15,21,6416.7,False,True,True,True,4,5,5,455,14
16816,2011-08-28 14:16:00,104,4,417.06,False,False,False,False,2,4,2,242,8
16817,2011-12-07 11:03:00,3,9,1604.75,False,False,False,False,5,5,4,554,14
16818,2011-11-29 10:41:00,11,11,3349.57,False,False,False,False,5,5,5,555,15
16820,2011-09-05 12:06:00,96,1,497.61,False,False,False,False,2,2,3,223,7
16823,2011-04-26 15:00:00,228,1,358.38,False,False,False,False,1,2,2,122,5
16824,2011-11-24 12:38:00,16,2,460.64,False,False,False,False,4,3,2,432,9
16825,2011-11-01 11:51:00,39,2,775.18,False,False,False,False,3,3,3,333,9
16826,2011-10-19 14:05:00,52,1,341.7,False,False,False,False,3,2,2,322,7
16828,2011-09-07 15:10:00,94,2,128.5,False,False,False,False,2,3,1,231,6
16829,2011-07-06 10:48:00,157,1,197.22,False,False,False,False,2,2,1,221,5
16830,2011-11-01 11:35:00,39,1,325.91,False,False,False,False,3,2,2,322,7
16832,2011-06-08 15:36:00,185,3,199.15,False,False,False,False,1,4,1,141,6
16833,2011-12-08 14:39:00,2,4,1106.53,False,False,False,False,5,4,4,544,13
16834,2011-04-26 09:37:00,228,1,413.46,False,False,False,False,1,2,2,122,5
16835,2011-08-03 13:50:00,129,2,180.85,False,False,False,False,2,3,1,231,6
16836,2011-10-31 10:05:00,40,2,251.87,False,False,False,False,3,3,2,332,8
16837,2011-11-08 14:27:00,32,11,3170.98,False,False,False,False,4,5,5,455,14
16838,2011-05-26 13:13:00,198,2,588.85,False,False,False,False,1,3,3,133,7
16839,2011-12-01 09:03:00,9,34,16594.35,False,True,True,True,5,5,5,555,15
16841,2011-11-03 11:51:00,37,6,1869.82,False,False,False,False,3,5,4,354,12
16842,2011-08-31 10:42:00,101,3,1264.19,False,False,False,False,2,4,4,244,10
16843,2011-10-28 09:06:00,43,16,10196.57,False,True,True,True,3,5,5,355,13
16846,2011-10-20 13:55:00,51,1,214.32,False,False,False,False,3,2,1,321,6
16847,2011-10-27 13:29:00,44,1,193.44,False,False,False,False,3,2,1,321,6
16848,2011-10-18 08:42:00,53,1,281.42,False,False,False,False,3,2,2,322,7
16849,2011-06-06 09:16:00,187,1,124.57,False,False,False,False,1,2,1,121,4
16850,2011-01-10 11:09:00,334,1,332.41,True,False,False,True,1,2,2,122,5
16851,2011-12-05 13:32:00,5,3,342.45,False,False,False,False,5,4,2,542,11
16852,2011-11-29 13:22:00,11,2,144.91,False,False,False,False,5,3,1,531,9
16855,2011-11-16 12:03:00,24,2,328.40000000000003,False,False,False,False,4,3,2,432,9
16856,2011-11-25 08:59:00,15,1,35.400000000000006,False,False,False,False,4,2,1,421,7
16858,2010-12-06 09:52:00,369,1,375.69000000000005,True,False,False,True,1,2,2,122,5
16859,2011-07-18 12:19:00,145,2,747.81,False,False,False,False,2,3,3,233,8
16861,2011-10-11 09:05:00,60,2,173.76,False,False,False,False,3,3,1,331,7
16863,2011-11-08 15:26:00,32,2,502.8,False,False,False,False,4,3,3,433,10
16866,2011-07-22 10:06:00,141,3,207.74,False,False,False,False,2,4,1,241,7
16869,2011-11-17 12:02:00,23,4,817.12,False,False,False,False,4,4,3,443,11
16871,2011-11-17 19:27:00,23,6,2812.34,False,False,False,False,4,5,5,455,14
16872,2011-09-23 16:05:00,78,3,680.02,False,False,False,False,2,4,3,243,9
16873,2011-12-05 12:05:00,5,6,7123.62,False,False,True,True,5,5,5,555,15
16875,2011-10-03 13:39:00,68,5,2095.53,False,False,False,False,3,4,5,345,12
16877,2011-11-27 13:47:00,13,6,846.62,False,False,False,False,5,5,3,553,13
16878,2011-09-16 17:39:00,85,1,13.3,False,False,False,False,2,2,1,221,5
16880,2011-11-09 11:33:00,31,7,1491.43,False,False,False,False,4,5,4,454,13
16881,2011-10-04 10:33:00,67,1,432.0,False,False,False,False,3,2,2,322,7
16882,2011-10-04 10:42:00,67,3,705.12,False,False,False,False,3,4,3,343,10
16883,2011-06-05 12:51:00,188,2,272.48,False,False,False,False,1,3,2,132,6
16884,2011-11-02 11:52:00,38,2,429.84,False,False,False,False,3,3,2,332,8
16885,2011-11-24 13:40:00,16,3,450.41,False,False,False,False,4,4,2,442,10
16887,2011-11-04 14:07:00,36,1,192.32999999999998,False,False,False,False,3,2,1,321,6
16889,2011-05-29 11:05:00,195,3,1578.67,False,False,False,False,1,4,4,144,9
16891,2011-12-08 11:15:00,2,5,742.43,False,False,False,False,5,4,3,543,12
16892,2011-12-08 13:18:00,2,5,518.19,False,False,False,False,5,4,3,543,12
16893,2010-12-08 12:06:00,367,1,145.93,True,False,False,True,1,2,1,121,4
16895,2011-10-06 12:15:00,65,1,202.27,False,False,False,False,3,2,1,321,6
16897,2011-02-13 15:02:00,300,2,289.78,False,False,False,False,1,3,2,132,6
16898,2011-11-13 15:44:00,27,3,501.03000000000003,False,False,False,False,4,4,3,443,11
16899,2011-12-02 12:03:00,8,6,1271.06,False,False,False,False,5,5,4,554,14
16900,2011-11-23 10:32:00,17,3,887.11,False,False,False,False,4,4,3,443,11
16902,2011-08-15 14:17:00,117,1,1706.88,False,False,False,False,2,2,4,224,8
16903,2011-11-10 15:32:00,30,1,363.2,False,False,False,False,4,2,2,422,8
16904,2011-12-05 13:10:00,5,16,3653.75,False,True,False,True,5,5,5,555,15
16905,2011-12-04 14:01:00,6,7,3037.6,False,False,False,False,5,5,5,555,15
16906,2011-09-19 11:49:00,82,4,559.59,False,False,False,False,2,4,3,243,9
16907,2011-11-10 18:04:00,30,5,928.76,False,False,False,False,4,4,3,443,11
16909,2011-09-28 16:45:00,73,1,379.14,False,False,False,False,2,2,2,222,6
16910,2011-12-05 12:51:00,5,8,1508.96,False,False,False,False,5,5,4,554,14
16912,2011-11-11 12:18:00,29,11,2555.58,False,False,False,False,4,5,5,455,14
16913,2011-02-22 12:56:00,291,1,113.44,False,False,False,False,1,2,1,121,4
16914,2011-11-03 15:27:00,37,1,183.76,False,False,False,False,3,2,1,321,6
16915,2011-11-30 16:39:00,10,6,621.6800000000001,False,False,False,False,5,5,3,553,13
16916,2011-11-16 12:08:00,24,2,562.41,False,False,False,False,4,3,3,433,10
16917,2011-03-08 11:55:00,277,1,391.52,False,False,False,False,1,2,2,122,5
16918,2011-10-21 12:50:00,50,6,1068.82,False,False,False,False,3,5,4,354,12
16919,2011-07-06 13:35:00,157,11,2592.25,False,False,False,False,2,5,5,255,12
16921,2011-10-09 16:22:00,62,1,154.18,False,False,False,False,3,2,1,321,6
16923,2011-11-27 13:00:00,13,19,7069.08,False,True,True,True,5,5,5,555,15
16924,2011-11-18 12:53:00,22,3,829.89,False,False,False,False,4,4,3,443,11
16926,2010-12-03 13:42:00,372,1,230.25,True,False,False,True,1,2,1,121,4
16927,2011-08-16 11:10:00,116,3,543.05,False,False,False,False,2,4,3,243,9
16928,2011-09-20 15:10:00,81,17,2814.7,False,True,False,True,2,5,5,255,12
16929,2011-12-06 08:37:00,4,7,1295.39,False,False,False,False,5,5,4,554,14
16930,2011-11-13 16:13:00,27,3,378.89,False,False,False,False,4,4,2,442,10
16931,2011-12-04 13:15:00,6,21,4554.87,False,True,True,True,5,5,5,555,15
16932,2011-10-17 14:12:00,54,1,150.23000000000002,False,False,False,False,3,2,1,321,6
16933,2011-12-08 12:54:00,2,2,563.23,False,False,False,False,5,3,3,533,11
16934,2011-10-16 12:40:00,55,2,931.03,False,False,False,False,3,3,3,333,9
16936,2011-11-14 11:04:00,26,1,261.9,False,False,False,False,4,2,2,422,8
16938,2011-12-01 10:20:00,9,4,2711.6800000000003,False,False,False,False,5,4,5,545,14
16940,2011-10-18 13:15:00,53,3,3049.88,False,False,False,False,3,4,5,345,12
16942,2011-11-27 12:40:00,13,9,1904.99,False,False,False,False,5,5,4,554,14
16943,2011-05-12 11:57:00,212,3,816.73,False,False,False,False,1,4,3,143,8
16945,2011-11-18 11:39:00,22,19,4345.5,False,True,True,True,4,5,5,455,14
16947,2011-04-18 09:38:00,236,1,406.48,False,False,False,False,1,2,2,122,5
16948,2011-07-24 12:46:00,139,3,435.02,False,False,False,False,2,4,2,242,8
16949,2011-12-06 11:07:00,4,6,1286.27,False,False,False,False,5,5,4,554,14
16950,2011-10-14 09:06:00,57,3,1178.56,False,False,False,False,3,4,4,344,11
16951,2011-07-28 12:05:00,135,3,1277.75,False,False,False,False,2,4,4,244,10
16952,2011-08-22 13:03:00,110,2,167.61,False,False,False,False,2,3,1,231,6
16953,2011-11-09 15:54:00,31,1,20.8,False,False,False,False,4,2,1,421,7
16954,2011-12-09 09:46:00,1,9,2085.08,False,False,False,False,5,5,5,555,15
16955,2011-06-08 10:36:00,185,4,518.67,False,False,False,False,1,4,3,143,8
16956,2011-11-22 08:56:00,18,1,308.74,False,False,False,False,4,2,2,422,8
16957,2011-04-14 13:56:00,240,2,416.64,False,False,False,False,1,3,2,132,6
16959,2011-09-13 15:03:00,88,1,117.35000000000001,False,False,False,False,2,2,1,221,5
16960,2011-11-01 11:35:00,39,3,507.05,False,False,False,False,3,4,3,343,10
16961,2011-08-15 13:46:00,117,1,234.17000000000002,False,False,False,False,2,2,1,221,5
16963,2011-06-05 13:48:00,188,1,110.55000000000001,False,False,False,False,1,2,1,121,4
16965,2011-04-27 12:08:00,227,1,201.19,False,False,False,False,1,2,1,121,4
16966,2011-12-01 13:40:00,9,7,2154.97,False,False,False,False,5,5,5,555,15
16967,2011-06-03 14:24:00,190,1,319.02,False,False,False,False,1,2,2,122,5
16968,2011-12-05 15:02:00,5,2,439.43,False,False,False,False,5,3,2,532,10
16969,2011-10-31 13:12:00,40,3,650.41,False,False,False,False,3,4,3,343,10
16971,2011-11-01 15:06:00,39,1,357.21,False,False,False,False,3,2,2,322,7
16976,2011-03-17 16:33:00,268,1,251.51999999999998,False,False,False,False,1,2,2,122,5
16978,2011-09-23 12:50:00,78,1,344.33,False,False,False,False,2,2,2,222,6
16979,2011-12-06 12:21:00,4,6,1852.0,False,False,False,False,5,5,4,554,14
16980,2011-03-29 16:36:00,256,2,1028.46,False,False,False,False,1,3,4,134,8
16982,2011-10-10 12:28:00,61,1,384.06,False,False,False,False,3,2,2,322,7
16983,2011-11-27 12:10:00,13,7,1905.87,False,False,False,False,5,5,4,554,14
16984,2011-09-12 13:43:00,89,2,4459.52,False,False,True,True,2,3,5,235,10
16985,2011-11-22 13:33:00,18,10,5464.12,False,False,True,True,4,5,5,455,14
16986,2011-11-10 11:55:00,30,2,1873.2,False,False,False,False,4,3,4,434,11
16987,2011-12-06 17:26:00,4,7,1616.8,False,False,False,False,5,5,4,554,14
16988,2011-12-04 16:02:00,6,1,126.12,False,False,False,False,5,2,1,521,8
16989,2011-12-02 16:39:00,8,6,1133.25,False,False,False,False,5,5,4,554,14
16990,2011-05-05 08:30:00,219,1,179.0,False,False,False,False,1,2,1,121,4
16992,2011-11-29 11:50:00,11,5,1614.31,False,False,False,False,5,4,4,544,13
16996,2011-11-09 16:43:00,31,6,1456.96,False,False,False,False,4,5,4,454,13
16997,2011-02-24 17:28:00,289,3,702.0,False,False,False,False,1,4,3,143,8
16998,2011-07-13 09:44:00,150,4,295.0,False,False,False,False,2,4,2,242,8
16999,2011-11-16 13:53:00,24,2,484.82,False,False,False,False,4,3,2,432,9
17001,2011-12-09 09:38:00,1,11,3989.57,False,False,True,True,5,5,5,555,15
17002,2011-09-15 12:40:00,86,3,1493.73,False,False,False,False,2,4,4,244,10
17004,2011-10-24 14:25:00,47,2,1312.1399999999999,False,False,False,False,3,3,4,334,10
17006,2011-12-05 12:09:00,5,4,781.78,False,False,False,False,5,4,3,543,12
17007,2011-10-20 10:47:00,51,6,889.9300000000001,False,False,False,False,3,5,3,353,11
17010,2011-11-21 14:49:00,19,1,195.36,False,False,False,False,4,2,1,421,7
17011,2011-11-09 13:30:00,31,1,270.9,False,False,False,False,4,2,2,422,8
17014,2011-12-01 14:09:00,9,3,583.4300000000001,False,False,False,False,5,4,3,543,12
17015,2011-11-11 10:45:00,29,3,1838.61,False,False,False,False,4,4,4,444,12
17017,2011-12-07 09:32:00,3,20,8694.26,False,True,True,True,5,5,5,555,15
17018,2011-10-30 11:42:00,41,2,920.1,False,False,False,False,3,3,3,333,9
17019,2011-11-28 13:06:00,12,4,1258.08,False,False,False,False,5,4,4,544,13
17022,2011-11-08 17:09:00,32,1,71.0,False,False,False,False,4,2,1,421,7
17024,2011-10-25 13:47:00,46,3,95.85,False,False,False,False,3,4,1,341,8
17025,2011-10-10 09:06:00,61,3,357.77,False,False,False,False,3,4,2,342,9
17026,2011-06-07 14:28:00,186,2,154.83,False,False,False,False,1,3,1,131,5
17027,2011-09-22 12:24:00,79,6,877.5600000000001,False,False,False,False,2,5,3,253,10
17029,2011-08-21 11:06:00,111,2,716.0,False,False,False,False,2,3,3,233,8
17030,2011-10-07 08:49:00,64,1,146.87,False,False,False,False,3,2,1,321,6
17031,2011-11-28 10:23:00,12,2,380.35,False,False,False,False,5,3,2,532,10
17033,2011-09-14 14:34:00,87,3,1030.14,False,False,False,False,2,4,4,244,10
17034,2011-11-23 15:14:00,17,3,745.52,False,False,False,False,4,4,3,443,11
17035,2011-04-08 11:23:00,246,2,433.53000000000003,False,False,False,False,1,3,2,132,6
17037,2011-09-13 12:49:00,88,1,1267.32,False,False,False,False,2,2,4,224,8
17038,2011-11-09 13:50:00,31,1,112.4,False,False,False,False,4,2,1,421,7
17040,2011-07-25 10:19:00,138,1,449.73,False,False,False,False,2,2,2,222,6
17041,2011-11-13 11:21:00,27,3,1071.49,False,False,False,False,4,4,4,444,12
17042,2011-12-07 12:26:00,3,5,1036.58,False,False,False,False,5,4,4,544,13
17043,2011-11-07 15:33:00,33,4,1735.18,False,False,False,False,3,4,4,344,11
17044,2011-11-14 14:28:00,26,1,948.48,False,False,False,False,4,2,4,424,10
17045,2011-08-18 17:09:00,114,3,339.44,False,False,False,False,2,4,2,242,8
17046,2011-07-05 14:24:00,158,1,642.02,False,False,False,False,2,2,3,223,7
17047,2011-09-15 13:27:00,86,3,1100.9,False,False,False,False,2,4,4,244,10
17048,2011-08-14 11:49:00,118,3,925.35,False,False,False,False,2,4,3,243,9
17049,2011-12-07 10:48:00,3,9,5655.03,False,False,True,True,5,5,5,555,15
17050,2011-09-04 13:48:00,97,6,3185.64,False,False,False,False,2,5,5,255,12
17051,2011-05-29 14:13:00,195,1,240.89,False,False,False,False,1,2,1,121,4
17052,2011-11-11 14:50:00,29,1,399.09,False,False,False,False,4,2,2,422,8
17053,2011-08-01 10:23:00,131,1,498.48,False,False,False,False,2,2,3,223,7
17054,2011-11-11 12:56:00,29,5,1356.33,False,False,False,False,4,4,4,444,12
17058,2011-09-19 10:13:00,82,3,1179.89,False,False,False,False,2,4,4,244,10
17059,2011-11-10 12:27:00,30,5,3080.39,False,False,False,False,4,4,5,445,13
17060,2011-03-18 13:27:00,267,1,234.24,False,False,False,False,1,2,1,121,4
17061,2011-09-27 11:24:00,74,11,5232.2300000000005,False,False,True,True,2,5,5,255,12
17062,2011-01-30 11:01:00,314,4,533.33,False,False,False,False,1,4,3,143,8
17063,2011-11-18 16:19:00,22,7,1461.14,False,False,False,False,4,5,4,454,13
17064,2011-10-12 10:18:00,59,3,855.45,False,False,False,False,3,4,3,343,10
17068,2011-11-27 13:14:00,13,21,4552.14,False,True,True,True,5,5,5,555,15
17069,2011-11-11 17:13:00,29,9,2709.7000000000003,False,False,False,False,4,5,5,455,14
17070,2011-08-17 17:01:00,115,1,304.24,False,False,False,False,2,2,2,222,6
17071,2011-11-11 16:31:00,29,9,2429.03,False,False,False,False,4,5,5,455,14
17073,2011-11-22 11:47:00,18,4,1446.09,False,False,False,False,4,4,4,444,12
17075,2011-11-22 11:58:00,18,4,834.12,False,False,False,False,4,4,3,443,11
17076,2011-11-03 17:53:00,37,3,841.0799999999999,False,False,False,False,3,4,3,343,10
17078,2011-11-03 19:17:00,37,2,378.2,False,False,False,False,3,3,2,332,8
17079,2011-09-22 15:34:00,79,1,118.80000000000001,False,False,False,False,2,2,1,221,5
17080,2011-11-17 12:59:00,23,2,287.62,False,False,False,False,4,3,2,432,9
17081,2011-11-14 12:56:00,26,2,288.91,False,False,False,False,4,3,2,432,9
17082,2011-11-06 15:17:00,34,2,2003.8500000000001,False,False,False,False,3,3,4,334,10
17083,2011-08-22 15:43:00,110,3,1405.78,False,False,False,False,2,4,4,244,10
17084,2011-11-04 14:54:00,36,2,2747.9900000000002,False,False,False,False,3,3,5,335,11
17085,2011-08-08 14:15:00,124,5,1562.4,False,False,False,False,2,4,4,244,10
17086,2011-12-02 13:54:00,8,6,2050.08,False,False,False,False,5,5,4,554,14
17088,2011-11-11 14:23:00,29,4,1991.01,False,False,False,False,4,4,4,444,12
17090,2011-12-05 13:44:00,5,7,1974.65,False,False,False,False,5,5,4,554,14
17091,2011-12-07 10:43:00,3,9,3827.76,False,False,True,True,5,5,5,555,15
17092,2011-10-20 19:51:00,51,4,1774.03,False,False,False,False,3,4,4,344,11
17094,2011-01-21 13:09:00,323,1,302.0,False,False,False,False,1,2,2,122,5
17095,2011-11-17 12:21:00,23,3,1324.16,False,False,False,False,4,4,4,444,12
17096,2011-11-24 15:01:00,16,4,1022.13,False,False,False,False,4,4,4,444,12
17097,2011-12-07 17:05:00,3,8,954.42,False,False,False,False,5,5,4,554,14
17100,2011-11-21 16:36:00,19,2,971.74,False,False,False,False,4,3,4,434,11
17101,2011-11-29 13:57:00,11,4,1621.73,False,False,False,False,5,4,4,544,13
17102,2011-03-23 10:08:00,262,1,25.5,False,False,False,False,1,2,1,121,4
17105,2011-07-03 15:53:00,160,2,665.78,False,False,False,False,2,3,3,233,8
17107,2011-11-06 14:14:00,34,6,10797.48,False,False,True,True,3,5,5,355,13
17109,2011-11-10 16:59:00,30,6,881.29,False,False,False,False,4,5,3,453,12
17110,2011-06-27 12:58:00,166,1,163.29999999999998,False,False,False,False,2,2,1,221,5
17111,2011-10-23 15:59:00,48,1,231.61,False,False,False,False,3,2,1,321,6
17114,2011-12-04 12:17:00,6,8,801.12,False,False,False,False,5,5,3,553,13
17115,2011-12-01 14:30:00,9,3,837.5,False,False,False,False,5,4,3,543,12
17117,2011-02-24 13:54:00,289,1,116.2,False,False,False,False,1,2,1,121,4
17118,2011-01-26 12:19:00,318,1,157.02,False,False,False,False,1,2,1,121,4
17119,2011-12-06 14:40:00,4,2,606.91,False,False,False,False,5,3,3,533,11
17120,2011-04-20 15:21:00,234,1,307.46,False,False,False,False,1,2,2,122,5
17122,2011-08-12 14:33:00,120,1,138.32,False,False,False,False,2,2,1,221,5
17123,2011-07-01 10:47:00,162,1,345.3,False,False,False,False,2,2,2,222,6
17124,2011-06-07 14:02:00,186,1,294.24,False,False,False,False,1,2,2,122,5
17125,2011-10-20 14:41:00,51,1,230.5,False,False,False,False,3,2,1,321,6
17126,2011-07-10 13:52:00,153,5,989.45,False,False,False,False,2,4,4,244,10
17128,2011-01-09 12:02:00,335,1,157.09,True,False,False,True,1,2,1,121,4
17131,2011-12-04 12:52:00,6,5,2463.17,False,False,False,False,5,4,5,545,14
17133,2011-11-24 12:27:00,16,7,4892.240000000001,False,False,True,True,4,5,5,455,14
17134,2011-08-25 09:53:00,107,2,413.2,False,False,False,False,2,3,2,232,7
17135,2011-11-23 16:48:00,17,7,1139.73,False,False,False,False,4,5,4,454,13
17138,2011-03-09 11:54:00,276,1,380.5,False,False,False,False,1,2,2,122,5
17139,2011-11-24 10:12:00,16,12,10650.77,False,True,True,True,4,5,5,455,14
17140,2011-04-06 13:33:00,248,1,454.12,False,False,False,False,1,2,2,122,5
17142,2011-04-14 18:22:00,240,1,579.0,False,False,False,False,1,2,3,123,6
17144,2011-12-08 17:57:00,2,2,984.57,False,False,False,False,5,3,4,534,12
17146,2011-08-26 12:44:00,106,3,749.78,False,False,False,False,2,4,3,243,9
17147,2011-11-17 12:32:00,23,4,1714.59,False,False,False,False,4,4,4,444,12
17148,2011-10-19 09:59:00,52,1,124.88,False,False,False,False,3,2,1,321,6
17152,2011-05-29 12:19:00,195,3,1689.5,False,False,False,False,1,4,4,144,9
17153,2011-11-15 13:42:00,25,1,213.78,False,False,False,False,4,2,1,421,7
17154,2011-09-25 13:42:00,76,1,329.34,False,False,False,False,2,2,2,222,6
17155,2011-11-22 12:38:00,18,2,251.7,False,False,False,False,4,3,2,432,9
17157,2011-12-02 09:10:00,8,2,319.0,False,False,False,False,5,3,2,532,10
17158,2011-11-07 15:15:00,33,3,1266.97,False,False,False,False,3,4,4,344,11
17159,2011-11-18 10:52:00,22,3,1538.88,False,False,False,False,4,4,4,444,12
17160,2011-11-08 14:05:00,32,6,3518.03,False,False,False,False,4,5,5,455,14
17162,2011-11-11 11:34:00,29,10,1715.46,False,False,False,False,4,5,4,454,13
17163,2011-11-18 08:57:00,22,2,293.1,False,False,False,False,4,3,2,432,9
17164,2011-11-07 09:14:00,33,7,2467.35,False,False,False,False,3,5,5,355,13
17165,2011-02-28 16:39:00,285,1,158.68,False,False,False,False,1,2,1,121,4
17166,2011-11-01 09:46:00,39,2,206.34,False,False,False,False,3,3,1,331,7
17169,2011-10-13 10:25:00,58,2,835.78,False,False,False,False,3,3,3,333,9
17171,2011-02-23 16:37:00,290,1,224.91,False,False,False,False,1,2,1,121,4
17172,2011-09-22 09:36:00,79,1,317.76,False,False,False,False,2,2,2,222,6
17173,2011-12-04 14:40:00,6,8,3766.6,False,False,True,True,5,5,5,555,15
17174,2011-05-06 11:47:00,218,1,59.9,False,False,False,False,1,2,1,121,4
17175,2011-10-26 15:31:00,45,4,1443.69,False,False,False,False,3,4,4,344,11
17176,2011-05-22 12:41:00,202,1,306.13,False,False,False,False,1,2,2,122,5
17179,2011-06-14 16:48:00,179,3,711.79,False,False,False,False,2,4,3,243,9
17180,2011-10-14 15:46:00,57,4,783.97,False,False,False,False,3,4,3,343,10
17181,2011-10-13 14:48:00,58,2,239.92000000000002,False,False,False,False,3,3,1,331,7
17183,2011-12-02 10:07:00,8,6,3347.31,False,False,False,False,5,5,5,555,15
17186,2011-10-24 10:20:00,47,2,144.0,False,False,False,False,3,3,1,331,7
17187,2011-04-27 12:39:00,227,1,203.95,False,False,False,False,1,2,1,121,4
17188,2011-11-28 13:53:00,12,7,2474.23,False,False,False,False,5,5,5,555,15
17189,2011-08-25 19:39:00,107,2,383.75,False,False,False,False,2,3,2,232,7
17190,2011-10-12 11:33:00,59,2,444.74,False,False,False,False,3,3,2,332,8
17191,2011-11-11 16:58:00,29,7,2093.68,False,False,False,False,4,5,5,455,14
17193,2011-11-04 12:47:00,36,7,1699.3,False,False,False,False,3,5,4,354,12
17194,2011-03-11 12:05:00,274,2,262.62,False,False,False,False,1,3,2,132,6
17197,2011-11-10 10:32:00,30,1,1013.01,False,False,False,False,4,2,4,424,10
17198,2011-11-16 10:39:00,24,3,692.22,False,False,False,False,4,4,3,443,11
17201,2011-10-17 11:55:00,54,1,289.78000000000003,False,False,False,False,3,2,2,322,7
17203,2011-11-04 12:27:00,36,6,3560.08,False,False,False,False,3,5,5,355,13
17204,2011-06-17 14:46:00,176,4,1564.56,False,False,False,False,2,4,4,244,10
17205,2011-10-17 12:46:00,54,1,384.08,False,False,False,False,3,2,2,322,7
17206,2011-10-17 13:25:00,54,1,204.24,False,False,False,False,3,2,1,321,6
17211,2011-11-13 12:03:00,27,8,2317.2200000000003,False,False,False,False,4,5,5,455,14
17212,2011-03-31 19:42:00,254,1,226.85,False,False,False,False,1,2,1,121,4
17213,2011-10-30 14:53:00,41,7,2781.23,False,False,False,False,3,5,5,355,13
17214,2011-10-10 13:17:00,61,6,1059.1200000000001,False,False,False,False,3,5,4,354,12
17217,2011-04-19 17:19:00,235,1,113.5,False,False,False,False,1,2,1,121,4
17218,2011-12-05 13:52:00,5,10,1951.97,False,False,False,False,5,5,4,554,14
17219,2011-11-08 11:25:00,32,1,114.23,False,False,False,False,4,2,1,421,7
17220,2011-11-15 13:47:00,25,14,3187.55,False,True,False,True,4,5,5,455,14
17221,2011-12-02 13:35:00,8,2,334.48,False,False,False,False,5,3,2,532,10
17222,2011-10-05 13:58:00,66,1,328.65,False,False,False,False,3,2,2,322,7
17223,2011-02-02 15:57:00,311,2,416.89,False,False,False,False,1,3,2,132,6
17226,2011-02-04 11:52:00,309,1,393.49,False,False,False,False,1,2,2,122,5
17227,2011-11-21 10:51:00,19,6,939.32,False,False,False,False,4,5,4,454,13
17228,2011-11-24 10:24:00,16,8,1906.09,False,False,False,False,4,5,4,454,13
17229,2011-09-04 13:56:00,97,2,318.76,False,False,False,False,2,3,2,232,7
17230,2011-03-20 16:12:00,265,8,3638.41,False,False,False,False,1,5,5,155,11
17231,2011-11-27 15:18:00,13,10,3124.72,False,False,False,False,5,5,5,555,15
17232,2011-12-07 12:21:00,3,2,417.77,False,False,False,False,5,3,2,532,10
17233,2011-11-04 14:06:00,36,1,190.88,False,False,False,False,3,2,1,321,6
17234,2011-06-10 11:20:00,183,1,149.89,False,False,False,False,1,2,1,121,4
17235,2011-11-14 15:51:00,26,2,550.0600000000001,False,False,False,False,4,3,3,433,10
17236,2011-11-27 12:00:00,13,6,916.13,False,False,False,False,5,5,3,553,13
17237,2011-11-28 15:02:00,12,2,314.69,False,False,False,False,5,3,2,532,10
17238,2011-12-07 11:35:00,3,17,3719.1,False,True,True,True,5,5,5,555,15
17239,2011-01-31 09:41:00,313,1,382.5,False,False,False,False,1,2,2,122,5
17242,2011-08-23 14:55:00,109,2,1135.04,False,False,False,False,2,3,4,234,9
17243,2011-12-08 13:26:00,2,26,8540.05,False,True,True,True,5,5,5,555,15
17244,2011-10-17 15:19:00,54,1,954.9,False,False,False,False,3,2,4,324,9
17245,2011-05-19 10:43:00,205,1,171.45000000000002,False,False,False,False,1,2,1,121,4
17247,2011-11-24 15:21:00,16,1,280.09000000000003,False,False,False,False,4,2,2,422,8
17248,2011-08-11 13:34:00,121,1,318.65,False,False,False,False,2,2,2,222,6
17250,2011-12-06 12:15:00,4,2,381.97,False,False,False,False,5,3,2,532,10
17251,2010-12-12 11:06:00,363,1,269.83,True,False,False,True,1,2,2,122,5
17252,2011-08-15 09:45:00,117,2,348.90999999999997,False,False,False,False,2,3,2,232,7
17253,2011-11-21 12:59:00,19,1,178.26,False,False,False,False,4,2,1,421,7
17254,2011-12-05 12:46:00,5,2,271.19,False,False,False,False,5,3,2,532,10
17255,2011-10-30 12:18:00,41,2,291.48,False,False,False,False,3,3,2,332,8
17256,2011-08-24 13:30:00,108,2,240.0,False,False,False,False,2,3,1,231,6
17259,2011-07-14 15:01:00,149,2,581.23,False,False,False,False,2,3,3,233,8
17262,2011-10-18 12:56:00,53,5,1253.3600000000001,False,False,False,False,3,4,4,344,11
17263,2011-05-15 14:32:00,209,1,63.440000000000005,False,False,False,False,1,2,1,121,4
17265,2011-07-24 10:49:00,139,2,550.01,False,False,False,False,2,3,3,233,8
17266,2011-12-07 14:12:00,3,3,296.58,False,False,False,False,5,4,2,542,11
17267,2011-08-04 17:22:00,128,2,317.2,False,False,False,False,2,3,2,232,7
17268,2011-08-24 10:06:00,108,4,763.64,False,False,False,False,2,4,3,243,9
17272,2011-10-28 16:37:00,43,4,2148.63,False,False,False,False,3,4,5,345,12
17274,2011-11-04 13:16:00,36,1,107.82,False,False,False,False,3,2,1,321,6
17277,2011-04-26 12:47:00,228,2,1065.3500000000001,False,False,False,False,1,3,4,134,8
17278,2011-04-12 13:10:00,242,1,246.04000000000002,False,False,False,False,1,2,1,121,4
17279,2011-10-13 11:58:00,58,1,187.82999999999998,False,False,False,False,3,2,1,321,6
17282,2011-08-01 14:29:00,131,3,1685.46,False,False,False,False,2,4,4,244,10
17284,2011-10-10 14:38:00,61,6,1647.48,False,False,False,False,3,5,4,354,12
17286,2011-11-18 12:47:00,22,1,151.37,False,False,False,False,4,2,1,421,7
17287,2011-11-13 13:27:00,27,7,1049.06,False,False,False,False,4,5,4,454,13
17288,2011-11-30 16:09:00,10,7,1417.6299999999999,False,False,False,False,5,5,4,554,14
17289,2011-11-08 12:01:00,32,3,931.02,False,False,False,False,4,4,3,443,11
17290,2011-12-06 12:38:00,4,2,513.01,False,False,False,False,5,3,3,533,11
17291,2011-02-04 13:04:00,309,1,550.8000000000001,False,False,False,False,1,2,3,123,6
17293,2011-12-01 14:37:00,9,9,1854.06,False,False,False,False,5,5,4,554,14
17295,2011-11-11 10:49:00,29,3,547.0,False,False,False,False,4,4,3,443,11
17297,2011-11-22 14:43:00,18,1,128.18,False,False,False,False,4,2,1,421,7
17298,2011-08-30 16:43:00,102,2,498.42,False,False,False,False,2,3,3,233,8
17299,2011-11-28 12:01:00,12,4,656.61,False,False,False,False,5,4,3,543,12
17301,2011-11-18 13:43:00,22,1,163.24,False,False,False,False,4,2,1,421,7
17302,2011-11-25 09:36:00,15,5,1135.63,False,False,False,False,4,4,4,444,12
17303,2010-12-13 13:32:00,362,1,250.04,True,False,False,True,1,2,2,122,5
17306,2011-11-29 12:14:00,11,19,8631.31,False,True,True,True,5,5,5,555,15
17309,2011-09-05 15:20:00,96,1,82.75,False,False,False,False,2,2,1,221,5
17311,2011-09-22 14:11:00,79,2,1384.85,False,False,False,False,2,3,4,234,9
17312,2011-07-24 11:52:00,139,3,644.3,False,False,False,False,2,4,3,243,9
17313,2011-11-08 15:45:00,32,1,2328.84,False,False,False,False,4,2,5,425,11
17314,2011-11-15 09:41:00,25,8,2527.92,False,False,False,False,4,5,5,455,14
17315,2011-12-08 12:15:00,2,38,6281.2300000000005,False,True,True,True,5,5,5,555,15
17317,2011-10-24 17:19:00,47,3,2600.34,False,False,False,False,3,4,5,345,12
17320,2011-08-31 13:31:00,101,3,1200.6200000000001,False,False,False,False,2,4,4,244,10
17321,2011-12-01 13:41:00,9,2,657.16,False,False,False,False,5,3,3,533,11
17323,2011-11-24 17:29:00,16,7,906.52,False,False,False,False,4,5,3,453,12
17324,2011-11-22 10:34:00,18,4,986.48,False,False,False,False,4,4,4,444,12
17325,2011-03-04 13:09:00,281,1,96.8,False,False,False,False,1,2,1,121,4
17329,2011-11-25 14:24:00,15,2,523.11,False,False,False,False,4,3,3,433,10
17330,2011-11-17 08:56:00,23,2,363.9,False,False,False,False,4,3,2,432,9
17331,2011-08-08 11:55:00,124,1,175.2,False,False,False,False,2,2,1,221,5
17333,2011-09-15 10:11:00,86,1,494.25,False,False,False,False,2,2,3,223,7
17334,2011-02-10 14:59:00,303,2,307.02000000000004,False,False,False,False,1,3,2,132,6
17337,2011-07-11 14:55:00,152,4,1981.06,False,False,False,False,2,4,4,244,10
17338,2011-11-22 14:23:00,18,8,6493.54,False,False,True,True,4,5,5,455,14
17339,2011-09-06 13:29:00,95,2,243.36,False,False,False,False,2,3,1,231,6
17340,2011-11-10 10:45:00,30,11,12353.29,False,False,True,True,4,5,5,455,14
17341,2011-07-06 12:33:00,157,3,682.29,False,False,False,False,2,4,3,243,9
17343,2010-12-19 15:07:00,356,1,193.64,True,False,False,True,1,2,1,121,4
17344,2011-10-24 12:56:00,47,1,157.62,False,False,False,False,3,2,1,321,6
17345,2011-11-24 15:03:00,16,4,519.6899999999999,False,False,False,False,4,4,3,443,11
17346,2011-12-06 12:18:00,4,15,2622.88,False,True,False,True,5,5,5,555,15
17347,2011-09-14 13:12:00,87,1,228.96,False,False,False,False,2,2,1,221,5
17348,2011-11-25 11:25:00,15,5,1156.6,False,False,False,False,4,4,4,444,12
17349,2011-06-13 14:29:00,180,1,98.25,False,False,False,False,1,2,1,121,4
17350,2011-12-01 15:47:00,9,4,1281.32,False,False,False,False,5,4,4,544,13
17351,2011-11-03 18:45:00,37,3,587.15,False,False,False,False,3,4,3,343,10
17353,2011-08-02 17:19:00,130,2,1740.0,False,False,False,False,2,3,4,234,9
17354,2011-10-20 10:34:00,51,1,1393.06,False,False,False,False,3,2,4,324,9
17356,2011-02-01 11:07:00,312,1,178.22,False,False,False,False,1,2,1,121,4
17357,2011-11-15 16:30:00,25,2,384.39,False,False,False,False,4,3,2,432,9
17358,2011-02-09 16:57:00,304,2,360.81,False,False,False,False,1,3,2,132,6
17359,2011-11-28 14:37:00,12,1,127.86,False,False,False,False,5,2,1,521,8
17360,2011-11-22 13:11:00,18,3,568.24,False,False,False,False,4,4,3,443,11
17361,2011-10-21 15:43:00,50,3,488.2,False,False,False,False,3,4,3,343,10
17362,2011-04-14 14:43:00,240,2,312.23,False,False,False,False,1,3,2,132,6
17364,2011-12-09 09:00:00,1,11,4462.68,False,False,True,True,5,5,5,555,15
17365,2011-11-27 12:13:00,13,8,4767.36,False,False,True,True,5,5,5,555,15
17367,2011-04-15 14:21:00,239,1,167.55,False,False,False,False,1,2,1,121,4
17368,2011-11-16 15:26:00,24,8,1878.87,False,False,False,False,4,5,4,454,13
17370,2011-09-28 10:14:00,73,4,446.18,False,False,False,False,2,4,2,242,8
17371,2011-11-22 13:30:00,18,3,418.4,False,False,False,False,4,4,2,442,10
17372,2011-10-30 11:37:00,41,8,1337.18,False,False,False,False,3,5,4,354,12
17373,2011-10-30 15:28:00,41,4,646.92,False,False,False,False,3,4,3,343,10
17374,2011-05-05 09:05:00,219,2,495.77,False,False,False,False,1,3,3,133,7
17375,2011-05-24 15:45:00,200,3,400.1,False,False,False,False,1,4,2,142,7
17376,2011-09-30 12:36:00,71,2,203.2,False,False,False,False,3,3,1,331,7
17377,2011-11-16 11:17:00,24,20,4058.32,False,True,True,True,4,5,5,455,14
17379,2011-11-28 13:56:00,12,1,389.71999999999997,False,False,False,False,5,2,2,522,9
17381,2011-12-01 11:59:00,9,29,20275.61,False,True,True,True,5,5,5,555,15
17382,2011-10-05 13:05:00,66,1,65.4,False,False,False,False,3,2,1,321,6
17383,2011-12-05 17:36:00,5,1,193.39000000000001,False,False,False,False,5,2,1,521,8
17384,2011-11-20 15:48:00,20,2,336.4,False,False,False,False,4,3,2,432,9
17385,2011-11-25 11:02:00,15,1,256.11,False,False,False,False,4,2,2,422,8
17386,2011-12-02 11:28:00,8,6,2686.42,False,False,False,False,5,5,5,555,15
17387,2011-11-20 11:00:00,20,2,746.81,False,False,False,False,4,3,3,433,10
17388,2011-09-23 10:31:00,78,4,1259.56,False,False,False,False,2,4,4,244,10
17389,2011-12-09 09:38:00,1,34,31833.68,False,True,True,True,5,5,5,555,15
17391,2011-06-29 09:58:00,164,2,508.8,False,False,False,False,2,3,3,233,8
17392,2011-02-06 12:48:00,307,2,417.27,False,False,False,False,1,3,2,132,6
17394,2011-05-04 13:22:00,220,1,203.86999999999998,False,False,False,False,1,2,1,121,4
17396,2011-10-31 14:12:00,40,8,7330.8,False,False,True,True,3,5,5,355,13
17397,2011-11-17 14:08:00,23,2,681.41,False,False,False,False,4,3,3,433,10
17398,2011-08-17 09:48:00,115,3,653.38,False,False,False,False,2,4,3,243,9
17400,2011-08-05 15:38:00,127,5,2097.84,False,False,False,False,2,4,5,245,11
17402,2011-12-05 10:15:00,5,13,2633.85,False,True,False,True,5,5,5,555,15
17403,2011-11-03 15:18:00,37,1,263.92,False,False,False,False,3,2,2,322,7
17404,2011-12-05 16:26:00,5,15,31906.82,False,True,True,True,5,5,5,555,15
17405,2011-12-08 17:12:00,2,3,1031.41,False,False,False,False,5,4,4,544,13
17406,2011-01-10 15:07:00,334,3,2184.42,True,False,False,True,1,4,5,145,10
17408,2011-06-29 12:53:00,164,1,32.65,False,False,False,False,2,2,1,221,5
17409,2011-06-08 10:36:00,185,2,771.85,False,False,False,False,1,3,3,133,7
17410,2011-11-23 15:46:00,17,5,1214.72,False,False,False,False,4,4,4,444,12
17411,2011-11-27 14:25:00,13,3,778.94,False,False,False,False,5,4,3,543,12
17412,2011-12-07 11:36:00,3,7,1258.06,False,False,False,False,5,5,4,554,14
17414,2011-10-27 12:13:00,44,2,778.0,False,False,False,False,3,3,3,333,9
17415,2011-09-21 12:50:00,80,1,507.84,False,False,False,False,2,2,3,223,7
17416,2011-11-10 12:47:00,30,7,6893.42,False,False,True,True,4,5,5,455,14
17418,2011-10-28 13:00:00,43,2,463.46000000000004,False,False,False,False,3,3,2,332,8
17419,2011-11-28 13:47:00,12,12,4226.57,False,True,True,True,5,5,5,555,15
17420,2011-10-20 14:52:00,51,3,598.83,False,False,False,False,3,4,3,343,10
17422,2011-11-23 13:27:00,17,6,1979.37,False,False,False,False,4,5,4,454,13
17423,2011-10-24 13:36:00,47,2,698.41,False,False,False,False,3,3,3,333,9
17425,2011-11-20 15:30:00,20,2,759.1700000000001,False,False,False,False,4,3,3,433,10
17426,2011-12-01 18:07:00,9,6,5037.26,False,False,True,True,5,5,5,555,15
17427,2011-09-29 11:29:00,72,1,100.8,False,False,False,False,2,2,1,221,5
17428,2011-12-09 09:45:00,1,28,17256.85,False,True,True,True,5,5,5,555,15
17429,2011-08-03 13:22:00,129,3,524.9200000000001,False,False,False,False,2,4,3,243,9
17430,2011-11-07 09:24:00,33,2,265.76,False,False,False,False,3,3,2,332,8
17431,2011-01-30 14:36:00,314,1,403.3,False,False,False,False,1,2,2,122,5
17432,2011-11-21 17:33:00,19,2,365.76,False,False,False,False,4,3,2,432,9
17433,2011-09-12 14:24:00,89,1,303.16,False,False,False,False,2,2,2,222,6
17434,2011-12-07 13:16:00,3,7,2373.82,False,False,False,False,5,5,5,555,15
17436,2011-12-08 12:30:00,2,2,216.3,False,False,False,False,5,3,1,531,9
17438,2011-03-31 10:26:00,254,1,388.45000000000005,False,False,False,False,1,2,2,122,5
17440,2011-07-06 11:54:00,157,3,186.42000000000002,False,False,False,False,2,4,1,241,7
17442,2011-11-03 09:17:00,37,6,2248.56,False,False,False,False,3,5,5,355,13
17443,2011-05-04 10:47:00,220,1,534.24,False,False,False,False,1,2,3,123,6
17444,2011-07-15 12:05:00,148,3,2940.04,False,False,False,False,2,4,5,245,11
17446,2011-06-16 10:42:00,177,2,120.89999999999999,False,False,False,False,2,3,1,231,6
17447,2011-10-30 14:18:00,41,2,541.53,False,False,False,False,3,3,3,333,9
17449,2011-12-07 16:56:00,3,7,2519.21,False,False,False,False,5,5,5,555,15
17450,2011-12-01 13:29:00,9,46,194390.79,False,True,True,True,5,5,5,555,15
17451,2011-12-08 15:02:00,2,7,1721.4,False,False,False,False,5,5,4,554,14
17453,2011-11-22 09:42:00,18,2,486.72,False,False,False,False,4,3,2,432,9
17454,2011-05-31 13:58:00,193,4,517.53,False,False,False,False,1,4,3,143,8
17455,2011-05-20 12:31:00,204,1,131.7,False,False,False,False,1,2,1,121,4
17456,2010-12-09 15:23:00,366,1,249.86,True,False,False,True,1,2,2,122,5
17457,2011-08-05 12:48:00,127,5,1737.7,False,False,False,False,2,4,4,244,10
17458,2011-11-24 13:01:00,16,1,316.5,False,False,False,False,4,2,2,422,8
17459,2011-10-27 13:25:00,44,2,657.3,False,False,False,False,3,3,3,333,9
17460,2011-09-06 15:04:00,95,6,622.4300000000001,False,False,False,False,2,5,3,253,10
17461,2011-11-17 10:21:00,23,3,735.82,False,False,False,False,4,4,3,443,11
17462,2011-10-10 13:56:00,61,2,675.69,False,False,False,False,3,3,3,333,9
17463,2011-11-23 13:40:00,17,5,1875.8600000000001,False,False,False,False,4,4,4,444,12
17464,2011-07-04 13:19:00,159,1,289.96000000000004,False,False,False,False,2,2,2,222,6
17466,2011-11-29 13:15:00,11,2,763.28,False,False,False,False,5,3,3,533,11
17468,2011-11-29 15:33:00,11,2,137.0,False,False,False,False,5,3,1,531,9
17469,2011-11-23 13:15:00,17,5,1870.97,False,False,False,False,4,4,4,444,12
17470,2011-10-26 12:42:00,45,5,1125.07,False,False,False,False,3,4,4,344,11
17472,2011-06-01 14:57:00,192,3,697.54,False,False,False,False,1,4,3,143,8
17475,2011-09-21 14:55:00,80,1,194.37,False,False,False,False,2,2,1,221,5
17480,2011-09-23 11:39:00,78,1,511.82,False,False,False,False,2,2,3,223,7
17481,2011-12-06 12:28:00,4,4,1255.59,False,False,False,False,5,4,4,544,13
17483,2011-10-05 13:10:00,66,3,414.04,False,False,False,False,3,4,2,342,9
17486,2011-03-23 14:00:00,262,1,396.87,False,False,False,False,1,2,2,122,5
17489,2011-10-12 08:56:00,59,2,376.64,False,False,False,False,3,3,2,332,8
17490,2011-12-09 09:08:00,1,7,2092.32,False,False,False,False,5,5,5,555,15
17491,2011-12-08 16:18:00,2,10,3558.87,False,False,False,False,5,5,5,555,15
17492,2011-04-05 15:21:00,249,1,374.57,False,False,False,False,1,2,2,122,5
17495,2011-12-02 12:08:00,8,2,497.56,False,False,False,False,5,3,3,533,11
17496,2010-12-16 08:39:00,359,1,271.05,True,False,False,True,1,2,2,122,5
17498,2011-09-25 12:25:00,76,1,272.21999999999997,False,False,False,False,2,2,2,222,6
17499,2011-02-23 09:14:00,290,1,622.88,False,False,False,False,1,2,3,123,6
17500,2011-11-22 14:25:00,18,3,1138.0,False,False,False,False,4,4,4,444,12
17501,2011-05-03 09:47:00,221,2,288.6,False,False,False,False,1,3,2,132,6
17502,2011-11-30 13:13:00,10,4,689.1,False,False,False,False,5,4,3,543,12
17503,2011-12-07 09:18:00,3,2,558.96,False,False,False,False,5,3,3,533,11
17504,2011-05-17 12:59:00,207,9,2997.03,False,False,False,False,1,5,5,155,11
17505,2011-07-01 12:50:00,162,2,1145.8400000000001,False,False,False,False,2,3,4,234,9
17506,2011-09-25 11:39:00,76,1,302.2,False,False,False,False,2,2,2,222,6
17507,2011-03-23 11:48:00,262,2,605.58,False,False,False,False,1,3,3,133,7
17508,2011-03-04 08:10:00,281,1,387.31,False,False,False,False,1,2,2,122,5
17509,2011-10-13 10:26:00,58,8,6083.64,False,False,True,True,3,5,5,355,13
17510,2011-11-15 10:00:00,25,1,308.48,False,False,False,False,4,2,2,422,8
17511,2011-12-07 10:12:00,3,31,91062.38,False,True,True,True,5,5,5,555,15
17512,2011-11-11 12:11:00,29,10,2924.9900000000002,False,False,False,False,4,5,5,455,14
17513,2011-09-28 16:42:00,73,1,513.2,False,False,False,False,2,2,3,223,7
17514,2011-08-03 15:45:00,129,1,208.65,False,False,False,False,2,2,1,221,5
17515,2011-11-08 14:04:00,32,4,639.02,False,False,False,False,4,4,3,443,11
17516,2011-11-24 16:51:00,16,5,764.88,False,False,False,False,4,4,3,443,11
17517,2011-02-04 11:48:00,309,1,153.94,False,False,False,False,1,2,1,121,4
17519,2011-11-22 16:43:00,18,6,1844.02,False,False,False,False,4,5,4,454,13
17520,2011-10-17 12:04:00,54,1,546.81,False,False,False,False,3,2,3,323,8
17521,2011-11-10 11:22:00,30,3,723.21,False,False,False,False,4,4,3,443,11
17522,2011-12-08 12:31:00,2,5,1070.71,False,False,False,False,5,4,4,544,13
17523,2011-11-28 13:20:00,12,4,652.74,False,False,False,False,5,4,3,543,12
17524,2010-12-13 14:32:00,362,1,145.0,True,False,False,True,1,2,1,121,4
17525,2010-12-15 12:05:00,360,1,422.7,True,False,False,True,1,2,2,122,5
17526,2011-12-05 11:05:00,5,4,1195.8999999999999,False,False,False,False,5,4,4,544,13
17527,2011-10-17 12:32:00,54,4,939.37,False,False,False,False,3,4,4,344,11
17528,2011-12-08 13:27:00,2,8,3628.5,False,False,False,False,5,5,5,555,15
17530,2011-12-08 18:42:00,2,10,2367.12,False,False,False,False,5,5,5,555,15
17531,2011-06-02 19:17:00,191,1,296.7,False,False,False,False,1,2,2,122,5
17534,2011-10-17 12:47:00,54,1,223.36,False,False,False,False,3,2,1,321,6
17535,2011-03-04 15:20:00,281,1,164.4,False,False,False,False,1,2,1,121,4
17536,2011-06-15 13:23:00,178,1,76.5,False,False,False,False,2,2,1,221,5
17537,2011-11-10 10:56:00,30,2,887.6700000000001,False,False,False,False,4,3,3,433,10
17538,2011-11-14 12:12:00,26,1,98.42,False,False,False,False,4,2,1,421,7
17540,2011-11-15 11:56:00,25,2,578.9,False,False,False,False,4,3,3,433,10
17542,2011-03-15 11:45:00,270,1,170.75,False,False,False,False,1,2,1,121,4
17545,2011-10-27 14:04:00,44,3,642.32,False,False,False,False,3,4,3,343,10
17548,2011-04-20 12:01:00,234,1,103.3,False,False,False,False,1,2,1,121,4
17549,2011-11-16 09:59:00,24,2,148.86,False,False,False,False,4,3,1,431,8
17550,2011-05-26 14:09:00,198,3,267.16,False,False,False,False,1,4,2,142,7
17551,2010-12-15 14:12:00,360,1,290.34,True,False,False,True,1,2,2,122,5
17552,2011-10-10 17:00:00,61,4,930.41,False,False,False,False,3,4,3,343,10
17553,2011-08-02 10:00:00,130,1,1487.6,False,False,False,False,2,2,4,224,8
17554,2011-12-08 14:15:00,2,5,1952.45,False,False,False,False,5,4,4,544,13
17555,2011-11-20 12:22:00,20,2,480.31,False,False,False,False,4,3,2,432,9
17556,2011-05-18 10:48:00,206,1,157.9,False,False,False,False,1,2,1,121,4
17557,2011-11-25 12:57:00,15,3,541.46,False,False,False,False,4,4,3,443,11
17560,2011-09-06 09:18:00,95,4,854.95,False,False,False,False,2,4,3,243,9
17561,2011-11-20 12:53:00,20,1,165.12,False,False,False,False,4,2,1,421,7
17562,2011-11-25 14:21:00,15,7,1122.38,False,False,False,False,4,5,4,454,13
17564,2011-11-15 13:27:00,25,3,454.01,False,False,False,False,4,4,2,442,10
17566,2011-12-01 19:54:00,9,2,869.77,False,False,False,False,5,3,3,533,11
17567,2011-12-02 15:48:00,8,8,4331.48,False,False,True,True,5,5,5,555,15
17569,2011-01-11 14:15:00,333,1,344.14,True,False,False,True,1,2,2,122,5
17571,2011-10-20 15:57:00,51,4,1425.67,False,False,False,False,3,4,4,344,11
17572,2011-09-29 17:53:00,72,4,226.75000000000003,False,False,False,False,2,4,1,241,7
17573,2011-11-10 13:01:00,30,3,380.6,False,False,False,False,4,4,2,442,10
17574,2011-04-11 09:47:00,243,1,185.65,False,False,False,False,1,2,1,121,4
17576,2011-12-01 17:56:00,9,19,3564.83,False,True,False,True,5,5,5,555,15
17578,2011-05-05 18:38:00,219,1,143.45999999999998,False,False,False,False,1,2,1,121,4
17579,2011-12-05 12:28:00,5,3,448.90000000000003,False,False,False,False,5,4,2,542,11
17580,2011-04-01 12:41:00,253,3,215.72,False,False,False,False,1,4,1,141,6
17581,2011-12-09 12:21:00,1,25,11025.24,False,True,True,True,5,5,5,555,15
17582,2011-04-17 13:18:00,237,1,175.27,False,False,False,False,1,2,1,121,4
17584,2011-12-02 17:12:00,8,2,1242.3,False,False,False,False,5,3,4,534,12
17585,2011-08-22 13:30:00,110,4,1116.68,False,False,False,False,2,4,4,244,10
17588,2011-08-31 13:37:00,101,3,1240.2,False,False,False,False,2,4,4,244,10
17589,2011-10-10 16:58:00,61,4,2404.17,False,False,False,False,3,4,5,345,12
17590,2011-12-07 12:55:00,3,3,1468.02,False,False,False,False,5,4,4,544,13
17591,2011-09-27 13:42:00,74,7,2203.67,False,False,False,False,2,5,5,255,12
17593,2011-12-06 10:30:00,4,5,3923.86,False,False,True,True,5,4,5,545,14
17594,2011-09-15 16:34:00,86,2,993.1800000000001,False,False,False,False,2,3,4,234,9
17595,2011-11-27 16:08:00,13,2,386.69,False,False,False,False,5,3,2,532,10
17596,2011-11-16 14:11:00,24,7,2806.69,False,False,False,False,4,5,5,455,14
17597,2011-05-10 11:54:00,214,1,2044.3700000000001,False,False,False,False,1,2,4,124,7
17600,2011-11-22 09:43:00,18,1,161.67000000000002,False,False,False,False,4,2,1,421,7
17601,2011-04-14 18:02:00,240,1,116.00999999999999,False,False,False,False,1,2,1,121,4
17602,2011-12-07 13:53:00,3,6,5054.42,False,False,True,True,5,5,5,555,15
17603,2011-09-22 14:18:00,79,1,394.72,False,False,False,False,2,2,2,222,6
17604,2011-05-06 13:43:00,218,2,309.36,False,False,False,False,1,3,2,132,6
17608,2011-11-06 13:06:00,34,2,191.99,False,False,False,False,3,3,1,331,7
17609,2011-10-30 12:28:00,41,5,1105.78,False,False,False,False,3,4,4,344,11
17611,2011-12-02 13:29:00,8,15,3961.12,False,True,True,True,5,5,5,555,15
17612,2011-10-17 14:59:00,54,6,2048.45,False,False,False,False,3,5,4,354,12
17613,2011-11-17 10:51:00,23,14,4544.55,False,True,True,True,4,5,5,455,14
17614,2011-10-13 16:01:00,58,1,386.32,False,False,False,False,3,2,2,322,7
17615,2011-08-01 14:06:00,131,3,329.6,False,False,False,False,2,4,2,242,8
17616,2011-06-19 10:11:00,174,3,571.1999999999999,False,False,False,False,2,4,3,243,9
17618,2011-12-04 11:50:00,6,3,930.28,False,False,False,False,5,4,3,543,12
17619,2011-01-31 14:18:00,313,1,214.37,False,False,False,False,1,2,1,121,4
17620,2011-10-11 12:08:00,60,1,81.44,False,False,False,False,3,2,1,321,6
17621,2011-11-18 17:11:00,22,3,1379.9,False,False,False,False,4,4,4,444,12
17623,2011-11-07 11:32:00,33,1,527.05,False,False,False,False,3,2,3,323,8
17624,2011-11-25 10:52:00,15,2,843.48,False,False,False,False,4,3,3,433,10
17625,2011-11-21 13:36:00,19,4,2020.4,False,False,False,False,4,4,4,444,12
17628,2011-09-19 15:21:00,82,1,75.75,False,False,False,False,2,2,1,221,5
17629,2011-12-04 10:56:00,6,8,1814.1200000000001,False,False,False,False,5,5,4,554,14
17630,2011-06-23 11:58:00,170,2,503.6,False,False,False,False,2,3,3,233,8
17631,2011-12-08 09:47:00,2,3,528.33,False,False,False,False,5,4,3,543,12
17633,2011-11-08 13:25:00,32,4,1324.84,False,False,False,False,4,4,4,444,12
17634,2011-11-03 13:09:00,37,9,2358.59,False,False,False,False,3,5,5,355,13
17636,2011-11-20 14:40:00,20,1,285.56,False,False,False,False,4,2,2,422,8
17637,2011-11-08 12:51:00,32,2,547.0600000000001,False,False,False,False,4,3,3,433,10
17639,2011-03-08 15:22:00,277,1,108.5,False,False,False,False,1,2,1,121,4
17640,2011-09-14 09:13:00,87,1,621.66,False,False,False,False,2,2,3,223,7
17642,2011-08-12 09:11:00,120,2,712.29,False,False,False,False,2,3,3,233,8
17643,2010-12-01 14:38:00,374,1,101.55,True,False,False,True,1,2,1,121,4
17644,2011-12-08 13:43:00,2,11,2895.64,False,False,False,False,5,5,5,555,15
17646,2011-05-04 13:17:00,220,3,1008.39,False,False,False,False,1,4,4,144,9
17647,2011-10-05 15:38:00,66,1,133.06,False,False,False,False,3,2,1,321,6
17648,2011-10-10 09:41:00,61,4,1797.5,False,False,False,False,3,4,4,344,11
17649,2011-07-24 15:53:00,139,1,868.49,False,False,False,False,2,2,3,223,7
17650,2011-11-18 14:52:00,22,1,166.07999999999998,False,False,False,False,4,2,1,421,7
17651,2011-11-28 10:29:00,12,10,3945.0,False,False,True,True,5,5,5,555,15
17652,2011-11-14 12:55:00,26,12,4867.72,False,True,True,True,4,5,5,455,14
17653,2011-11-03 12:46:00,37,4,1207.56,False,False,False,False,3,4,4,344,11
17654,2011-03-07 13:17:00,278,1,117.55,False,False,False,False,1,2,1,121,4
17655,2011-11-29 11:34:00,11,7,2638.94,False,False,False,False,5,5,5,555,15
17656,2011-09-27 13:04:00,74,5,1674.69,False,False,False,False,2,4,4,244,10
17658,2011-11-14 12:07:00,26,2,595.42,False,False,False,False,4,3,3,433,10
17659,2011-11-22 13:29:00,18,12,2999.46,False,True,False,True,4,5,5,455,14
17660,2011-07-21 13:37:00,142,1,178.75,False,False,False,False,2,2,1,221,5
17663,2011-11-14 08:56:00,26,7,1802.91,False,False,False,False,4,5,4,454,13
17664,2011-11-21 11:29:00,19,2,604.64,False,False,False,False,4,3,3,433,10
17666,2011-12-06 09:06:00,4,2,728.16,False,False,False,False,5,3,3,533,11
17667,2011-10-04 14:32:00,67,5,2055.51,False,False,False,False,3,4,5,345,12
17668,2011-12-08 13:25:00,2,2,347.75,False,False,False,False,5,3,2,532,10
17669,2011-10-28 08:53:00,43,7,3406.7200000000003,False,False,False,False,3,5,5,355,13
17670,2011-04-26 09:12:00,228,1,205.7,False,False,False,False,1,2,1,121,4
17671,2011-11-24 12:21:00,16,4,1572.71,False,False,False,False,4,4,4,444,12
17672,2011-10-20 14:18:00,51,2,3178.17,False,False,False,False,3,3,5,335,11
17673,2011-12-08 12:50:00,2,6,1594.97,False,False,False,False,5,5,4,554,14
17674,2011-09-26 13:35:00,75,2,551.04,False,False,False,False,2,3,3,233,8
17675,2011-12-08 18:03:00,2,31,20374.28,False,True,True,True,5,5,5,555,15
17676,2011-12-05 15:16:00,5,6,1371.18,False,False,False,False,5,5,4,554,14
17677,2011-12-08 09:56:00,2,30,16345.38,False,True,True,True,5,5,5,555,15
17678,2011-03-21 11:52:00,264,1,298.11,False,False,False,False,1,2,2,122,5
17679,2011-10-18 07:43:00,53,2,1992.1100000000001,False,False,False,False,3,3,4,334,10
17680,2011-11-16 12:42:00,24,1,184.4,False,False,False,False,4,2,1,421,7
17682,2011-11-29 15:59:00,11,6,2474.33,False,False,False,False,5,5,5,555,15
17684,2011-10-27 11:10:00,44,1,239.41,False,False,False,False,3,2,1,321,6
17685,2011-11-23 11:36:00,17,7,3155.83,False,False,False,False,4,5,5,455,14
17686,2011-12-02 15:39:00,8,7,5739.46,False,False,True,True,5,5,5,555,15
17690,2011-11-09 15:17:00,31,15,4726.8,False,True,True,True,4,5,5,455,14
17691,2010-12-16 17:20:00,359,2,290.40000000000003,True,False,False,True,1,3,2,132,6
17692,2011-08-04 14:01:00,128,4,740.94,False,False,False,False,2,4,3,243,9
17693,2011-07-25 15:48:00,138,1,200.47,False,False,False,False,2,2,1,221,5
17694,2011-07-21 12:00:00,142,1,283.12,False,False,False,False,2,2,2,222,6
17695,2011-07-31 10:40:00,132,2,765.34,False,False,False,False,2,3,3,233,8
17696,2011-11-01 13:43:00,39,8,2285.71,False,False,False,False,3,5,5,355,13
17697,2011-04-17 15:40:00,237,1,338.95,False,False,False,False,1,2,2,122,5
17698,2011-03-24 11:34:00,261,1,154.95,False,False,False,False,1,2,1,121,4
17700,2011-11-23 11:51:00,17,4,2534.64,False,False,False,False,4,4,5,445,13
17701,2011-04-01 12:25:00,253,1,417.95,False,False,False,False,1,2,2,122,5
17702,2011-11-09 16:03:00,31,4,1824.37,False,False,False,False,4,4,4,444,12
17703,2011-11-04 15:51:00,36,3,798.74,False,False,False,False,3,4,3,343,10
17704,2011-06-24 09:40:00,169,2,885.19,False,False,False,False,2,3,3,233,8
17705,2011-12-06 13:45:00,4,9,1823.52,False,False,False,False,5,5,4,554,14
17706,2011-12-05 13:34:00,5,17,10504.49,False,True,True,True,5,5,5,555,15
17707,2011-06-07 15:03:00,186,2,152.4,False,False,False,False,1,3,1,131,5
17708,2011-06-05 10:12:00,188,2,263.33,False,False,False,False,1,3,2,132,6
17709,2011-06-23 11:55:00,170,1,137.45,False,False,False,False,2,2,1,221,5
17711,2011-11-29 11:40:00,11,2,385.1,False,False,False,False,5,3,2,532,10
17712,2011-10-26 12:28:00,45,1,522.91,False,False,False,False,3,2,3,323,8
17714,2011-01-23 10:32:00,321,1,153.0,False,False,False,False,1,2,1,121,4
17715,2011-05-23 12:32:00,201,1,326.4,False,False,False,False,1,2,2,122,5
17716,2011-11-17 12:00:00,23,11,5655.99,False,False,True,True,4,5,5,455,14
17718,2011-04-21 13:39:00,233,1,139.35,False,False,False,False,1,2,1,121,4
17719,2011-11-02 10:36:00,38,15,5396.04,False,True,True,True,3,5,5,355,13
17720,2011-11-13 15:04:00,27,4,1195.94,False,False,False,False,4,4,4,444,12
17722,2011-09-04 15:22:00,97,4,2424.04,False,False,False,False,2,4,5,245,11
17723,2011-08-04 18:37:00,128,6,3276.4000000000005,False,False,False,False,2,5,5,255,12
17724,2011-09-29 15:26:00,72,3,1033.0,False,False,False,False,2,4,4,244,10
17725,2011-11-23 16:34:00,17,11,3439.08,False,False,False,False,4,5,5,455,14
17727,2011-11-24 17:06:00,16,1,1060.25,False,False,False,False,4,2,4,424,10
17728,2011-12-06 08:52:00,4,3,2876.01,False,False,False,False,5,4,5,545,14
17730,2011-12-06 15:43:00,4,13,5298.4800000000005,False,True,True,True,5,5,5,555,15
17731,2011-09-21 15:02:00,80,4,1240.11,False,False,False,False,2,4,4,244,10
17732,2010-12-02 09:29:00,373,1,303.97,True,False,False,True,1,2,2,122,5
17733,2011-11-01 08:16:00,39,2,692.19,False,False,False,False,3,3,3,333,9
17734,2011-10-17 12:33:00,54,3,700.63,False,False,False,False,3,4,3,343,10
17735,2011-12-07 16:47:00,3,19,13110.02,False,True,True,True,5,5,5,555,15
17736,2011-11-30 15:36:00,10,3,377.44,False,False,False,False,5,4,2,542,11
17737,2011-11-30 15:16:00,10,2,168.24,False,False,False,False,5,3,1,531,9
17738,2011-11-20 15:05:00,20,4,1879.05,False,False,False,False,4,4,4,444,12
17739,2011-11-28 09:12:00,12,7,2791.35,False,False,False,False,5,5,5,555,15
17742,2011-08-18 15:28:00,114,2,355.11,False,False,False,False,2,3,2,232,7
17744,2011-12-06 12:11:00,4,6,2322.4,False,False,False,False,5,5,5,555,15
17746,2011-04-13 14:31:00,241,1,110.25,False,False,False,False,1,2,1,121,4
17747,2011-08-19 08:13:00,113,1,71.4,False,False,False,False,2,2,1,221,5
17749,2011-06-14 15:45:00,179,2,674.52,False,False,False,False,2,3,3,233,8
17750,2011-12-04 14:09:00,6,9,1710.45,False,False,False,False,5,5,4,554,14
17752,2010-12-15 16:19:00,360,1,80.64,True,False,False,True,1,2,1,121,4
17754,2011-12-09 11:20:00,1,5,1664.6499999999999,False,False,False,False,5,4,4,544,13
17757,2011-12-08 15:31:00,2,30,5593.39,False,True,True,True,5,5,5,555,15
17758,2011-11-20 14:45:00,20,8,3408.2,False,False,False,False,4,5,5,455,14
17759,2011-11-22 16:02:00,18,3,819.96,False,False,False,False,4,4,3,443,11
17760,2011-11-18 10:56:00,22,2,287.59,False,False,False,False,4,3,2,432,9
17761,2011-11-07 10:23:00,33,1,712.78,False,False,False,False,3,2,3,323,8
17763,2011-03-21 14:25:00,264,1,15.0,False,False,False,False,1,2,1,121,4
17764,2011-10-20 11:03:00,51,2,772.55,False,False,False,False,3,3,3,333,9
17765,2011-07-04 12:41:00,159,3,367.63,False,False,False,False,2,4,2,242,8
17767,2011-11-24 14:42:00,16,1,271.2,False,False,False,False,4,2,2,422,8
17768,2011-12-01 13:22:00,9,3,2081.9,False,False,False,False,5,4,5,545,14
17769,2011-11-27 11:18:00,13,10,3957.43,False,False,True,True,5,5,5,555,15
17770,2011-05-25 12:34:00,199,5,1143.27,False,False,False,False,1,4,4,144,9
17771,2011-10-14 11:43:00,57,2,245.81,False,False,False,False,3,3,1,331,7
17772,2011-11-29 11:05:00,11,2,173.45,False,False,False,False,5,3,1,531,9
17774,2011-09-04 12:49:00,97,4,1213.73,False,False,False,False,2,4,4,244,10
17775,2011-03-30 10:50:00,255,1,56.4,False,False,False,False,1,2,1,121,4
17777,2011-11-15 12:02:00,25,3,647.56,False,False,False,False,4,4,3,443,11
17779,2011-11-18 14:15:00,22,3,650.32,False,False,False,False,4,4,3,443,11
17781,2011-07-03 16:00:00,160,2,188.02,False,False,False,False,2,3,1,231,6
17783,2011-09-28 16:07:00,73,2,283.47,False,False,False,False,2,3,2,232,7
17785,2011-10-17 13:43:00,54,1,131.94,False,False,False,False,3,2,1,321,6
17786,2011-09-15 12:51:00,86,2,266.85,False,False,False,False,2,3,2,232,7
17787,2011-07-10 11:24:00,153,4,1817.54,False,False,False,False,2,4,4,244,10
17788,2011-09-27 10:09:00,74,2,1117.9,False,False,False,False,2,3,4,234,9
17789,2011-03-03 13:14:00,282,1,225.9,False,False,False,False,1,2,1,121,4
17790,2011-11-13 11:30:00,27,14,1964.3,False,True,False,True,4,5,4,454,13
17791,2011-11-10 12:09:00,30,1,106.1,False,False,False,False,4,2,1,421,7
17793,2011-11-14 14:24:00,26,1,300.34,False,False,False,False,4,2,2,422,8
17795,2011-06-13 12:36:00,180,2,342.83,False,False,False,False,1,3,2,132,6
17796,2011-10-30 15:38:00,41,4,690.0,False,False,False,False,3,4,3,343,10
17797,2011-11-17 13:21:00,23,3,780.43,False,False,False,False,4,4,3,443,11
17799,2011-11-17 15:16:00,23,10,3039.17,False,False,False,False,4,5,5,455,14
17800,2011-11-02 12:57:00,38,9,1187.21,False,False,False,False,3,5,4,354,12
17802,2011-09-18 14:56:00,83,3,1285.04,False,False,False,False,2,4,4,244,10
17805,2011-09-27 11:49:00,74,1,512.31,False,False,False,False,2,2,3,223,7
17806,2011-11-28 14:12:00,12,1,546.04,False,False,False,False,5,2,3,523,10
17809,2011-11-23 12:59:00,17,12,5411.91,False,True,True,True,4,5,5,455,14
17811,2011-12-05 13:46:00,5,39,7761.82,False,True,True,True,5,5,5,555,15
17812,2011-11-27 11:47:00,13,4,699.81,False,False,False,False,5,4,3,543,12
17813,2011-11-25 16:13:00,15,5,1698.07,False,False,False,False,4,4,4,444,12
17816,2011-11-03 11:34:00,37,4,36.56,False,False,False,False,3,4,1,341,8
17817,2011-12-05 14:39:00,5,3,387.68,False,False,False,False,5,4,2,542,11
17819,2011-09-29 10:52:00,72,7,3704.87,False,False,True,True,2,5,5,255,12
17824,2011-10-19 14:14:00,52,1,298.4,False,False,False,False,3,2,2,322,7
17827,2011-12-04 15:00:00,6,5,1987.33,False,False,False,False,5,4,4,544,13
17828,2011-11-17 08:41:00,23,4,1820.09,False,False,False,False,4,4,4,444,12
17829,2011-02-14 12:46:00,299,1,889.24,False,False,False,False,1,2,3,123,6
17830,2011-12-08 12:28:00,2,3,398.7,False,False,False,False,5,4,2,542,11
17831,2011-11-06 15:09:00,34,1,35.400000000000006,False,False,False,False,3,2,1,321,6
17832,2011-10-21 11:43:00,50,1,155.37,False,False,False,False,3,2,1,321,6
17835,2011-12-07 11:48:00,3,3,342.24,False,False,False,False,5,4,2,542,11
17836,2011-10-23 16:13:00,48,1,110.21000000000001,False,False,False,False,3,2,1,321,6
17837,2011-10-28 16:13:00,43,8,1541.23,False,False,False,False,3,5,4,354,12
17838,2011-11-13 11:20:00,27,5,2720.8,False,False,False,False,4,4,5,445,13
17839,2011-10-28 17:27:00,43,1,318.15,False,False,False,False,3,2,2,322,7
17841,2011-12-08 12:07:00,2,124,40519.84,False,True,True,True,5,5,5,555,15
17843,2011-02-09 15:33:00,304,1,205.48,False,False,False,False,1,2,1,121,4
17844,2011-08-25 11:27:00,107,1,51.559999999999995,False,False,False,False,2,2,1,221,5
17846,2011-09-15 15:20:00,86,1,2033.1,False,False,False,False,2,2,4,224,8
17848,2011-09-19 16:49:00,82,9,901.2,False,False,False,False,2,5,3,253,10
17849,2011-05-05 13:46:00,219,4,605.8000000000001,False,False,False,False,1,4,3,143,8
17850,2010-12-02 15:27:00,373,34,5391.21,True,True,True,True,1,5,5,155,11
17852,2011-11-28 12:36:00,12,2,114.34,False,False,False,False,5,3,1,531,9
17854,2011-06-07 16:21:00,186,2,311.26,False,False,False,False,1,3,2,132,6
17855,2010-12-02 09:44:00,373,1,208.97,True,False,False,True,1,2,1,121,4
17856,2011-12-08 09:40:00,2,4,1418.03,False,False,False,False,5,4,4,544,13
17857,2011-12-05 13:13:00,5,23,26879.04,False,True,True,True,5,5,5,555,15
17858,2011-12-04 11:56:00,6,12,5140.66,False,True,True,True,5,5,5,555,15
17859,2011-02-08 10:32:00,305,1,141.92,False,False,False,False,1,2,1,121,4
17860,2010-12-06 12:41:00,369,1,226.45000000000002,True,False,False,True,1,2,1,121,4
17861,2011-12-06 16:21:00,4,8,2097.88,False,False,False,False,5,5,5,555,15
17862,2011-01-20 12:23:00,324,1,330.9,False,False,False,False,1,2,2,122,5
17863,2011-10-11 13:45:00,60,6,3160.0,False,False,False,False,3,5,5,355,13
17864,2011-11-27 11:15:00,13,3,554.85,False,False,False,False,5,4,3,543,12
17865,2011-11-09 12:08:00,31,20,10526.32,False,True,True,True,4,5,5,455,14
17866,2011-07-20 11:07:00,143,1,329.65000000000003,False,False,False,False,2,2,2,222,6
17867,2011-11-09 14:15:00,31,6,1157.8700000000001,False,False,False,False,4,5,4,454,13
17869,2011-08-24 16:16:00,108,5,428.18,False,False,False,False,2,4,2,242,8
17870,2011-12-07 15:07:00,3,12,1865.8899999999999,False,True,False,True,5,5,4,554,14
17871,2011-05-19 11:32:00,205,1,155.9,False,False,False,False,1,2,1,121,4
17873,2011-09-20 16:41:00,81,5,1848.96,False,False,False,False,2,4,4,244,10
17874,2011-06-07 12:54:00,186,6,683.46,False,False,False,False,1,5,3,153,9
17877,2011-06-22 13:00:00,171,1,237.61,False,False,False,False,2,2,1,221,5
17878,2011-10-27 11:24:00,44,1,379.45,False,False,False,False,3,2,2,322,7
17879,2011-06-19 12:36:00,174,1,178.52,False,False,False,False,2,2,1,221,5
17880,2010-12-10 10:21:00,365,1,458.92,True,False,False,True,1,2,2,122,5
17881,2011-02-08 17:16:00,305,1,133.35,False,False,False,False,1,2,1,121,4
17883,2011-12-06 17:49:00,4,4,664.34,False,False,False,False,5,4,3,543,12
17884,2011-12-06 11:33:00,4,4,695.07,False,False,False,False,5,4,3,543,12
17885,2011-11-27 14:40:00,13,1,156.34,False,False,False,False,5,2,1,521,8
17886,2011-11-08 10:09:00,32,3,869.28,False,False,False,False,4,4,3,443,11
17887,2011-08-02 17:29:00,130,1,111.35,False,False,False,False,2,2,1,221,5
17888,2011-11-18 13:45:00,22,8,716.0,False,False,False,False,4,5,3,453,12
17889,2011-05-11 16:26:00,213,2,201.37,False,False,False,False,1,3,1,131,5
17890,2011-01-21 11:19:00,323,2,586.89,False,False,False,False,1,3,3,133,7
17891,2011-06-30 20:08:00,163,1,203.85999999999999,False,False,False,False,2,2,1,221,5
17892,2011-10-14 16:49:00,57,3,244.1,False,False,False,False,3,4,1,341,8
17893,2011-04-28 13:50:00,226,1,107.21,False,False,False,False,1,2,1,121,4
17894,2011-09-29 09:23:00,72,8,1118.96,False,False,False,False,2,5,4,254,11
17895,2011-10-26 17:00:00,45,1,95.45,False,False,False,False,3,2,1,321,6
17896,2011-11-16 13:59:00,24,1,256.32,False,False,False,False,4,2,2,422,8
17897,2011-06-20 11:23:00,173,3,541.81,False,False,False,False,2,4,3,243,9
17898,2011-09-15 14:56:00,86,2,152.06,False,False,False,False,2,3,1,231,6
17899,2011-07-03 14:58:00,160,1,154.55,False,False,False,False,2,2,1,221,5
17900,2011-06-02 14:38:00,191,2,112.19999999999999,False,False,False,False,1,3,1,131,5
17901,2011-11-10 17:29:00,30,1,110.38,False,False,False,False,4,2,1,421,7
17904,2011-11-18 12:57:00,22,1,181.07,False,False,False,False,4,2,1,421,7
17905,2011-09-29 17:33:00,72,4,798.99,False,False,False,False,2,4,3,243,9
17906,2011-04-06 17:25:00,248,1,72.9,False,False,False,False,1,2,1,121,4
17908,2010-12-01 11:45:00,374,1,232.03,True,False,False,True,1,2,1,121,4
17911,2011-11-30 14:52:00,10,1,366.23,False,False,False,False,5,2,2,522,9
17912,2011-02-02 14:25:00,311,5,310.06,False,False,False,False,1,4,2,142,7
17913,2011-10-12 10:45:00,59,2,408.65,False,False,False,False,3,3,2,332,8
17914,2011-12-06 11:58:00,4,1,329.36,False,False,False,False,5,2,2,522,9
17917,2011-10-25 13:20:00,46,3,335.03,False,False,False,False,3,4,2,342,9
17919,2011-09-12 13:41:00,89,1,1304.04,False,False,False,False,2,2,4,224,8
17920,2011-12-05 14:29:00,5,17,4119.5,False,True,True,True,5,5,5,555,15
17921,2011-10-06 18:56:00,65,4,820.23,False,False,False,False,3,4,3,343,10
17923,2011-03-02 15:15:00,283,1,207.50000000000003,False,False,False,False,1,2,1,121,4
17924,2011-11-28 09:11:00,12,7,2962.5,False,False,False,False,5,5,5,555,15
17925,2010-12-02 10:10:00,373,1,244.08,True,False,False,True,1,2,1,121,4
17926,2011-07-29 14:39:00,134,2,397.29,False,False,False,False,2,3,2,232,7
17928,2011-10-25 13:52:00,46,2,212.54,False,False,False,False,3,3,1,331,7
17929,2011-11-28 16:01:00,12,4,843.0,False,False,False,False,5,4,3,543,12
17930,2011-11-04 10:23:00,36,5,1740.48,False,False,False,False,3,4,4,344,11
17931,2011-07-28 18:33:00,135,2,408.36,False,False,False,False,2,3,2,232,7
17932,2011-11-10 19:49:00,30,3,1331.57,False,False,False,False,4,4,4,444,12
17934,2011-10-19 11:16:00,52,2,704.25,False,False,False,False,3,3,3,333,9
17935,2011-07-24 13:18:00,139,2,145.79,False,False,False,False,2,3,1,231,6
17936,2011-12-04 13:32:00,6,1,380.13,False,False,False,False,5,2,2,522,9
17937,2011-12-01 11:45:00,9,7,4301.22,False,False,True,True,5,5,5,555,15
17939,2011-07-03 12:27:00,160,1,99.14,False,False,False,False,2,2,1,221,5
17940,2011-10-21 13:27:00,50,10,4020.04,False,False,True,True,3,5,5,355,13
17941,2011-08-01 08:30:00,131,1,304.56,False,False,False,False,2,2,2,222,6
17942,2011-12-02 10:45:00,8,1,77.50000000000001,False,False,False,False,5,2,1,521,8
17946,2011-04-20 17:00:00,234,2,149.57999999999998,False,False,False,False,1,3,1,131,5
17947,2011-11-02 13:05:00,38,1,176.68,False,False,False,False,3,2,1,321,6
17948,2011-07-15 12:58:00,148,1,358.56000000000006,False,False,False,False,2,2,2,222,6
17949,2011-12-08 18:46:00,2,45,58510.48,False,True,True,True,5,5,5,555,15
17950,2011-09-28 15:18:00,73,3,482.2,False,False,False,False,2,4,2,242,8
17951,2011-10-31 12:30:00,40,3,1008.5400000000001,False,False,False,False,3,4,4,344,11
17954,2011-12-04 14:15:00,6,12,2314.13,False,True,False,True,5,5,5,555,15
17955,2011-05-25 12:00:00,199,4,557.3,False,False,False,False,1,4,3,143,8
17956,2011-04-04 13:47:00,250,1,12.75,False,False,False,False,1,2,1,121,4
17957,2011-10-04 14:58:00,67,1,111.68,False,False,False,False,3,2,1,321,6
17958,2011-08-15 12:19:00,117,1,508.46000000000004,False,False,False,False,2,2,3,223,7
17960,2011-06-21 14:15:00,172,1,73.78,False,False,False,False,2,2,1,221,5
17961,2011-11-18 16:55:00,22,39,1296.44,False,True,False,True,4,5,4,454,13
17962,2011-07-20 14:16:00,143,1,102.41,False,False,False,False,2,2,1,221,5
17964,2011-11-08 10:44:00,32,2,463.21,False,False,False,False,4,3,2,432,9
17965,2011-11-02 09:31:00,38,14,2599.19,False,True,False,True,3,5,5,355,13
17966,2011-11-02 10:26:00,38,5,1098.43,False,False,False,False,3,4,4,344,11
17967,2010-12-03 11:19:00,372,1,112.27,True,False,False,True,1,2,1,121,4
17968,2010-12-01 12:23:00,374,1,265.1,True,False,False,True,1,2,2,122,5
17969,2011-06-26 13:00:00,167,2,228.2,False,False,False,False,2,3,1,231,6
17970,2011-05-12 20:03:00,212,1,562.79,False,False,False,False,1,2,3,123,6
17972,2011-04-12 12:16:00,242,1,135.19,False,False,False,False,1,2,1,121,4
17973,2011-10-19 10:34:00,52,1,337.04,False,False,False,False,3,2,2,322,7
17974,2011-11-15 11:37:00,25,3,703.99,False,False,False,False,4,4,3,443,11
17975,2011-11-24 13:27:00,16,13,4483.26,False,True,True,True,4,5,5,455,14
17976,2010-12-02 13:49:00,373,1,321.79,True,False,False,True,1,2,2,122,5
17977,2011-11-10 13:28:00,30,1,288.14,False,False,False,False,4,2,2,422,8
17978,2010-12-09 14:05:00,366,1,300.91999999999996,True,False,False,True,1,2,2,122,5
17979,2011-11-04 12:05:00,36,4,732.41,False,False,False,False,3,4,3,343,10
17980,2011-06-27 12:01:00,166,3,811.45,False,False,False,False,2,4,3,243,9
17984,2011-07-17 15:59:00,146,1,152.68,False,False,False,False,2,2,1,221,5
17985,2011-11-17 14:24:00,23,1,631.35,False,False,False,False,4,2,3,423,9
17986,2011-10-14 14:22:00,57,1,20.8,False,False,False,False,3,2,1,321,6
17987,2011-06-07 14:22:00,186,1,198.57,False,False,False,False,1,2,1,121,4
17988,2011-11-28 11:00:00,12,7,201.12,False,False,False,False,5,5,1,551,11
17990,2011-04-17 11:44:00,237,3,630.84,False,False,False,False,1,4,3,143,8
17991,2011-04-28 15:58:00,226,2,93.35,False,False,False,False,1,3,1,131,5
17994,2011-08-10 11:41:00,122,4,674.89,False,False,False,False,2,4,3,243,9
17995,2011-03-03 12:30:00,282,1,76.1,False,False,False,False,1,2,1,121,4
17997,2011-09-26 16:13:00,75,8,1962.46,False,False,False,False,2,5,4,254,11
17999,2011-11-02 15:56:00,38,2,380.39,False,False,False,False,3,3,2,332,8
18001,2011-11-27 16:02:00,13,2,415.13,False,False,False,False,5,3,2,532,10
18004,2010-12-12 13:47:00,363,1,157.92,True,False,False,True,1,2,1,121,4
18005,2011-12-06 11:51:00,4,2,226.47,False,False,False,False,5,3,1,531,9
18006,2011-11-16 16:52:00,24,1,444.68,False,False,False,False,4,2,2,422,8
18008,2011-09-30 15:17:00,71,9,2116.19,False,False,False,False,3,5,5,355,13
18009,2011-04-18 13:36:00,236,1,247.39,False,False,False,False,1,2,1,121,4
18010,2011-03-28 12:27:00,257,1,174.8,False,False,False,False,1,2,1,121,4
18011,2010-12-01 17:35:00,374,1,102.78999999999999,True,False,False,True,1,2,1,121,4
18013,2011-07-07 14:11:00,156,2,187.29,False,False,False,False,2,3,1,231,6
18014,2011-11-11 15:28:00,29,1,162.22,False,False,False,False,4,2,1,421,7
18015,2011-12-05 14:49:00,5,1,120.03,False,False,False,False,5,2,1,521,8
18016,2011-11-07 13:25:00,33,5,1477.66,False,False,False,False,3,4,4,344,11
18017,2011-09-19 16:15:00,82,3,523.0,False,False,False,False,2,4,3,243,9
18018,2011-08-23 17:37:00,109,2,122.14,False,False,False,False,2,3,1,231,6
18019,2011-10-19 12:10:00,52,1,38.45,False,False,False,False,3,2,1,321,6
18022,2011-11-04 12:45:00,36,1,612.72,False,False,False,False,3,2,3,323,8
18024,2011-07-10 12:40:00,153,2,389.78,False,False,False,False,2,3,2,232,7
18027,2011-09-02 10:38:00,99,1,115.31,False,False,False,False,2,2,1,221,5
18030,2011-12-05 16:37:00,5,2,230.64999999999998,False,False,False,False,5,3,1,531,9
18032,2011-01-09 15:32:00,335,1,73.5,True,False,False,True,1,2,1,121,4
18033,2011-10-05 17:28:00,66,1,93.82000000000001,False,False,False,False,3,2,1,321,6
18034,2011-11-18 12:22:00,22,2,418.68,False,False,False,False,4,3,2,432,9
18035,2011-11-04 12:39:00,36,3,713.89,False,False,False,False,3,4,3,343,10
18036,2011-11-07 14:40:00,33,3,403.12,False,False,False,False,3,4,2,342,9
18037,2011-07-08 13:39:00,155,6,70.02,False,False,False,False,2,5,1,251,8
18040,2011-11-20 14:20:00,20,2,357.20000000000005,False,False,False,False,4,3,2,432,9
18041,2011-11-28 11:39:00,12,21,4097.37,False,True,True,True,5,5,5,555,15
18042,2011-10-17 11:49:00,54,1,165.04999999999998,False,False,False,False,3,2,1,321,6
18043,2011-11-15 12:48:00,25,3,529.29,False,False,False,False,4,4,3,443,11
18044,2011-12-05 14:26:00,5,10,2088.6,False,False,False,False,5,5,5,555,15
18045,2011-10-25 13:07:00,46,1,178.34,False,False,False,False,3,2,1,321,6
18048,2011-05-20 14:58:00,204,2,172.29000000000002,False,False,False,False,1,3,1,131,5
18050,2010-12-15 14:25:00,360,1,74.4,True,False,False,True,1,2,1,121,4
18053,2011-09-30 09:05:00,71,1,300.02,False,False,False,False,3,2,2,322,7
18055,2011-12-02 14:25:00,8,10,6761.34,False,False,True,True,5,5,5,555,15
18056,2011-02-24 14:27:00,289,1,363.65,False,False,False,False,1,2,2,122,5
18058,2011-11-30 08:38:00,10,1,170.16,False,False,False,False,5,2,1,521,8
18059,2011-11-16 16:49:00,24,3,306.46,False,False,False,False,4,4,2,442,10
18061,2011-11-18 11:20:00,22,10,2119.41,False,False,False,False,4,5,5,455,14
18062,2011-06-19 14:47:00,174,3,720.52,False,False,False,False,2,4,3,243,9
18064,2011-07-29 16:39:00,134,2,814.0,False,False,False,False,2,3,3,233,8
18065,2011-12-04 10:30:00,6,14,2392.83,False,True,False,True,5,5,5,555,15
18066,2011-09-25 15:30:00,76,1,318.0,False,False,False,False,2,2,2,222,6
18067,2011-10-30 15:58:00,41,1,396.33,False,False,False,False,3,2,2,322,7
18068,2011-02-23 14:50:00,290,1,101.7,False,False,False,False,1,2,1,121,4
18069,2011-11-13 16:03:00,27,5,2009.24,False,False,False,False,4,4,4,444,12
18071,2011-03-27 11:59:00,258,2,453.0,False,False,False,False,1,3,2,132,6
18072,2011-06-07 10:44:00,186,1,247.44,False,False,False,False,1,2,1,121,4
18073,2011-08-17 14:02:00,115,12,3859.82,False,True,True,True,2,5,5,255,12
18074,2010-12-01 09:53:00,374,1,489.6,True,False,False,True,1,2,3,123,6
18075,2011-11-16 15:21:00,24,10,2611.75,False,False,False,False,4,5,5,455,14
18077,2011-12-01 13:32:00,9,11,2584.41,False,False,False,False,5,5,5,555,15
18078,2011-05-06 14:32:00,218,2,336.13,False,False,False,False,1,3,2,132,6
18079,2011-10-25 15:27:00,46,4,3613.15,False,False,False,False,3,4,5,345,12
18080,2011-11-21 08:02:00,19,2,1231.5,False,False,False,False,4,3,4,434,11
18081,2011-11-03 16:30:00,37,3,343.45,False,False,False,False,3,4,2,342,9
18082,2011-11-14 12:45:00,26,1,680.84,False,False,False,False,4,2,3,423,9
18084,2011-11-23 13:57:00,17,1,90.48,False,False,False,False,4,2,1,421,7
18085,2011-01-13 15:17:00,331,2,689.95,True,False,False,True,1,3,3,133,7
18086,2011-03-10 13:34:00,275,1,101.34,False,False,False,False,1,2,1,121,4
18087,2011-09-02 15:12:00,99,2,4055.7200000000003,False,False,True,True,2,3,5,235,10
18088,2011-10-09 13:41:00,62,1,166.03,False,False,False,False,3,2,1,321,6
18092,2011-12-07 13:14:00,3,11,9068.26,False,False,True,True,5,5,5,555,15
18093,2011-09-07 15:43:00,94,4,2106.52,False,False,False,False,2,4,5,245,11
18094,2011-09-19 09:28:00,82,7,3017.3,False,False,False,False,2,5,5,255,12
18095,2011-01-31 12:50:00,313,2,580.05,False,False,False,False,1,3,3,133,7
18096,2011-11-28 12:44:00,12,3,849.06,False,False,False,False,5,4,3,543,12
18097,2011-12-02 11:16:00,8,6,2662.4,False,False,False,False,5,5,5,555,15
18099,2011-08-04 15:52:00,128,1,168.31,False,False,False,False,2,2,1,221,5
18101,2011-11-28 13:37:00,12,2,222.4,False,False,False,False,5,3,1,531,9
18102,2011-12-09 11:50:00,1,60,259657.3,False,True,True,True,5,5,5,555,15
18104,2011-11-02 14:07:00,38,1,754.64,False,False,False,False,3,2,3,323,8
18105,2011-11-02 12:04:00,38,1,113.48000000000002,False,False,False,False,3,2,1,321,6
18106,2011-01-14 12:23:00,330,1,421.9,True,False,False,True,1,2,2,122,5
18108,2011-03-30 13:56:00,255,1,271.0,False,False,False,False,1,2,2,122,5
18109,2011-12-08 11:36:00,2,26,8004.92,False,True,True,True,5,5,5,555,15
18110,2011-11-20 12:34:00,20,1,198.8,False,False,False,False,4,2,1,421,7
18112,2011-11-27 14:43:00,13,2,352.69,False,False,False,False,5,3,2,532,10
18113,2010-12-06 12:31:00,369,1,76.32000000000001,True,False,False,True,1,2,1,121,4
18114,2011-02-22 13:20:00,291,1,220.1,False,False,False,False,1,2,1,121,4
18116,2011-10-03 11:00:00,68,8,1403.1100000000001,False,False,False,False,3,5,4,354,12
18117,2011-11-14 12:47:00,26,1,315.65,False,False,False,False,4,2,2,422,8
18118,2011-11-29 11:32:00,11,26,5625.08,False,True,True,True,5,5,5,555,15
18119,2010-12-07 11:59:00,368,1,180.7,True,False,False,True,1,2,1,121,4
18120,2011-05-09 13:45:00,215,1,111.15,False,False,False,False,1,2,1,121,4
18121,2011-07-13 12:53:00,150,2,653.3000000000001,False,False,False,False,2,3,3,233,8
18122,2011-12-01 13:08:00,9,6,1793.06,False,False,False,False,5,5,4,554,14
18123,2011-11-15 14:23:00,25,2,574.4399999999999,False,False,False,False,4,3,3,433,10
18125,2011-11-10 12:29:00,30,4,1131.75,False,False,False,False,4,4,4,444,12
18126,2011-10-10 12:19:00,61,1,200.92,False,False,False,False,3,2,1,321,6
18127,2011-11-20 14:05:00,20,3,347.08,False,False,False,False,4,4,2,442,10
18129,2011-04-10 14:16:00,244,1,112.55000000000001,False,False,False,False,1,2,1,121,4
18130,2011-11-24 14:40:00,16,3,1059.39,False,False,False,False,4,4,4,444,12
18133,2011-05-11 14:14:00,213,1,931.5,False,False,False,False,1,2,3,123,6
18135,2011-11-10 19:32:00,30,5,681.91,False,False,False,False,4,4,3,443,11
18136,2011-10-07 15:40:00,64,3,784.33,False,False,False,False,3,4,3,343,10
18138,2011-02-17 14:51:00,296,1,152.65,False,False,False,False,1,2,1,121,4
18139,2011-11-22 10:44:00,18,6,8438.34,False,False,True,True,4,5,5,455,14
18142,2011-07-05 13:19:00,158,2,1019.52,False,False,False,False,2,3,4,234,9
18143,2011-08-15 12:07:00,117,2,1000.16,False,False,False,False,2,3,4,234,9
18144,2011-12-02 12:46:00,8,12,2888.75,False,True,False,True,5,5,5,555,15
18145,2011-11-27 11:22:00,13,4,2861.55,False,False,False,False,5,4,5,545,14
18146,2011-07-22 12:08:00,141,2,160.35,False,False,False,False,2,3,1,231,6
18147,2011-10-25 11:46:00,46,2,179.34,False,False,False,False,3,3,1,331,7
18149,2011-10-20 12:04:00,51,3,612.0799999999999,False,False,False,False,3,4,3,343,10
18150,2011-11-07 16:49:00,33,3,566.58,False,False,False,False,3,4,3,343,10
18151,2011-07-28 11:35:00,135,2,653.35,False,False,False,False,2,3,3,233,8
18154,2011-12-06 16:41:00,4,2,399.19,False,False,False,False,5,3,2,532,10
18155,2011-09-25 13:32:00,76,3,371.62,False,False,False,False,2,4,2,242,8
18156,2011-11-27 12:24:00,13,2,675.64,False,False,False,False,4,3,3,433,10
18158,2011-11-30 16:19:00,10,2,453.4,False,False,False,False,5,3,2,532,10
18159,2011-02-11 14:26:00,302,1,530.15,False,False,False,False,1,2,3,123,6
18160,2011-10-13 15:50:00,58,2,638.0600000000001,False,False,False,False,3,3,3,333,9
18161,2011-11-24 16:40:00,16,5,1618.69,False,False,False,False,4,4,4,444,12
18164,2011-11-02 12:56:00,38,1,399.65,False,False,False,False,3,2,2,322,7
18165,2011-06-15 13:23:00,178,1,302.46,False,False,False,False,2,2,2,222,6
18167,2011-11-16 15:56:00,24,3,1384.8600000000001,False,False,False,False,4,4,4,444,12
18168,2011-06-16 19:21:00,177,6,1160.04,False,False,False,False,2,5,4,254,11
18169,2011-10-10 12:18:00,61,1,202.65,False,False,False,False,3,2,1,321,6
18170,2011-11-06 14:35:00,34,3,980.3100000000001,False,False,False,False,3,4,4,344,11
18171,2011-10-12 09:13:00,59,5,1231.31,False,False,False,False,3,4,4,344,11
18172,2011-11-25 11:12:00,15,20,7561.68,False,True,True,True,4,5,5,455,14
18173,2011-09-14 11:26:00,87,4,2106.84,False,False,False,False,2,4,5,245,11
18174,2011-12-02 16:56:00,8,1,104.0,False,False,False,False,5,2,1,521,8
18176,2010-12-16 15:45:00,359,1,476.35,True,False,False,True,1,2,2,122,5
18177,2011-11-08 14:44:00,32,6,1340.8700000000001,False,False,False,False,4,5,4,454,13
18178,2011-08-03 09:30:00,129,4,1590.81,False,False,False,False,2,4,4,244,10
18179,2011-11-30 16:23:00,10,6,1793.17,False,False,False,False,5,5,4,554,14
18180,2011-12-05 08:39:00,5,6,1843.75,False,False,False,False,5,5,4,554,14
18181,2011-11-15 15:08:00,25,1,366.85,False,False,False,False,4,2,2,422,8
18183,2011-04-26 15:26:00,228,2,632.07,False,False,False,False,1,3,3,133,7
18184,2011-11-24 15:28:00,16,1,49.8,False,False,False,False,4,2,1,421,7
18185,2011-04-04 13:42:00,250,1,304.25,False,False,False,False,1,2,2,122,5
18188,2011-11-24 16:46:00,16,3,2001.04,False,False,False,False,4,4,4,444,12
18189,2011-09-23 12:40:00,78,2,1090.24,False,False,False,False,2,3,4,234,9
18190,2011-05-31 14:48:00,193,2,284.46000000000004,False,False,False,False,1,3,2,132,6
18191,2011-03-23 12:08:00,262,1,207.8,False,False,False,False,1,2,1,121,4
18192,2011-09-29 09:53:00,72,1,957.97,False,False,False,False,2,2,4,224,8
18193,2011-06-27 13:58:00,166,1,243.76,False,False,False,False,2,2,1,221,5
18194,2011-09-18 13:29:00,83,1,973.84,False,False,False,False,2,2,4,224,8
18196,2011-09-05 16:22:00,96,2,686.63,False,False,False,False,2,3,3,233,8
18198,2011-12-05 14:49:00,5,17,5425.56,False,True,True,True,5,5,5,555,15
18200,2011-08-25 18:45:00,107,1,150.35,False,False,False,False,2,2,1,221,5
18202,2011-05-24 12:12:00,200,3,1396.99,False,False,False,False,1,4,4,144,9
18203,2011-07-05 13:07:00,158,1,160.42000000000002,False,False,False,False,2,2,1,221,5
18204,2011-09-29 16:44:00,72,3,1975.3500000000001,False,False,False,False,2,4,4,244,10
18205,2011-11-03 13:22:00,37,2,517.36,False,False,False,False,3,3,3,333,9
18209,2011-11-11 12:07:00,29,1,139.10000000000002,False,False,False,False,4,2,1,421,7
18210,2011-12-08 11:02:00,2,6,2621.38,False,False,False,False,5,5,5,555,15
18211,2011-11-14 08:10:00,26,5,600.07,False,False,False,False,4,4,3,443,11
18212,2011-01-17 16:14:00,327,1,216.07,False,False,False,False,1,2,1,121,4
18213,2011-04-17 10:21:00,237,1,232.48000000000002,False,False,False,False,1,2,1,121,4
18215,2011-09-11 16:05:00,90,1,299.34000000000003,False,False,False,False,2,2,2,222,6
18216,2011-11-08 16:55:00,32,1,481.75,False,False,False,False,4,2,2,422,8
18217,2011-11-10 13:18:00,30,2,621.75,False,False,False,False,4,3,3,433,10
18218,2011-05-12 12:53:00,212,2,641.92,False,False,False,False,1,3,3,133,7
18219,2011-12-07 11:43:00,3,10,2069.77,False,False,False,False,5,5,5,555,15
18220,2011-04-27 09:03:00,227,1,305.28,False,False,False,False,1,2,2,122,5
18221,2011-11-17 14:40:00,23,5,1041.61,False,False,False,False,4,4,4,444,12
18222,2011-09-08 10:45:00,93,1,443.0,False,False,False,False,2,2,2,222,6
18223,2011-12-05 09:11:00,5,14,6484.54,False,True,True,True,5,5,5,555,15
18224,2011-03-21 10:30:00,264,1,158.95000000000002,False,False,False,False,1,2,1,121,4
18225,2011-12-06 13:27:00,4,12,5504.96,False,True,True,True,5,5,5,555,15
18226,2011-10-26 13:36:00,45,11,5228.05,False,False,True,True,3,5,5,355,13
18227,2011-05-06 12:23:00,218,1,93.75,False,False,False,False,1,2,1,121,4
18228,2011-10-14 09:21:00,57,2,779.9,False,False,False,False,3,3,3,333,9
18229,2011-11-28 09:48:00,12,20,7276.9,False,True,True,True,5,5,5,555,15
18230,2011-11-30 13:22:00,10,7,2810.2000000000003,False,False,False,False,5,5,5,555,15
18231,2011-05-31 14:18:00,193,5,2071.77,False,False,False,False,1,4,5,145,10
18232,2011-09-19 11:49:00,82,4,592.97,False,False,False,False,2,4,3,243,9
18233,2011-01-18 08:44:00,326,1,440.0,False,False,False,False,1,2,2,122,5
18235,2011-09-29 08:27:00,72,3,1796.48,False,False,False,False,2,4,4,244,10
18236,2011-11-10 08:06:00,30,6,882.24,False,False,False,False,4,5,3,453,12
18237,2011-12-07 12:49:00,3,5,987.1,False,False,False,False,5,4,4,544,13
18239,2011-05-05 12:38:00,219,5,1561.6100000000001,False,False,False,False,1,4,4,144,9
18240,2011-10-24 13:06:00,47,1,422.58,False,False,False,False,3,2,2,322,7
18241,2011-11-30 12:10:00,10,17,2073.09,False,True,False,True,5,5,5,555,15
18242,2011-09-28 13:43:00,73,4,2232.4900000000002,False,False,False,False,2,4,5,245,11
18245,2011-12-02 14:48:00,8,7,2567.06,False,False,False,False,5,5,5,555,15
18246,2011-11-16 11:49:00,24,2,596.1,False,False,False,False,4,3,3,433,10
18248,2011-08-09 10:19:00,123,2,804.02,False,False,False,False,2,3,3,233,8
18249,2011-11-22 15:07:00,18,1,95.34,False,False,False,False,4,2,1,421,7
18250,2011-02-02 13:16:00,311,1,349.27,False,False,False,False,1,2,2,122,5
18251,2011-09-13 15:03:00,88,1,4314.72,False,False,True,True,2,2,5,225,9
18252,2011-10-20 12:43:00,51,2,518.27,False,False,False,False,3,3,3,333,9
18255,2011-09-11 13:16:00,90,1,103.30000000000001,False,False,False,False,2,2,1,221,5
18257,2011-10-31 14:48:00,40,8,2337.63,False,False,False,False,3,5,5,355,13
18259,2011-11-15 12:34:00,25,3,2338.6,False,False,False,False,4,4,5,445,13
18260,2011-06-20 12:37:00,173,6,2628.35,False,False,False,False,2,5,5,255,12
18261,2011-10-27 15:36:00,44,2,324.24,False,False,False,False,3,3,2,332,8
18262,2011-07-22 16:04:00,141,1,149.48,False,False,False,False,2,2,1,221,5
18263,2011-11-14 09:00:00,26,3,1213.16,False,False,False,False,4,4,4,444,12
18265,2011-09-28 14:10:00,73,2,801.51,False,False,False,False,2,3,3,233,8
18268,2011-07-28 19:13:00,135,1,25.5,False,False,False,False,2,2,1,221,5
18269,2010-12-08 13:53:00,367,1,168.60000000000002,True,False,False,True,1,2,1,121,4
18270,2011-11-01 13:57:00,39,2,283.15000000000003,False,False,False,False,3,3,2,332,8
18272,2011-12-07 12:43:00,3,6,3078.58,False,False,False,False,5,5,5,555,15
18273,2011-12-07 13:16:00,3,3,204.0,False,False,False,False,5,4,1,541,10
18274,2011-11-09 17:03:00,31,1,175.92,False,False,False,False,4,2,1,421,7
18276,2011-10-27 10:54:00,44,1,335.86,False,False,False,False,3,2,2,322,7
18277,2011-10-12 15:22:00,59,1,110.38,False,False,False,False,3,2,1,321,6
18278,2011-09-27 11:58:00,74,1,173.9,False,False,False,False,2,2,1,221,5
18280,2011-03-07 09:52:00,278,1,180.60000000000002,False,False,False,False,1,2,1,121,4
18281,2011-06-12 10:53:00,181,1,80.82,False,False,False,False,1,2,1,121,4
18282,2011-12-02 11:43:00,8,2,178.05,False,False,False,False,5,3,1,531,9
18283,2011-12-06 12:02:00,4,16,2045.53,False,True,False,True,5,5,4,554,14
18287,2011-10-28 09:29:00,43,3,1837.28,False,False,False,False,3,4,4,344,11
