CustomerID,LastPurchaseDate,Recency,Frequency,Monetary
12346,2011-01-18 10:01:00,326,1,77183.6
12347,2011-12-07 15:52:00,3,7,4310.0
12348,2011-09-25 13:13:00,76,4,1797.24
12349,2011-11-21 09:51:00,19,1,1757.55
12350,2011-02-02 16:01:00,311,1,334.40000000000003
12352,2011-11-03 14:37:00,37,8,2506.04
12353,2011-05-19 17:47:00,205,1,89.0
12354,2011-04-21 13:11:00,233,1,1079.4
12355,2011-05-09 13:49:00,215,1,459.40000000000003
12356,2011-11-17 08:40:00,23,3,2811.43
12357,2011-11-06 16:07:00,34,1,6207.67
12358,2011-12-08 10:26:00,2,2,1168.06
12359,2011-10-13 12:47:00,58,4,6310.03
12360,2011-10-18 15:22:00,53,3,2662.06
12361,2011-02-25 13:51:00,288,1,189.9
12362,2011-12-06 15:40:00,4,10,5226.2300000000005
12363,2011-08-22 10:18:00,110,2,552.0
12364,2011-12-02 10:22:00,8,4,1313.1
12365,2011-02-21 14:04:00,292,2,641.38
12367,2011-12-05 16:48:00,5,1,168.9
12370,2011-10-19 14:51:00,52,4,3541.94
12371,2011-10-26 10:16:00,45,2,1887.96
12372,2011-09-29 12:12:00,72,3,1298.04
12373,2011-02-01 13:10:00,312,1,364.6
12374,2011-11-14 15:37:00,26,1,742.9300000000001
12375,2011-11-29 10:36:00,11,2,457.5
12377,2011-01-28 15:45:00,316,2,1628.1200000000001
12378,2011-08-02 10:34:00,130,1,4008.62
12379,2011-09-19 10:09:00,82,2,852.24
12380,2011-11-18 11:27:00,22,4,2724.81
12381,2011-12-05 12:44:00,5,5,1845.31
12383,2011-06-08 08:02:00,185,5,1850.56
12384,2011-11-11 08:39:00,29,2,585.27
12386,2011-01-06 12:37:00,338,2,401.9
12388,2011-11-24 12:30:00,16,6,2780.6600000000003
12390,2011-09-21 09:33:00,80,1,549.84
12391,2011-11-18 12:07:00,22,1,439.66
12393,2011-09-28 15:41:00,73,4,1582.6000000000001
12394,2011-10-07 08:08:00,64,2,1272.48
12395,2011-11-20 15:21:00,20,12,3018.63
12397,2011-11-04 09:52:00,36,2,2409.9
12398,2011-10-25 10:27:00,46,1,1635.6599999999999
12399,2011-08-12 13:15:00,120,4,1108.65
12401,2011-02-09 13:50:00,304,1,84.3
12402,2011-01-20 13:49:00,324,1,225.60000000000002
12403,2011-10-21 10:51:00,50,1,427.7
12405,2011-07-14 08:52:00,149,1,1710.39
12406,2011-11-17 19:22:00,23,2,3415.3
12407,2011-10-21 10:11:00,50,5,1708.12
12408,2011-11-07 12:27:00,33,5,2888.55
12409,2011-09-22 10:38:00,79,3,11072.67
12410,2011-02-04 10:39:00,309,2,693.33
12412,2011-09-26 10:16:00,75,3,1226.88
12413,2011-10-04 09:00:00,67,3,758.1
12414,2011-05-06 14:51:00,218,3,562.4100000000001
12415,2011-11-15 14:22:00,25,21,124914.53
12417,2011-12-06 14:52:00,4,9,3649.1
12418,2011-08-19 11:08:00,113,1,668.58
12420,2011-10-07 08:55:00,64,1,600.39
12421,2011-11-24 09:07:00,16,4,807.04
12422,2011-09-05 09:48:00,96,3,803.5600000000001
12423,2011-12-09 10:10:00,1,8,1859.31
12424,2011-06-30 12:06:00,163,2,1760.96
12425,2011-09-22 17:31:00,79,1,777.2
12426,2011-05-29 12:26:00,195,1,582.73
12427,2011-11-18 08:56:00,22,3,825.8000000000001
12428,2011-11-14 08:22:00,26,9,7956.46
12429,2011-11-30 17:22:00,10,4,3750.4
12430,2011-10-27 15:09:00,44,1,256.4
12431,2011-11-04 11:55:00,36,15,6419.95
12432,2011-10-28 11:43:00,43,5,5059.32
12433,2011-12-09 10:02:00,1,7,13375.87
12434,2011-09-16 12:38:00,85,2,806.14
12435,2011-09-21 09:06:00,80,2,7829.89
12436,2011-09-01 12:09:00,100,1,509.01
12437,2011-12-08 11:35:00,2,18,4951.41
12438,2011-11-25 13:28:00,15,2,2906.85
12441,2010-12-08 10:45:00,367,1,173.55
12442,2011-12-06 14:22:00,4,1,172.06
12444,2011-11-18 13:23:00,22,5,5005.46
12445,2011-11-17 18:43:00,23,1,133.4
12446,2011-10-13 12:50:00,58,1,1002.3100000000001
12447,2011-04-10 13:25:00,244,1,476.49
12448,2011-10-26 13:46:00,45,1,449.45
12449,2011-11-17 13:46:00,23,4,4067.29
12450,2011-07-06 14:41:00,157,2,197.88
12451,2011-11-29 08:40:00,11,5,9035.52
12452,2011-11-23 10:28:00,17,2,430.57000000000005
12453,2011-07-28 14:08:00,135,1,707.09
12454,2011-10-14 17:13:00,57,1,3528.34
12455,2011-09-27 15:31:00,74,6,2466.86
12456,2011-10-26 14:41:00,45,3,3181.04
12457,2011-10-04 13:13:00,67,7,2363.23
12458,2011-09-29 15:25:00,72,2,947.4
12461,2011-09-06 16:57:00,95,2,826.88
12462,2011-11-21 09:11:00,19,2,1189.59
12463,2011-10-17 13:44:00,54,4,1344.78
12464,2011-11-29 13:33:00,11,8,1212.05
12465,2011-11-22 16:34:00,18,2,742.19
12468,2011-06-05 11:36:00,188,2,729.54
12471,2011-12-07 15:43:00,3,30,19788.65
12472,2011-11-07 14:01:00,33,7,6572.11
12473,2011-11-10 13:46:00,30,5,3928.05
12474,2011-11-22 14:39:00,18,18,7324.09
12475,2011-10-17 10:10:00,54,1,723.38
12476,2011-11-24 12:40:00,16,11,6816.42
12477,2011-11-17 09:51:00,23,6,13219.74
12478,2011-12-06 09:56:00,4,1,680.99
12479,2011-11-28 13:26:00,12,1,527.2
12480,2011-11-11 14:52:00,29,4,3281.63
12481,2011-11-17 08:29:00,23,10,5579.82
12483,2011-11-22 17:02:00,18,8,2484.98
12484,2011-11-07 11:37:00,33,6,4527.32
12488,2011-11-30 08:50:00,10,3,1298.66
12489,2011-01-07 13:13:00,337,1,334.93
12490,2011-12-04 16:07:00,6,10,5417.93
12491,2011-11-01 12:18:00,39,1,460.40000000000003
12492,2011-10-07 15:15:00,64,2,263.21000000000004
12493,2011-06-27 10:17:00,166,2,433.74
12494,2011-11-24 09:34:00,16,7,1246.1
12497,2011-09-19 12:29:00,82,1,1043.1
12498,2011-11-18 12:53:00,22,3,403.70000000000005
12500,2011-11-16 16:20:00,24,11,4257.82
12501,2011-01-07 12:28:00,337,1,2169.39
12502,2011-09-05 11:52:00,96,5,3723.87
12504,2011-11-21 16:02:00,19,2,482.04999999999995
12506,2011-04-21 08:54:00,233,1,73.5
12507,2011-07-28 17:09:00,135,3,1304.81
12508,2011-11-13 15:37:00,27,2,397.88
12509,2011-02-28 14:45:00,285,1,176.5
12510,2011-07-20 10:15:00,143,2,982.5699999999999
12512,2011-10-04 14:55:00,67,2,132.18
12513,2011-08-19 10:51:00,113,1,612.29
12514,2011-03-17 16:38:00,268,1,1017.6800000000001
12515,2010-12-21 15:43:00,354,1,383.7
12516,2011-09-23 09:13:00,78,2,1312.06
12517,2011-11-11 14:04:00,29,5,2481.6
12518,2011-12-09 10:13:00,1,5,2056.89
12519,2011-10-07 09:26:00,64,1,330.84000000000003
12520,2011-09-21 15:23:00,80,5,2634.26
12521,2011-07-20 10:51:00,143,1,599.68
12522,2011-10-31 15:30:00,40,2,192.72
12523,2011-11-20 12:55:00,20,11,1789.77
12524,2011-11-30 15:31:00,10,8,4485.72
12526,2011-12-09 12:09:00,1,3,1316.66
12527,2011-09-19 11:55:00,82,3,348.71000000000004
12528,2011-11-30 14:40:00,10,6,1933.48
12530,2011-10-11 12:34:00,60,4,1662.28
12531,2011-11-25 11:12:00,15,1,125.22
12532,2011-11-09 13:47:00,31,1,349.83000000000004
12534,2011-08-01 10:26:00,131,1,1089.18
12535,2011-09-09 08:48:00,92,2,716.35
12536,2011-10-27 14:20:00,44,3,12601.830000000002
12538,2011-11-10 17:16:00,30,1,363.95
12539,2011-11-17 13:30:00,23,4,5568.35
12540,2011-11-20 11:31:00,20,17,13400.24
12541,2011-11-10 10:40:00,30,3,981.18
12544,2011-11-03 16:15:00,37,1,372.7
12545,2011-09-25 13:39:00,76,2,1000.39
12546,2011-10-24 12:09:00,47,2,1161.5
12547,2011-05-26 12:38:00,198,2,207.8
12548,2011-06-26 15:35:00,167,1,95.19999999999999
12550,2011-09-21 14:35:00,80,1,964.83
12551,2010-12-17 11:23:00,358,1,168.0
12552,2011-11-01 10:02:00,39,2,437.82
12553,2011-12-01 16:38:00,9,10,3692.28
12556,2011-10-20 13:06:00,51,2,599.56
12557,2011-11-23 16:59:00,17,5,11990.960000000001
12558,2011-12-02 10:41:00,8,1,269.96
12559,2011-02-02 09:49:00,311,2,561.71
12560,2011-12-04 13:54:00,6,3,2134.01
12561,2011-02-10 11:39:00,303,1,238.85
12562,2011-12-01 17:20:00,9,7,3781.7400000000002
12564,2011-03-23 14:55:00,262,1,456.90000000000003
12565,2011-02-24 10:34:00,289,1,145.92000000000002
12566,2011-09-14 14:30:00,87,1,351.65
12567,2011-11-17 11:02:00,23,10,9401.28
12569,2011-12-07 16:24:00,3,32,4124.6900000000005
12571,2011-10-31 10:19:00,40,2,519.61
12572,2011-12-01 09:20:00,9,2,1020.4200000000001
12573,2011-04-26 15:52:00,228,1,160.54000000000002
12574,2011-01-28 09:20:00,316,1,218.45000000000002
12576,2011-11-04 10:11:00,36,5,1315.83
12577,2011-11-04 13:24:00,36,3,626.6
12578,2011-11-18 13:30:00,22,2,2794.51
12579,2011-09-22 17:15:00,79,1,440.42
12580,2011-04-07 10:24:00,247,1,415.7
12581,2011-10-31 08:56:00,40,1,197.71
12582,2011-04-15 08:45:00,239,2,511.36
12583,2011-12-07 08:07:00,3,15,7281.38
12584,2011-12-06 09:35:00,4,9,2338.15
12585,2011-04-19 13:39:00,235,2,2040.1
12586,2011-11-22 16:24:00,18,1,196.94000000000003
12587,2011-12-02 12:47:00,8,1,144.0
12588,2011-10-31 15:01:00,40,1,214.89999999999998
12589,2011-11-11 10:19:00,29,2,646.68
12590,2011-05-12 14:52:00,212,2,9864.26
12591,2011-01-26 14:35:00,318,1,452.84999999999997
12592,2011-09-08 15:04:00,93,2,437.6
12593,2011-08-23 12:43:00,109,3,418.1
12594,2011-11-02 12:20:00,38,10,3338.2200000000003
12596,2011-10-19 13:02:00,52,2,618.27
12597,2011-11-20 13:33:00,20,4,3811.22
12598,2011-11-30 12:18:00,10,8,3023.08
12599,2011-11-10 13:34:00,30,7,1032.58
12600,2011-11-11 10:29:00,29,10,2599.04
12601,2011-06-03 10:17:00,190,5,577.0600000000001
12602,2011-10-12 11:22:00,59,1,153.12
12603,2011-11-18 10:42:00,22,1,739.1999999999999
12604,2011-09-21 14:08:00,80,2,254.18
12607,2011-10-10 16:06:00,61,1,1579.51
12609,2011-09-22 16:34:00,79,3,1126.85
12610,2011-11-17 09:34:00,23,5,2099.54
12611,2011-10-18 13:12:00,53,1,1193.32
12612,2011-09-26 15:35:00,75,1,704.04
12613,2011-10-13 14:59:00,58,5,3344.38
12614,2011-03-07 10:22:00,278,1,315.6
12615,2011-12-07 15:02:00,3,4,2291.19
12616,2011-09-05 15:17:00,96,2,713.3
12617,2011-11-10 14:39:00,30,1,352.98
12618,2011-11-18 11:10:00,22,1,177.31
12619,2011-11-23 14:52:00,17,9,3641.24
12620,2011-11-25 10:20:00,15,3,1339.41
12621,2011-12-08 11:25:00,2,20,13689.67
12622,2011-04-21 16:39:00,233,1,180.1
12623,2011-03-08 13:50:00,277,1,305.1
12624,2011-08-25 15:04:00,107,2,641.13
12625,2011-05-12 09:54:00,212,2,2683.82
12626,2011-11-16 16:06:00,24,9,6620.4800000000005
12627,2011-11-29 12:07:00,11,7,4478.53
12628,2011-12-05 13:15:00,5,3,786.46
12630,2011-11-30 10:48:00,10,2,1270.88
12631,2011-10-13 13:53:00,58,1,640.5
12633,2011-10-12 11:40:00,59,4,2163.98
12635,2011-09-11 11:04:00,90,2,1689.18
12637,2011-10-03 13:46:00,68,8,6002.9
12638,2011-11-06 13:11:00,34,1,671.69
12639,2011-04-15 12:48:00,239,1,486.1
12640,2011-11-16 11:52:00,24,3,1174.58
12641,2011-08-16 13:26:00,116,1,185.9
12642,2011-11-14 15:03:00,26,3,1013.26
12643,2011-08-03 12:56:00,129,6,3344.64
12644,2011-08-02 10:33:00,130,1,477.90999999999997
12645,2011-11-06 12:38:00,34,4,1775.18
12646,2011-12-05 10:14:00,5,2,1346.97
12647,2011-11-17 12:56:00,23,12,3722.82
12648,2011-07-08 11:55:00,155,1,318.05
12649,2011-08-24 14:41:00,108,3,623.51
12650,2011-12-06 16:34:00,4,1,314.44
12651,2011-01-09 12:46:00,335,1,114.0
12652,2011-01-12 15:00:00,332,1,919.98
12653,2011-07-14 10:41:00,149,2,2209.85
12654,2011-11-29 10:10:00,11,5,601.98
12656,2011-11-22 13:42:00,18,5,4051.17
12657,2011-11-28 15:47:00,12,4,1643.18
12658,2011-11-21 10:22:00,19,1,686.05
12659,2011-11-10 11:53:00,30,1,91.68
12660,2011-11-28 13:26:00,12,1,245.10000000000002
12662,2011-12-09 11:59:00,1,11,3849.78
12664,2011-12-01 17:07:00,9,9,4881.88
12665,2011-01-19 08:34:00,325,1,63.0
12667,2011-10-12 17:00:00,59,1,620.13
12668,2011-11-28 10:56:00,12,4,3807.15
12669,2011-07-12 09:54:00,151,3,2744.0299999999997
12670,2011-11-29 15:23:00,11,5,2996.05
12672,2011-01-14 09:20:00,330,1,225.9
12673,2011-12-04 13:55:00,6,2,610.52
12674,2011-11-01 12:12:00,39,4,1970.6
12676,2011-11-15 12:25:00,25,6,1331.39
12678,2011-10-28 13:04:00,43,12,17628.46
12679,2011-10-12 12:30:00,59,4,1113.02
12680,2011-12-09 12:50:00,1,4,862.81
12681,2011-11-25 11:33:00,15,22,13787.54
12682,2011-12-06 10:00:00,4,31,12279.82
12683,2011-12-05 16:31:00,5,15,8476.57
12684,2011-12-02 09:53:00,8,7,2283.63
12685,2011-11-11 13:46:00,29,6,2863.08
12686,2010-12-03 09:51:00,372,1,89.14
12688,2011-08-18 08:49:00,114,1,4873.81
12689,2011-11-14 08:31:00,26,2,1247.6100000000001
12690,2011-05-18 09:09:00,206,1,389.01
12691,2011-11-11 16:49:00,29,6,1035.8
12693,2011-08-04 17:51:00,128,4,855.91
12694,2011-09-30 13:06:00,71,2,869.67
12695,2011-12-02 13:22:00,8,4,582.1
12697,2011-11-11 08:47:00,29,3,957.59
12700,2011-12-02 10:47:00,8,4,4939.99
12701,2011-09-21 10:47:00,80,2,797.71
12702,2011-11-20 10:36:00,20,1,219.0
12703,2011-09-29 17:52:00,72,1,283.55
12704,2011-12-02 13:15:00,8,8,2340.84
12705,2011-11-24 13:17:00,16,9,6868.29
12707,2011-02-21 08:38:00,292,1,603.42
12708,2011-11-10 09:52:00,30,10,2712.91
12709,2011-11-24 15:38:00,16,15,9706.52
12710,2011-09-04 12:00:00,97,3,1149.02
12712,2011-11-11 08:19:00,29,13,4396.13
12713,2011-12-09 12:16:00,1,1,848.55
12714,2011-11-30 15:43:00,10,5,4708.86
12715,2011-08-25 15:22:00,107,1,343.36
12716,2011-12-06 08:55:00,4,2,1053.49
12717,2011-07-11 14:47:00,152,2,1030.98
12718,2011-09-29 16:38:00,72,1,238.25
12719,2011-12-04 13:45:00,6,2,644.95
12720,2011-12-07 08:03:00,3,25,5781.7300000000005
12721,2011-11-08 12:13:00,32,6,2656.13
12722,2011-09-15 14:50:00,86,4,997.63
12723,2011-12-06 10:19:00,4,5,725.07
12724,2011-12-04 16:02:00,6,4,1031.41
12725,2010-12-03 15:45:00,372,1,427.8
12726,2011-11-11 13:35:00,29,7,2609.1
12727,2011-11-29 11:46:00,11,7,3980.7000000000003
12728,2011-09-29 15:31:00,72,4,836.33
12729,2011-08-18 11:40:00,114,1,453.01
12731,2011-11-16 11:59:00,24,12,18895.91
12732,2011-06-13 11:33:00,180,1,236.26000000000002
12733,2011-04-19 16:19:00,235,1,383.95
12734,2010-12-22 12:47:00,353,1,110.39999999999999
12735,2011-01-28 13:37:00,316,2,779.5699999999999
12736,2011-01-11 07:57:00,333,1,234.0
12738,2010-12-02 18:27:00,373,1,155.35
12739,2011-09-22 13:00:00,79,2,1013.04
12740,2011-10-07 10:44:00,64,1,427.6
12743,2011-07-28 16:21:00,135,2,540.13
12744,2011-10-19 11:18:00,52,7,21279.29
12747,2011-12-07 14:34:00,3,11,4196.01
12748,2011-12-09 12:20:00,1,209,33053.19
12749,2011-12-06 09:56:00,4,5,4090.88
12750,2011-08-03 09:13:00,129,1,275.88
12752,2011-09-19 13:32:00,82,1,4366.78
12753,2011-11-17 10:52:00,23,6,21429.39
12754,2011-04-18 09:00:00,236,3,3010.74
12755,2011-03-04 12:42:00,281,2,3811.9500000000003
12756,2011-09-14 09:31:00,87,1,112.08
12757,2011-11-24 12:30:00,16,13,7834.650000000001
12758,2011-08-15 10:22:00,117,2,2791.59
12759,2011-10-18 14:49:00,53,3,1531.44
12762,2011-12-02 10:23:00,8,2,1898.52
12763,2011-07-24 14:12:00,139,2,494.08
12764,2011-01-27 10:19:00,317,1,1693.88
12766,2011-12-06 08:46:00,4,7,6989.63
12769,2011-04-15 10:25:00,239,1,1143.6
12770,2011-05-13 09:33:00,211,1,1351.45
12772,2011-10-11 09:19:00,60,1,892.47
12775,2011-11-22 16:33:00,18,5,1386.04
12778,2011-11-20 11:30:00,20,6,822.23
12779,2011-11-02 11:43:00,38,8,3981.36
12781,2011-10-07 10:37:00,64,2,826.74
12782,2011-12-05 09:16:00,5,5,2330.92
12783,2011-12-07 15:56:00,3,6,2225.91
12784,2011-11-30 15:38:00,10,2,532.82
12785,2010-12-10 13:48:00,365,1,311.95
12787,2011-11-30 08:44:00,10,3,463.66
12789,2011-10-05 13:34:00,66,1,91.85
12790,2011-05-31 14:14:00,193,1,324.92
12791,2010-12-01 11:27:00,374,1,192.60000000000002
12792,2011-03-28 11:36:00,257,1,400.54
12793,2011-01-09 12:12:00,335,2,545.48
12794,2011-10-17 14:54:00,54,2,860.41
12795,2011-11-21 10:27:00,19,1,430.48
12797,2010-12-09 10:55:00,366,1,254.03
12798,2011-11-29 15:52:00,11,3,6977.04
12802,2011-06-06 09:36:00,187,1,427.58
12808,2011-11-03 10:05:00,37,3,483.65000000000003
12809,2011-06-15 10:51:00,178,1,489.31
12811,2011-03-24 09:42:00,261,3,514.85
12812,2011-10-26 09:54:00,45,1,229.64000000000001
12814,2011-08-30 12:11:00,102,1,125.92
12815,2011-07-15 10:21:00,148,2,1063.46
12816,2011-09-05 12:41:00,96,2,572.2
12817,2011-03-03 16:28:00,282,1,166.04000000000002
12818,2011-03-23 12:06:00,262,1,1542.08
12820,2011-12-06 15:12:00,4,4,942.34
12821,2011-05-09 15:51:00,215,1,92.72
12822,2011-09-30 10:04:00,71,2,948.88
12823,2011-09-26 07:35:00,75,5,1759.5
12824,2011-10-11 12:49:00,60,1,397.12
12826,2011-12-07 10:25:00,3,7,1474.72
12827,2011-12-04 12:17:00,6,3,430.15
12828,2011-12-07 08:45:00,3,6,1018.71
12829,2011-01-07 11:13:00,337,2,293.0
12830,2011-11-02 11:54:00,38,6,6814.64
12831,2011-03-22 13:02:00,263,1,215.05
12832,2011-11-07 13:30:00,33,2,383.03000000000003
12833,2011-07-17 13:46:00,146,1,417.38
12834,2011-03-02 09:49:00,283,1,312.38
12836,2011-10-11 15:10:00,60,4,2610.36
12837,2011-06-19 16:07:00,174,1,134.1
12838,2011-11-06 12:20:00,34,2,671.95
12839,2011-12-07 12:33:00,3,14,5591.42
12840,2011-07-19 09:29:00,144,4,2726.77
12841,2011-12-05 11:13:00,5,25,3991.58
12842,2011-09-30 15:33:00,71,2,1118.99
12843,2011-10-05 12:09:00,66,8,1702.26
12844,2011-11-10 13:31:00,30,2,325.96000000000004
12845,2011-03-17 13:34:00,268,4,354.09000000000003
12847,2011-11-17 13:16:00,23,1,843.64
12849,2011-11-08 13:41:00,32,2,1010.29
12851,2011-09-04 12:41:00,97,1,131.81
12852,2011-02-18 08:47:00,295,1,311.55
12853,2011-07-28 11:29:00,135,6,1957.1000000000001
12854,2011-09-22 12:15:00,79,3,1316.25
12855,2010-12-02 09:37:00,373,1,38.1
12856,2011-12-02 10:52:00,8,6,2170.78
12857,2011-05-13 10:20:00,211,2,1106.4
12863,2011-10-18 14:15:00,53,1,521.2
12864,2011-07-24 13:03:00,139,1,147.12
12865,2011-11-13 14:31:00,27,2,1568.23
12866,2011-03-01 14:11:00,284,1,559.12
12867,2011-11-13 15:30:00,27,7,4009.34
12868,2011-06-07 10:42:00,186,6,1607.0600000000002
12871,2011-09-16 15:07:00,85,2,380.64
12872,2011-01-17 10:52:00,327,2,599.97
12873,2011-03-02 14:58:00,283,1,374.0
12875,2011-07-19 15:30:00,144,2,343.2300000000001
12876,2011-10-13 12:26:00,58,2,2218.02
12877,2011-12-06 10:30:00,4,12,1535.77
12878,2011-04-17 13:07:00,237,2,854.99
12879,2011-10-26 12:24:00,45,3,573.22
12881,2011-03-09 11:44:00,276,1,298.0
12882,2011-11-30 16:18:00,10,2,1463.04
12883,2011-11-15 09:32:00,25,4,703.47
12884,2011-09-12 13:10:00,89,1,309.05
12885,2011-10-07 13:40:00,64,3,1175.22
12886,2011-10-03 10:09:00,68,2,1378.4
12888,2011-05-09 16:02:00,215,2,354.12
12890,2011-11-15 17:26:00,25,1,376.71999999999997
12891,2011-06-07 12:31:00,186,3,331.0
12893,2011-11-09 12:34:00,31,1,176.55
12895,2011-10-28 13:51:00,43,2,372.8
12897,2011-05-19 12:13:00,205,2,216.5
12901,2011-12-01 10:07:00,9,28,17654.54
12902,2011-03-20 12:06:00,265,1,138.68
12904,2011-11-21 14:34:00,19,2,496.06
12906,2011-11-28 09:55:00,12,5,2919.81
12908,2011-06-16 15:39:00,177,2,750.0
12909,2011-10-31 12:43:00,40,5,2178.67
12910,2011-11-16 14:28:00,24,8,3075.04
12912,2011-12-07 08:55:00,3,5,1662.3
12913,2011-12-05 12:11:00,5,5,2483.63
12915,2011-07-14 11:34:00,149,2,363.65
12916,2011-07-24 10:35:00,139,4,2944.95
12917,2011-08-03 16:42:00,129,1,594.0
12919,2011-12-01 13:47:00,9,6,1335.19
12920,2011-11-22 15:05:00,18,1,162.78
12921,2011-11-30 16:22:00,10,37,16587.09
12922,2011-07-01 15:35:00,162,1,405.38
12923,2011-10-06 16:20:00,65,1,172.82
12924,2011-09-12 13:55:00,89,4,933.7
12925,2011-12-05 11:11:00,5,2,694.05
12928,2011-11-04 14:24:00,36,5,2062.7
12929,2011-02-01 12:08:00,312,1,117.85
12930,2011-09-22 15:18:00,79,2,415.8
12931,2011-11-18 12:39:00,22,15,42055.96
12933,2011-11-15 16:38:00,25,3,607.53
12935,2011-12-07 17:25:00,3,7,2160.7
12936,2011-11-22 17:32:00,18,4,1063.9
12937,2011-11-24 15:05:00,16,4,1504.27
12938,2011-11-14 11:21:00,26,1,114.14
12939,2011-10-06 14:33:00,65,8,11581.8
12940,2011-10-16 12:09:00,55,2,899.69
12942,2011-07-31 14:39:00,132,3,675.6
12944,2011-11-04 11:04:00,36,2,604.51
12945,2011-02-24 14:15:00,289,1,462.95
12947,2011-07-19 10:06:00,144,6,1603.99
12948,2011-11-23 17:10:00,17,7,2064.95
12949,2011-11-09 11:25:00,31,8,4167.22
12950,2011-12-07 13:17:00,3,3,1843.0
12951,2011-12-01 12:14:00,9,6,1064.07
12952,2011-12-04 10:35:00,6,4,1387.79
12953,2011-11-30 09:24:00,10,1,329.85
12955,2011-12-08 16:29:00,2,11,4757.16
12956,2011-02-06 16:08:00,307,1,108.07
12957,2011-11-30 09:53:00,10,8,4017.54
12962,2011-12-02 15:55:00,8,2,266.39
12963,2011-12-01 12:55:00,9,8,1856.63
12965,2011-09-11 15:31:00,90,1,769.8100000000001
12966,2011-11-30 12:38:00,10,1,160.18
12967,2010-12-16 19:10:00,359,2,1660.9
12968,2011-08-19 15:44:00,113,1,135.95
12970,2011-12-02 14:30:00,8,4,405.47
12971,2011-12-06 12:20:00,4,86,11189.91
12974,2011-05-26 09:33:00,198,1,144.8
12976,2011-05-12 09:55:00,212,1,738.6
12977,2011-07-06 16:40:00,157,1,39.239999999999995
12980,2011-07-05 09:34:00,158,9,7374.900000000001
12981,2011-11-10 12:00:00,30,2,372.21999999999997
12982,2011-04-11 11:51:00,243,1,390.54
12984,2011-11-21 12:37:00,19,1,97.5
12985,2011-12-09 10:46:00,1,2,1239.38
12987,2011-09-27 12:03:00,74,2,558.7
12988,2011-02-20 14:31:00,293,1,505.82
12989,2011-12-06 15:28:00,4,15,6924.11
12990,2011-11-08 13:01:00,32,3,409.5
12991,2011-11-16 15:34:00,24,2,503.76
12993,2011-11-16 15:49:00,24,4,414.76
12994,2011-12-05 15:43:00,5,3,974.42
12995,2011-09-15 15:44:00,86,1,211.32
12997,2011-11-17 15:47:00,23,4,1226.89
12999,2011-05-27 13:24:00,197,3,455.88
13000,2011-08-25 10:43:00,107,3,534.85
13001,2011-12-05 14:51:00,5,13,9785.970000000001
13002,2011-01-25 15:18:00,319,1,120.95
13003,2011-08-26 10:50:00,106,3,149.05
13004,2011-11-28 11:27:00,12,18,5655.91
13005,2011-06-19 10:53:00,174,2,513.7
13006,2011-10-14 13:49:00,57,1,81.57
13008,2011-01-20 14:24:00,324,1,229.47
13011,2010-12-02 17:22:00,373,1,50.550000000000004
13012,2011-11-30 13:05:00,10,8,1646.8400000000001
13013,2011-12-08 15:01:00,2,13,4810.9400000000005
13014,2011-11-29 12:27:00,11,10,3466.28
13015,2011-10-17 13:19:00,54,5,3339.64
13016,2011-09-27 14:08:00,74,3,789.89
13017,2011-12-02 15:53:00,8,1,204.0
13018,2011-11-23 13:28:00,17,28,7277.7
13021,2011-12-05 16:37:00,5,9,2616.38
13023,2011-10-06 16:27:00,65,2,689.9
13026,2011-12-08 16:58:00,2,5,975.36
13027,2011-08-18 09:39:00,114,6,6912.0
13028,2011-11-17 11:10:00,23,2,661.3199999999999
13029,2011-11-09 09:13:00,31,3,1247.5
13030,2011-11-28 14:30:00,12,2,752.44
13032,2011-10-18 15:54:00,53,2,1010.1800000000001
13033,2010-12-17 14:23:00,358,1,190.55
13034,2011-10-16 12:21:00,55,2,642.77
13035,2011-09-27 08:57:00,74,2,921.88
13037,2011-07-24 15:46:00,139,3,881.07
13038,2011-09-20 14:37:00,81,3,908.46
13040,2011-12-01 10:38:00,9,2,676.99
13043,2011-03-11 14:52:00,274,1,516.42
13044,2011-02-21 15:20:00,292,1,560.47
13045,2011-09-01 15:04:00,100,1,305.28000000000003
13046,2011-11-09 08:36:00,31,2,629.31
13047,2011-11-08 12:06:00,32,10,3237.54
13048,2011-11-25 13:23:00,15,4,1819.41
13049,2011-10-06 15:31:00,65,2,656.6800000000001
13050,2011-11-25 09:18:00,15,17,5836.86
13052,2011-05-11 14:12:00,213,1,348.15000000000003
13055,2011-09-22 14:26:00,79,3,1214.41
13058,2011-11-15 12:43:00,25,3,271.40000000000003
13059,2011-04-04 10:40:00,250,1,183.4
13060,2011-03-31 11:37:00,254,1,307.53000000000003
13061,2011-09-28 16:04:00,73,1,248.61
13062,2011-06-01 15:12:00,192,1,346.98
13064,2011-11-27 12:31:00,13,4,1105.59
13065,2010-12-01 16:52:00,374,1,205.86
13066,2011-11-15 12:57:00,25,2,470.8
13067,2011-09-18 13:38:00,83,1,115.46000000000001
13068,2011-11-29 15:00:00,11,2,344.0
13069,2011-12-09 08:39:00,1,24,4431.44
13070,2011-05-31 13:45:00,193,1,228.8
13072,2011-03-18 08:12:00,267,1,177.15
13075,2011-08-02 10:19:00,130,1,919.61
13077,2011-12-08 19:24:00,2,4,728.02
13078,2011-12-06 15:36:00,4,26,12627.94
13079,2011-12-05 16:53:00,5,5,220.10000000000002
13080,2011-06-13 14:59:00,180,1,58.08
13081,2011-11-28 10:54:00,12,11,28337.38
13082,2011-08-05 16:16:00,127,9,3613.63
13083,2011-12-05 15:01:00,5,2,303.75
13085,2011-07-05 12:11:00,158,2,416.08
13089,2011-12-07 09:02:00,3,97,58762.08
13090,2011-12-01 12:39:00,9,14,8910.82
13091,2011-11-11 15:54:00,29,1,345.82
13092,2011-09-30 11:18:00,71,5,477.83
13093,2011-03-09 12:14:00,276,8,7832.47
13094,2011-11-18 14:07:00,22,12,1927.3200000000002
13095,2011-09-30 12:03:00,71,1,74.39999999999999
13097,2011-11-07 10:43:00,33,10,6003.22
13098,2011-12-08 14:14:00,2,28,28882.44
13099,2011-09-01 17:40:00,100,1,207.36
13101,2011-04-19 14:37:00,235,1,101.19
13102,2011-12-08 12:52:00,2,24,6424.09
13103,2011-10-31 09:38:00,40,1,243.94
13104,2011-12-06 13:10:00,4,6,1098.48
13106,2011-07-29 15:12:00,134,1,76.5
13107,2011-10-26 14:52:00,45,4,1531.6200000000001
13108,2010-12-02 10:35:00,373,1,350.06
13109,2011-10-11 10:16:00,60,2,786.54
13110,2011-11-08 14:30:00,32,7,1488.67
13113,2011-12-09 12:49:00,1,24,12245.960000000001
13115,2011-11-28 12:38:00,12,4,2294.78
13116,2011-07-24 14:33:00,139,1,501.14
13117,2011-11-18 12:02:00,22,8,984.91
13118,2011-11-20 12:46:00,20,5,1197.81
13120,2011-04-15 10:19:00,239,1,30.6
13121,2011-03-15 16:47:00,270,1,283.73
13122,2011-09-06 15:53:00,95,2,922.39
13124,2011-09-11 12:45:00,90,3,3756.33
13126,2011-12-05 10:00:00,5,8,2099.64
13127,2011-09-23 10:26:00,78,1,259.17
13130,2011-09-06 15:30:00,95,1,64.0
13131,2011-11-16 13:21:00,24,3,1073.3
13132,2011-03-23 12:44:00,262,1,77.3
13133,2011-03-11 10:31:00,274,2,109.8
13134,2011-09-15 10:35:00,86,4,1793.58
13135,2011-05-27 10:52:00,197,1,3096.0
13136,2011-10-14 13:41:00,57,5,2607.61
13137,2011-11-29 12:09:00,11,8,3603.29
13138,2011-11-17 16:51:00,23,6,962.39
13139,2011-11-23 13:54:00,17,7,5064.9400000000005
13140,2011-08-23 15:33:00,109,3,422.47
13141,2011-09-16 09:54:00,85,5,2388.75
13142,2011-11-20 16:07:00,20,1,307.09000000000003
13144,2011-01-11 11:15:00,333,1,110.95
13145,2011-10-31 12:45:00,40,4,618.52
13146,2011-11-13 15:29:00,27,1,228.91
13147,2011-11-29 13:59:00,11,4,712.8
13148,2011-11-10 15:23:00,30,12,3683.26
13149,2011-11-25 13:09:00,15,4,1676.06
13151,2011-02-17 12:29:00,296,1,1257.8700000000001
13153,2011-12-04 12:14:00,6,1,486.22
13155,2011-11-06 15:41:00,34,4,971.76
13157,2011-10-21 13:50:00,50,4,1741.22
13158,2011-09-06 11:58:00,95,4,1201.06
13159,2011-12-01 11:20:00,9,4,1429.35
13160,2011-11-17 13:07:00,23,1,91.8
13161,2011-01-30 14:03:00,314,1,112.75
13162,2011-08-09 15:59:00,123,4,1688.29
13165,2011-10-24 15:05:00,47,2,1021.48
13166,2011-03-01 15:16:00,284,1,417.2
13167,2011-11-21 12:24:00,19,4,791.33
13168,2011-11-03 12:56:00,37,4,1299.59
13169,2011-10-07 12:11:00,64,2,712.88
13170,2011-11-13 12:19:00,27,1,108.81
13171,2011-11-18 10:27:00,22,3,468.41
13173,2011-12-05 15:51:00,5,2,353.65000000000003
13174,2011-11-23 14:35:00,17,3,2742.82
13176,2011-10-24 15:43:00,47,1,481.49
13177,2011-10-06 09:56:00,65,1,282.45
13178,2011-11-13 16:14:00,27,11,5725.47
13182,2011-10-25 13:46:00,46,1,121.18
13183,2011-12-02 10:30:00,8,9,3957.78
13184,2011-11-25 12:02:00,15,10,1668.95
13185,2011-03-17 11:56:00,268,1,71.4
13186,2011-10-31 11:40:00,40,3,1575.89
13187,2011-01-06 18:57:00,338,1,236.02
13188,2011-11-28 15:28:00,12,1,114.6
13189,2011-11-21 10:39:00,19,2,260.68
13192,2011-09-05 14:13:00,96,2,911.94
13193,2011-10-09 14:30:00,62,1,112.08
13194,2011-07-27 09:01:00,136,1,60.7
13196,2011-11-28 13:54:00,12,4,1797.78
13198,2011-11-29 15:17:00,11,6,3401.2400000000002
13199,2011-12-06 12:30:00,4,38,9817.12
13200,2011-11-20 15:35:00,20,4,870.09
13203,2011-11-30 10:45:00,10,4,869.46
13207,2011-11-24 14:52:00,16,2,250.26000000000002
13208,2011-10-12 09:54:00,59,6,1217.65
13209,2011-11-09 13:54:00,31,8,5891.61
13210,2011-09-07 08:18:00,94,1,353.48
13211,2011-11-29 14:43:00,11,3,1095.42
13212,2011-11-20 12:40:00,20,3,786.83
13213,2011-10-14 11:42:00,57,5,1520.58
13216,2011-03-17 12:18:00,268,1,333.74
13217,2011-08-09 15:32:00,123,3,533.98
13218,2011-08-04 16:59:00,128,1,62.64
13220,2011-09-22 13:38:00,79,4,819.2900000000001
13221,2011-04-13 16:58:00,241,2,847.41
13223,2011-05-23 13:03:00,201,2,163.2
13224,2011-10-10 14:55:00,61,2,2155.95
13225,2011-12-06 13:29:00,4,7,6463.84
13226,2011-03-11 14:35:00,274,1,108.21000000000001
13227,2011-05-22 11:47:00,202,1,257.7
13228,2011-09-19 14:28:00,82,1,358.0
13229,2011-04-28 12:07:00,226,1,160.95
13230,2011-12-05 16:03:00,5,14,2755.63
13232,2011-11-27 10:39:00,13,7,1328.35
13233,2011-09-26 13:25:00,75,2,605.12
13235,2011-05-11 17:13:00,213,1,1031.07
13236,2011-11-15 12:50:00,25,2,744.85
13238,2011-11-22 15:37:00,18,4,700.73
13239,2011-03-23 10:25:00,262,1,329.56
13240,2011-09-04 14:08:00,97,4,663.65
13242,2011-08-19 12:53:00,113,3,270.40000000000003
13243,2011-05-20 13:14:00,204,1,585.12
13244,2011-09-08 11:46:00,93,1,121.74000000000001
13245,2011-10-20 11:40:00,51,1,430.5
13246,2011-11-21 16:50:00,19,6,1961.52
13247,2011-11-22 10:59:00,18,4,501.12
13248,2011-08-07 12:40:00,125,2,465.68
13249,2011-09-08 13:26:00,93,3,711.41
13253,2011-07-06 10:09:00,157,2,1030.4
13255,2011-11-30 13:14:00,10,2,399.51
13258,2011-11-28 09:31:00,12,3,672.83
13259,2011-10-09 10:48:00,62,1,283.18
13260,2011-10-09 13:21:00,62,1,557.62
13261,2011-03-16 12:22:00,269,2,944.1
13262,2011-03-21 15:06:00,264,1,200.29
13263,2011-12-08 13:59:00,2,35,7436.93
13265,2011-10-17 15:02:00,54,5,2092.66
13266,2011-11-28 14:39:00,12,12,3834.2599999999998
13267,2011-12-07 11:12:00,3,19,4521.49
13268,2011-11-22 11:51:00,18,11,3174.75
13269,2011-12-08 14:53:00,2,15,5343.28
13270,2010-12-08 14:53:00,367,1,590.0
13271,2011-11-02 14:31:00,38,1,211.49
13272,2011-11-08 14:00:00,32,2,276.56
13273,2011-08-18 14:02:00,114,1,138.98
13276,2011-10-07 12:44:00,64,2,590.9300000000001
13277,2011-11-24 09:21:00,16,4,258.4
13278,2011-10-30 11:49:00,41,1,542.73
13279,2011-09-22 17:24:00,79,1,137.75
13280,2011-08-09 13:14:00,123,3,798.46
13282,2011-11-21 15:33:00,19,3,1132.14
13283,2011-10-11 09:50:00,60,2,93.66
13284,2011-01-13 09:23:00,331,1,201.19
13285,2011-11-16 13:19:00,24,4,2709.12
13291,2011-07-07 10:36:00,156,1,361.11
13292,2011-11-01 10:04:00,39,2,578.94
13294,2011-06-03 08:54:00,190,2,873.74
13295,2010-12-15 11:21:00,360,1,201.20000000000002
13296,2011-07-25 13:46:00,138,1,87.4
13297,2011-12-02 09:32:00,8,4,2089.85
13298,2011-12-08 13:11:00,2,1,360.0
13299,2011-03-16 12:55:00,269,1,142.5
13300,2011-06-23 13:09:00,170,1,371.89
13301,2011-08-28 11:25:00,104,4,618.09
13302,2011-07-07 17:56:00,156,1,63.75
13304,2010-12-23 14:35:00,352,1,300.42
13305,2011-12-05 15:15:00,5,10,2000.86
13307,2011-08-11 17:14:00,121,1,15.0
13308,2011-11-17 09:31:00,23,3,1385.51
13309,2011-12-02 16:34:00,8,5,1456.79
13310,2011-11-11 17:23:00,29,3,1132.03
13311,2011-12-05 12:55:00,5,2,598.57
13313,2011-11-17 16:48:00,23,5,1555.3200000000002
13314,2011-12-08 12:29:00,2,3,775.94
13316,2011-11-02 13:40:00,38,4,5732.93
13317,2011-10-04 13:35:00,67,6,2273.68
13318,2011-12-08 18:51:00,2,3,640.76
13319,2011-12-04 13:34:00,6,26,10845.550000000001
13320,2011-09-22 18:07:00,79,4,1532.2
13321,2011-09-28 15:24:00,73,2,567.36
13322,2011-11-22 14:21:00,18,1,199.48000000000002
13323,2011-12-06 17:12:00,4,5,787.85
13324,2011-11-03 16:28:00,37,10,7121.95
13325,2011-09-19 10:36:00,82,1,675.3
13327,2011-11-01 10:21:00,39,8,3627.77
13328,2011-01-27 15:22:00,317,1,1308.48
13329,2011-11-08 10:29:00,32,2,789.0
13330,2011-09-08 12:27:00,93,3,1140.93
13332,2011-11-25 13:30:00,15,1,350.90000000000003
13334,2011-09-18 15:21:00,83,3,3502.32
13336,2011-09-23 14:05:00,78,1,795.12
13338,2011-07-05 09:06:00,158,1,487.02
13339,2011-05-23 08:31:00,201,1,860.12
13340,2011-10-25 13:15:00,46,7,10736.48
13341,2011-03-24 09:50:00,261,1,775.85
13343,2011-06-15 12:24:00,178,1,353.43
13344,2011-10-03 09:45:00,68,3,2511.69
13345,2011-02-25 09:01:00,288,1,389.5
13347,2011-09-30 13:28:00,71,1,341.36
13348,2011-10-06 17:28:00,65,1,233.76000000000002
13349,2011-11-29 08:07:00,11,1,247.32
13350,2011-11-23 16:33:00,17,2,979.12
13351,2011-10-04 12:55:00,67,1,373.94
13352,2011-10-10 13:55:00,61,1,397.98
13354,2011-09-29 13:17:00,72,1,743.53
13355,2011-08-09 14:48:00,123,1,674.7
13356,2011-09-20 14:33:00,81,1,768.24
13357,2011-03-27 13:56:00,258,1,609.4
13358,2011-03-16 11:52:00,269,1,439.03000000000003
13359,2011-10-07 09:30:00,64,1,439.56
13362,2011-11-30 14:41:00,10,4,3090.7400000000002
13363,2011-11-22 12:40:00,18,2,992.5
13364,2011-09-29 18:13:00,72,1,134.96
13365,2011-11-06 12:36:00,34,2,2225.37
13366,2011-10-20 13:37:00,51,1,56.16
13368,2011-03-28 09:59:00,257,2,623.4
13369,2010-12-09 11:30:00,366,1,308.28000000000003
13370,2010-12-03 10:26:00,372,1,754.87
13372,2011-09-11 12:46:00,90,1,378.64
13373,2011-10-10 10:51:00,61,3,3312.25
13375,2011-09-12 10:19:00,89,1,778.65
13376,2011-09-01 16:16:00,100,3,1019.76
13379,2011-11-13 13:45:00,27,3,572.56
13381,2011-11-08 11:58:00,32,6,3639.31
13382,2011-03-04 10:03:00,281,1,222.99
13384,2011-11-09 11:04:00,31,7,4151.93
13385,2011-01-14 09:52:00,330,1,534.57
13388,2011-07-31 12:52:00,132,2,677.1
13389,2011-11-28 14:01:00,12,3,797.96
13390,2011-09-26 08:38:00,75,1,544.08
13391,2011-05-20 10:50:00,204,1,59.8
13394,2011-12-08 11:36:00,2,8,2520.02
13395,2011-06-07 15:04:00,186,1,307.72
13396,2011-11-10 16:59:00,30,2,1360.99
13397,2011-09-28 10:56:00,73,5,1544.13
13398,2011-05-31 13:17:00,193,1,457.34000000000003
13402,2011-08-04 15:51:00,128,2,621.23
13403,2011-11-22 08:28:00,18,1,75.0
13404,2011-12-08 15:37:00,2,2,252.49
13405,2011-09-26 17:01:00,75,3,572.451
13408,2011-12-08 09:05:00,2,62,28117.04
13410,2011-11-15 15:33:00,25,5,1003.06
13411,2011-08-24 13:57:00,108,1,213.55
13414,2011-07-29 11:45:00,134,3,1390.5
13416,2011-10-27 08:56:00,44,2,712.5
13417,2011-12-05 08:49:00,5,2,640.83
13418,2011-11-28 10:23:00,12,18,6127.43
13419,2011-10-07 12:49:00,64,1,221.06
13420,2011-07-13 08:48:00,150,2,159.85
13421,2011-10-30 14:21:00,41,2,1833.71
13422,2011-10-06 13:42:00,65,1,2626.3
13425,2011-08-23 17:13:00,109,3,1624.21
13426,2011-12-09 08:59:00,1,10,3641.32
13427,2011-11-20 13:02:00,20,3,582.6
13428,2011-11-29 14:20:00,11,1,201.78
13429,2011-11-29 09:10:00,11,4,1006.8
13430,2011-11-21 08:19:00,19,2,679.45
13431,2011-10-03 13:49:00,68,2,1269.1
13434,2011-09-26 14:30:00,75,2,534.24
13435,2011-12-04 14:45:00,6,7,3809.89
13436,2011-12-08 10:33:00,2,1,196.89
13437,2011-11-25 14:00:00,15,7,3408.06
13439,2011-03-29 14:20:00,256,1,283.71
13441,2011-09-09 09:38:00,92,1,296.64
13447,2011-11-16 13:38:00,24,3,1129.14
13448,2011-11-23 12:33:00,17,6,3534.69
13449,2011-11-16 08:28:00,24,1,291.88
13450,2011-11-13 11:54:00,27,6,2043.72
13451,2011-11-13 15:58:00,27,5,2898.2599999999998
13452,2011-03-25 14:19:00,260,2,590.0
13453,2011-06-27 09:34:00,166,2,356.98
13455,2011-11-15 11:21:00,25,2,1058.34
13456,2011-11-22 09:18:00,18,6,1766.72
13458,2011-12-02 15:29:00,8,14,9646.57
13460,2011-11-10 17:17:00,30,2,183.44
13461,2011-11-01 09:01:00,39,3,1445.0
13462,2011-04-01 11:20:00,253,1,151.5
13464,2011-10-12 15:01:00,59,1,674.68
13466,2011-06-08 16:39:00,185,1,307.90000000000003
13467,2011-11-29 10:01:00,11,2,1071.91
13468,2011-12-08 10:39:00,2,37,5704.97
13470,2011-09-01 14:57:00,100,2,165.0
13471,2011-12-08 15:44:00,2,4,2501.84
13473,2011-10-10 11:20:00,61,2,422.64
13474,2011-04-17 13:53:00,237,1,226.84
13475,2011-06-01 13:52:00,192,4,1431.78
13476,2011-06-14 12:00:00,179,2,1238.47
13477,2011-11-02 12:04:00,38,6,1454.58
13479,2011-05-23 10:45:00,201,2,300.95
13481,2011-10-25 09:07:00,46,5,1804.56
13482,2011-04-21 17:03:00,233,1,184.64000000000001
13483,2011-10-05 11:53:00,66,1,140.34
13484,2011-04-12 16:30:00,242,1,313.8
13485,2011-04-20 13:58:00,234,1,454.24
13486,2011-09-22 13:13:00,79,3,1122.41
13487,2011-10-13 12:07:00,58,3,575.4
13488,2011-11-22 14:41:00,18,13,8968.31
13489,2011-08-26 13:16:00,106,4,449.52
13491,2011-10-19 08:32:00,52,10,1215.82
13492,2011-07-26 14:25:00,137,3,1269.84
13493,2011-03-09 15:35:00,276,2,618.63
13494,2011-02-01 11:58:00,312,1,316.26000000000005
13495,2011-12-02 11:21:00,8,5,2044.8700000000001
13496,2011-11-29 10:58:00,11,2,653.33
13497,2011-03-02 09:04:00,283,2,348.05
13499,2011-11-22 11:21:00,18,5,1159.1100000000001
13500,2011-11-16 15:35:00,24,3,1166.77
13501,2011-02-24 18:59:00,289,1,1340.32
13502,2011-11-23 10:39:00,17,3,292.0
13503,2011-09-29 13:23:00,72,1,216.85
13504,2011-10-06 13:20:00,65,1,295.93
13505,2011-09-28 11:56:00,73,4,4393.63
13506,2011-01-27 13:53:00,317,2,458.52
13507,2011-12-06 13:13:00,4,4,2479.16
13508,2011-04-10 11:58:00,244,1,110.97
13509,2011-12-01 10:10:00,9,7,979.72
13510,2011-12-08 13:46:00,2,4,1791.56
13512,2011-03-24 10:03:00,261,1,251.21
13513,2011-08-05 11:50:00,127,1,205.1
13514,2011-09-27 09:39:00,74,1,152.20000000000002
13515,2011-09-28 11:26:00,73,4,891.12
13516,2011-11-18 13:15:00,22,3,1389.41
13517,2011-10-11 11:43:00,60,3,2128.42
13518,2011-09-15 10:29:00,86,1,627.16
13519,2011-09-22 18:24:00,79,1,122.75
13520,2011-10-12 10:20:00,59,6,3624.35
13521,2011-12-08 13:50:00,2,3,1071.73
13522,2011-11-09 15:11:00,31,1,125.80000000000001
13523,2011-11-06 15:11:00,34,5,3964.88
13524,2011-10-30 12:34:00,41,5,680.1800000000001
13525,2011-11-25 12:01:00,15,2,628.78
13527,2011-11-06 12:04:00,34,7,2242.36
13529,2011-09-22 09:15:00,79,2,307.76
13531,2011-05-18 16:56:00,206,2,483.8
13532,2011-11-06 12:25:00,34,1,210.31
13533,2011-06-10 11:54:00,183,3,269.09
13534,2011-12-07 14:52:00,3,25,5870.08
13536,2011-12-08 16:38:00,2,7,3444.39
13538,2011-10-27 16:34:00,44,7,1280.85
13539,2011-09-15 10:18:00,86,3,631.34
13544,2011-10-31 11:57:00,40,2,276.06
13546,2011-11-27 14:50:00,13,3,621.09
13548,2011-09-04 14:50:00,97,2,678.16
13549,2011-11-14 09:20:00,26,7,918.2
13551,2011-01-24 14:46:00,320,1,91.80000000000001
13552,2011-10-04 15:19:00,67,12,3740.07
13555,2011-09-27 12:36:00,74,4,4098.88
13557,2011-11-11 15:24:00,29,2,584.0600000000001
13558,2011-12-04 11:24:00,6,4,594.52
13560,2011-12-02 13:11:00,8,1,171.42000000000002
13561,2011-05-08 12:39:00,216,1,141.85999999999999
13562,2011-09-19 10:51:00,82,3,1799.3300000000002
13563,2011-09-16 14:45:00,85,2,777.53
13564,2011-07-18 14:33:00,145,3,1724.67
13565,2011-11-20 14:33:00,20,2,240.22
13566,2011-10-30 11:59:00,41,2,856.84
13568,2011-06-19 14:42:00,174,1,187.05
13569,2011-11-22 13:07:00,18,2,338.62
13570,2011-04-10 13:36:00,244,1,239.49
13571,2011-11-27 10:47:00,13,12,2088.94
13572,2011-05-18 11:59:00,206,1,1384.25
13573,2011-10-20 14:33:00,51,2,290.25
13575,2011-11-16 13:14:00,24,5,732.07
13576,2011-11-29 15:34:00,11,18,6717.34
13577,2011-11-14 15:19:00,26,4,1687.6000000000001
13579,2011-11-25 08:41:00,15,2,467.04
13581,2011-02-03 14:41:00,310,1,118.0
13583,2011-07-07 10:40:00,156,1,781.03
13584,2011-02-06 12:49:00,307,1,142.4
13587,2011-10-07 12:31:00,64,1,712.4
13588,2011-11-24 10:42:00,16,9,2478.95
13589,2011-11-25 12:10:00,15,2,379.65
13590,2011-11-28 12:54:00,12,6,1981.92
13591,2011-10-06 12:26:00,65,3,1117.13
13592,2011-11-04 09:49:00,36,4,247.95999999999998
13593,2011-08-23 13:35:00,109,5,2011.88
13594,2011-10-18 10:19:00,53,1,396.97
13596,2011-12-04 12:01:00,6,2,664.11
13598,2011-10-23 14:28:00,48,1,160.04
13599,2011-12-08 16:10:00,2,21,5149.92
13600,2011-01-31 15:27:00,313,1,219.52
13601,2011-10-25 17:31:00,46,2,693.32
13602,2011-10-06 11:47:00,65,1,428.89
13603,2011-11-13 15:57:00,27,1,164.34
13606,2011-11-10 17:46:00,30,3,276.75
13607,2011-10-30 16:17:00,41,1,675.51
13610,2011-11-27 15:38:00,13,7,1082.33
13611,2011-09-11 14:51:00,90,3,1154.4
13614,2011-11-15 14:47:00,25,4,1585.46
13615,2011-01-25 08:21:00,319,1,417.69
13617,2011-10-30 13:50:00,41,3,544.18
13618,2011-06-19 11:09:00,174,1,177.34
13621,2011-08-15 08:26:00,117,1,213.85
13623,2011-11-09 12:00:00,31,5,727.74
13626,2011-04-01 10:05:00,253,1,257.23
13627,2011-10-11 14:20:00,60,5,1638.47
13629,2011-11-16 13:21:00,24,11,7792.36
13630,2011-12-04 15:16:00,6,7,2031.78
13631,2011-09-01 09:57:00,100,11,3070.42
13632,2011-11-15 10:51:00,25,5,2118.93
13634,2011-11-06 13:40:00,34,5,1547.3600000000001
13635,2011-10-03 10:55:00,68,1,1071.03
13636,2011-11-03 10:30:00,37,5,949.12
13637,2011-10-18 13:32:00,53,3,804.3
13638,2011-11-24 10:38:00,16,1,122.64
13639,2011-09-26 13:36:00,75,1,1033.34
13642,2011-05-08 12:34:00,216,1,312.28
13643,2011-11-08 15:37:00,32,3,519.44
13644,2011-11-23 14:07:00,17,4,2624.26
13645,2011-08-11 16:11:00,121,1,252.1
13647,2011-11-30 12:00:00,10,4,1648.1200000000001
13649,2011-03-28 11:51:00,257,2,346.6
13650,2011-11-23 12:22:00,17,6,1836.3400000000001
13651,2011-11-04 14:59:00,36,2,94.2
13652,2011-10-25 08:51:00,46,3,1095.08
13654,2011-10-27 16:24:00,44,6,2707.33
13655,2011-08-17 14:25:00,115,2,932.97
13656,2011-06-28 10:31:00,165,2,379.65
13657,2011-11-29 12:32:00,11,2,382.14
13658,2011-11-30 10:13:00,10,5,2639.17
13659,2011-05-18 12:37:00,206,2,1563.0
13662,2011-09-15 12:04:00,86,3,881.26
13663,2011-06-13 15:44:00,180,1,189.47
13666,2011-10-10 15:39:00,61,3,84.65
13667,2011-07-13 15:42:00,150,1,299.05
13668,2011-12-07 12:11:00,3,21,6309.83
13669,2011-10-20 09:32:00,51,2,218.55
13670,2011-09-25 15:25:00,76,1,349.7
13672,2011-02-11 13:53:00,302,2,186.39000000000001
13673,2011-11-21 12:11:00,19,2,387.44
13675,2011-07-11 12:57:00,152,2,486.82000000000005
13678,2011-07-11 10:14:00,152,1,232.6
13680,2011-12-08 13:47:00,2,4,3719.12
13681,2011-11-22 11:13:00,18,4,827.83
13682,2011-06-05 14:06:00,188,1,59.5
13684,2011-02-27 10:13:00,286,1,65.13
13685,2011-12-07 11:41:00,3,7,3119.44
13686,2011-06-10 09:10:00,183,1,72.0
13689,2011-10-07 13:21:00,64,1,910.0
13690,2011-10-11 15:03:00,60,1,172.25
13692,2011-11-15 11:17:00,25,3,1488.32
13694,2011-12-06 09:32:00,4,50,65039.62
13695,2011-11-08 14:26:00,32,15,2504.13
13697,2011-11-01 09:14:00,39,1,151.3
13699,2011-07-07 16:51:00,156,1,308.58000000000004
13700,2011-11-13 13:00:00,27,10,2248.63
13703,2011-01-25 13:10:00,319,1,99.5
13704,2011-12-04 15:13:00,6,9,2308.06
13705,2011-12-02 12:32:00,8,3,711.86
13706,2011-02-10 09:21:00,303,1,330.79
13707,2011-03-17 18:03:00,268,2,806.41
13708,2011-03-13 13:46:00,272,1,285.33
13709,2011-12-06 10:28:00,4,13,6307.650000000001
13710,2011-11-08 08:16:00,32,1,180.48
13711,2011-05-05 10:31:00,219,2,252.06
13712,2011-04-07 12:33:00,247,1,228.84
13715,2011-03-03 19:21:00,282,5,1077.39
13716,2011-03-15 13:49:00,270,1,138.28
13717,2011-11-07 14:13:00,33,6,1445.01
13718,2011-04-07 13:24:00,247,2,306.55
13719,2011-11-24 15:26:00,16,5,1041.68
13720,2011-08-15 12:46:00,117,4,799.9
13721,2011-11-03 14:05:00,37,1,524.14
13722,2011-07-31 12:44:00,132,3,2375.41
13723,2011-05-06 17:04:00,218,1,199.85000000000002
13725,2011-10-21 10:03:00,50,8,1980.56
13726,2011-11-01 10:49:00,39,2,1079.66
13727,2011-11-11 09:46:00,29,2,333.48
13728,2011-11-03 10:49:00,37,6,1016.14
13730,2011-07-27 08:35:00,136,2,752.6
13731,2011-05-04 14:33:00,220,2,610.59
13732,2011-11-11 15:49:00,29,1,491.86
13735,2011-11-15 11:14:00,25,4,2883.54
13736,2011-12-04 15:19:00,6,2,729.8
13737,2011-05-23 16:32:00,201,1,339.6
13739,2011-11-21 13:35:00,19,1,216.9
13740,2011-04-13 10:32:00,241,1,350.75
13741,2011-09-29 09:19:00,72,3,668.4300000000001
13742,2011-11-23 11:07:00,17,12,3107.87
13743,2011-12-07 10:09:00,3,7,1341.6
13744,2011-09-05 15:19:00,96,2,1080.52
13745,2011-06-30 16:43:00,163,1,300.04
13747,2010-12-01 10:37:00,374,1,79.6
13748,2011-09-05 09:45:00,96,5,948.25
13750,2011-10-17 12:16:00,54,5,1647.26
13751,2011-02-24 15:56:00,289,1,296.25
13752,2011-08-07 14:16:00,125,6,1175.38
13753,2011-02-25 12:48:00,288,1,741.26
13754,2011-07-11 11:51:00,152,2,282.6
13755,2011-12-06 12:26:00,4,9,2108.06
13756,2011-12-07 16:44:00,3,14,5189.52
13758,2011-11-28 11:11:00,12,7,3190.55
13759,2011-11-06 14:47:00,34,2,659.4100000000001
13760,2011-10-16 16:13:00,55,2,286.79
13761,2011-10-20 14:01:00,51,2,1070.65
13762,2011-05-05 09:15:00,219,1,306.72
13763,2011-10-07 15:13:00,64,1,1714.96
13764,2011-09-30 12:03:00,71,3,1519.42
13767,2011-12-07 15:00:00,3,37,17220.36
13769,2011-12-07 15:08:00,3,10,2796.51
13771,2011-10-06 14:18:00,65,4,2634.45
13772,2011-11-06 11:43:00,34,3,1122.63
13774,2011-09-19 12:06:00,82,1,345.0
13777,2011-12-09 12:25:00,1,33,25977.16
13778,2011-08-28 15:25:00,104,1,178.7
13780,2011-12-02 13:49:00,8,2,360.01
13781,2011-04-03 12:08:00,251,1,127.84
13782,2011-11-27 11:54:00,13,6,908.86
13784,2011-11-30 09:33:00,10,11,2462.79
13786,2010-12-07 13:53:00,368,1,230.4
13787,2011-09-25 12:06:00,76,2,309.04
13790,2011-12-05 15:48:00,5,1,348.79999999999995
13791,2011-08-04 11:44:00,128,2,1516.0
13792,2011-10-04 14:31:00,67,2,195.55
13798,2011-12-08 15:51:00,2,57,37153.85
13799,2011-08-15 12:07:00,117,2,688.86
13800,2011-02-03 12:27:00,310,1,558.32
13801,2011-10-04 10:15:00,67,1,324.8
13802,2011-07-24 10:54:00,139,3,4599.42
13803,2011-03-29 12:57:00,256,1,277.07
13804,2011-11-09 12:32:00,31,7,2588.39
13805,2011-10-18 14:50:00,53,2,924.5999999999999
13806,2011-10-07 11:43:00,64,1,256.38
13807,2010-12-07 15:48:00,368,1,112.6
13808,2011-12-04 12:18:00,6,5,1747.66
13809,2011-02-07 13:15:00,306,1,155.05
13810,2011-11-11 08:33:00,29,3,1499.01
13811,2011-06-09 09:54:00,184,3,814.5
13812,2011-10-28 14:27:00,43,3,539.0
13813,2011-10-31 10:38:00,40,4,1366.8600000000001
13814,2011-09-08 13:48:00,93,2,1579.12
13815,2011-11-17 14:19:00,23,4,4027.36
13816,2011-11-16 08:38:00,24,2,571.6700000000001
13817,2011-11-10 17:49:00,30,2,382.98
13819,2011-02-11 10:38:00,302,3,1140.35
13821,2011-07-18 09:49:00,145,2,385.64
13822,2011-12-04 12:13:00,6,2,632.0
13823,2011-11-21 10:22:00,19,2,957.66
13824,2011-11-07 12:41:00,33,5,1698.94
13826,2011-06-16 13:48:00,177,1,189.5
13827,2011-10-13 12:38:00,58,3,409.8
13828,2011-11-17 16:02:00,23,1,209.49
13831,2011-11-23 15:41:00,17,6,2198.45
13832,2011-11-20 15:36:00,20,1,52.2
13833,2011-07-03 13:27:00,160,1,383.85
13835,2011-11-14 15:37:00,26,4,834.57
13837,2011-05-12 12:10:00,212,2,266.59000000000003
13838,2011-12-04 11:00:00,6,4,674.82
13841,2011-04-01 12:10:00,253,1,85.0
13842,2011-10-12 10:51:00,59,9,3385.62
13844,2011-11-28 13:21:00,12,1,361.62
13845,2011-10-06 08:25:00,65,1,312.98
13846,2011-11-15 12:07:00,25,3,865.0600000000001
13848,2011-09-08 12:58:00,93,3,1255.0
13849,2011-10-19 10:59:00,52,2,1537.95
13850,2011-08-02 14:04:00,130,1,1595.48
13851,2011-09-05 12:36:00,96,3,2651.46
13853,2011-10-13 14:18:00,58,1,1090.1399999999999
13854,2011-12-01 09:06:00,9,25,8109.5199999999995
13856,2011-06-24 10:03:00,169,3,388.5
13858,2011-10-13 16:17:00,58,1,216.17000000000002
13859,2011-01-17 16:14:00,327,1,201.16
13860,2011-12-08 12:57:00,2,5,1245.9
13862,2011-11-21 16:24:00,19,8,2209.36
13863,2011-04-06 10:20:00,248,1,305.78
13865,2011-10-12 13:31:00,59,4,501.56
13866,2011-09-26 14:54:00,75,1,145.67
13867,2011-11-08 15:48:00,32,3,1005.09
13868,2011-12-02 16:32:00,8,2,3192.54
13869,2011-08-08 13:53:00,124,4,3083.65
13870,2011-12-07 13:23:00,3,8,2770.94
13871,2011-11-17 10:49:00,23,13,6403.25
13873,2011-08-12 10:08:00,120,3,389.6
13874,2010-12-16 18:20:00,359,1,540.45
13875,2011-10-17 09:36:00,54,5,1786.79
13876,2011-10-07 10:22:00,64,1,122.7
13877,2011-09-14 15:49:00,87,1,117.24
13878,2011-10-16 12:19:00,55,1,1271.57
13880,2011-11-18 13:44:00,22,13,3219.77
13881,2011-12-06 12:50:00,4,20,17159.52
13882,2011-12-07 11:16:00,3,5,1191.13
13883,2011-11-29 10:45:00,11,5,2674.48
13884,2011-12-02 16:30:00,8,5,787.6
13885,2011-06-03 15:07:00,190,2,506.8
13886,2011-09-29 13:17:00,72,1,243.56
13887,2011-05-19 17:22:00,205,1,349.55
13888,2011-08-12 10:13:00,120,2,595.67
13889,2011-09-08 09:13:00,93,1,416.90000000000003
13890,2011-12-08 15:36:00,2,10,1883.81
13892,2011-11-13 11:50:00,27,4,632.97
13893,2011-02-15 11:30:00,298,1,821.1
13894,2011-11-16 09:44:00,24,3,564.62
13895,2011-11-11 16:57:00,29,4,2593.07
13897,2011-10-20 14:30:00,51,1,311.16
13898,2011-01-18 10:28:00,326,1,155.93
13899,2011-11-23 13:40:00,17,2,388.52
13900,2011-06-09 19:26:00,184,3,740.95
13901,2011-09-28 14:48:00,73,5,2867.2000000000003
13904,2011-11-02 13:41:00,38,2,332.64
13908,2011-09-21 11:49:00,80,4,2369.55
13911,2011-10-13 15:43:00,58,9,2580.91
13914,2011-11-28 10:35:00,12,2,626.45
13917,2011-10-21 09:56:00,50,2,272.04
13918,2011-10-21 12:25:00,50,2,1212.8400000000001
13919,2011-10-11 14:24:00,60,2,384.81
13922,2010-12-23 10:38:00,352,1,172.25
13923,2011-10-17 12:33:00,54,1,351.13
13924,2011-12-08 09:39:00,2,6,1838.8500000000001
13925,2011-09-08 12:47:00,93,4,678.25
13926,2011-11-16 13:16:00,24,1,223.85000000000002
13927,2011-09-26 12:00:00,75,1,348.99
13928,2011-11-29 10:33:00,11,4,464.57
13929,2011-06-23 15:26:00,170,2,842.65
13930,2011-10-13 09:45:00,58,2,337.34
13931,2011-09-05 10:12:00,96,2,1237.53
13932,2011-02-18 12:02:00,295,1,307.4
13933,2011-08-22 14:03:00,110,2,608.79
13934,2011-03-21 08:39:00,264,1,922.1
13936,2011-06-13 08:47:00,180,1,376.58
13937,2011-06-23 16:35:00,170,1,158.85
13938,2011-11-04 14:37:00,36,1,71.66
13939,2011-11-16 13:33:00,24,3,568.55
13940,2011-11-22 15:15:00,18,4,839.14
13941,2011-11-18 09:43:00,22,5,5112.96
13946,2011-09-21 13:33:00,80,3,561.57
13947,2011-10-05 14:42:00,66,1,90.60000000000001
13948,2010-12-14 10:18:00,361,1,102.0
13949,2011-12-07 09:35:00,3,6,2427.32
13950,2011-11-28 14:44:00,12,4,745.0600000000001
13951,2011-06-16 16:43:00,177,3,674.45
13952,2011-05-06 09:00:00,218,2,3251.071
13953,2011-12-02 16:04:00,8,7,3515.68
13954,2011-12-08 12:50:00,2,2,439.92
13955,2011-07-08 17:19:00,155,2,322.96
13956,2011-12-04 13:20:00,6,5,1019.27
13959,2011-09-21 15:06:00,80,3,594.04
13960,2011-11-18 15:27:00,22,2,230.22
13962,2011-11-18 08:47:00,22,2,169.54999999999998
13963,2011-02-04 14:43:00,309,4,664.54
13967,2011-07-17 12:02:00,146,1,80.7
13969,2011-12-02 15:11:00,8,18,9024.17
13971,2011-11-21 12:06:00,19,8,2758.26
13972,2011-09-30 11:54:00,71,2,190.25
13973,2011-02-25 15:21:00,288,1,264.7
13974,2011-10-21 14:41:00,50,1,413.59000000000003
13975,2011-11-08 13:19:00,32,6,2461.2400000000002
13976,2011-05-17 09:13:00,207,1,357.98
13978,2011-11-25 11:36:00,15,2,196.79
13979,2011-09-27 13:32:00,74,1,869.87
13980,2011-10-10 13:34:00,61,1,200.14
13982,2011-10-31 16:24:00,40,4,1871.81
13983,2011-11-10 11:06:00,30,12,2603.43
13984,2011-11-13 12:38:00,27,5,920.51
13985,2011-12-05 17:06:00,5,15,7060.13
13986,2011-11-22 15:00:00,18,1,320.46
13988,2011-11-20 10:15:00,20,6,4147.96
13989,2011-10-05 09:47:00,66,2,1266.08
13990,2011-05-10 15:19:00,214,1,311.3
13991,2011-11-27 16:18:00,13,6,852.88
13992,2011-11-09 15:23:00,31,1,76.8
13993,2011-10-28 09:06:00,43,9,3466.36
13994,2011-12-06 11:05:00,4,6,2274.14
13995,2011-11-24 14:22:00,16,5,1393.69
13999,2011-11-29 13:40:00,11,12,3901.81
14000,2011-05-12 16:50:00,212,1,635.66
14001,2011-10-25 10:31:00,46,3,2043.0800000000002
14002,2011-07-28 15:55:00,135,2,529.73
14004,2011-10-27 14:40:00,44,7,4582.64
14005,2011-11-30 12:41:00,10,5,2874.72
14006,2011-08-16 09:39:00,116,3,962.19
14009,2011-05-25 15:47:00,199,2,695.61
14012,2011-03-07 12:26:00,278,1,328.8
14013,2011-08-21 15:01:00,111,3,473.02
14014,2011-09-23 13:18:00,78,1,505.18
14015,2011-10-18 10:02:00,53,1,917.34
14016,2011-07-01 11:29:00,162,4,4341.21
14019,2011-10-24 10:13:00,47,3,1421.6100000000001
14020,2011-11-23 09:22:00,17,2,642.8
14021,2011-07-07 15:46:00,156,3,631.9
14022,2011-04-28 14:39:00,226,1,440.0
14023,2011-12-02 13:58:00,8,2,584.07
14024,2011-08-10 11:30:00,122,2,327.7
14027,2011-10-10 09:01:00,61,1,104.82
14029,2011-10-07 14:46:00,64,2,467.66
14030,2011-11-21 16:48:00,19,8,2358.84
14031,2011-12-02 17:13:00,8,19,17286.86
14032,2011-12-07 15:23:00,3,11,2975.59
14034,2011-11-17 14:02:00,23,3,648.89
14035,2011-11-11 10:03:00,29,5,1428.02
14036,2011-02-28 09:26:00,285,1,626.65
14037,2011-06-16 13:57:00,177,2,147.20000000000002
14038,2011-09-22 13:37:00,79,3,1560.38
14039,2011-11-06 13:48:00,34,1,152.2
14040,2011-10-30 12:42:00,41,12,3560.32
14041,2011-03-18 13:25:00,267,1,141.41
14044,2011-11-13 12:05:00,27,4,646.42
14045,2011-08-22 15:27:00,110,4,1659.75
14046,2011-02-28 14:48:00,285,1,154.99
14047,2011-12-01 11:43:00,9,5,1308.6100000000001
14048,2011-02-07 14:53:00,306,1,409.93
14049,2011-11-23 12:20:00,17,4,5578.72
14050,2011-11-08 10:00:00,32,2,746.36
14051,2011-12-09 10:20:00,1,23,15610.390000000001
14052,2011-11-20 12:30:00,20,1,225.35999999999999
14053,2011-08-07 14:27:00,125,2,260.25
14054,2011-10-05 15:49:00,66,1,92.46000000000001
14055,2011-08-25 15:04:00,107,1,725.6400000000001
14056,2011-12-08 13:36:00,2,23,8152.71
14057,2011-11-16 10:32:00,24,17,6211.66
14059,2011-03-18 10:06:00,267,1,183.6
14060,2011-12-05 12:29:00,5,19,6140.42
14062,2011-11-30 10:04:00,10,12,10464.85
14064,2011-11-10 13:14:00,30,5,1334.34
14066,2011-03-18 12:21:00,267,1,152.55
14067,2011-10-07 10:21:00,64,2,374.7
14068,2011-01-23 16:02:00,321,1,265.85
14071,2011-12-06 12:27:00,4,8,1437.57
14073,2011-11-07 15:49:00,33,1,151.04
14075,2011-12-05 08:38:00,5,3,942.26
14076,2011-08-02 15:19:00,130,1,118.67
14077,2011-10-30 12:35:00,41,5,499.42
14078,2011-08-30 12:16:00,102,6,1049.37
14079,2011-08-07 12:10:00,125,1,375.1
14080,2011-11-07 11:09:00,33,1,45.599999999999994
14081,2011-02-10 16:17:00,303,2,921.62
14082,2010-12-10 11:02:00,365,1,182.25
14083,2011-12-05 13:14:00,5,9,1002.9
14085,2011-12-07 13:46:00,3,18,4421.29
14087,2011-12-07 12:41:00,3,1,191.47
14088,2011-11-29 16:16:00,11,13,50491.81
14089,2011-10-14 10:38:00,57,1,158.75
14090,2011-01-19 10:51:00,325,1,76.32000000000001
14092,2011-12-02 12:13:00,8,14,4076.9100000000003
14093,2011-11-27 16:27:00,13,1,433.86
14096,2011-12-05 17:17:00,5,17,65164.79
14098,2011-11-03 10:13:00,37,1,147.35
14099,2011-11-23 13:53:00,17,11,3104.17
14100,2011-07-25 11:01:00,138,1,191.95
14101,2011-09-27 12:28:00,74,6,5976.79
14102,2011-12-04 15:38:00,6,5,1105.8799999999999
14104,2011-07-08 12:50:00,155,2,216.21
14105,2011-04-14 17:58:00,240,1,1266.23
14107,2011-10-19 12:12:00,52,7,2703.23
14108,2011-11-09 10:41:00,31,2,597.91
14109,2011-09-28 10:18:00,73,1,144.2
14110,2011-12-06 12:26:00,4,12,5683.15
14111,2011-11-25 13:44:00,15,4,692.85
14112,2011-11-17 12:30:00,23,7,2915.15
14113,2011-12-06 12:18:00,4,4,1840.42
14114,2011-03-11 09:42:00,274,2,386.53
14116,2011-11-20 10:29:00,20,5,1382.74
14117,2011-07-19 09:49:00,144,1,90.0
14121,2011-12-06 12:19:00,4,4,2780.15
14124,2011-09-16 13:32:00,85,1,419.58
14125,2011-11-29 12:47:00,11,3,2720.63
14126,2011-12-02 11:45:00,8,3,706.1300000000001
14127,2011-08-09 10:49:00,123,3,709.71
14128,2011-10-10 12:00:00,61,2,637.5
14129,2011-12-08 11:02:00,2,5,1123.8600000000001
14130,2011-01-24 16:05:00,320,1,480.91
14132,2011-12-07 13:35:00,3,11,3586.03
14133,2011-08-02 11:34:00,130,3,605.64
14135,2011-12-08 11:38:00,2,15,4690.31
14138,2011-12-08 12:44:00,2,2,965.88
14139,2011-10-24 13:34:00,47,1,415.82
14140,2011-12-06 09:05:00,4,2,935.05
14141,2011-12-07 09:53:00,3,4,915.13
14142,2010-12-01 16:33:00,374,1,311.81
14143,2011-07-29 09:48:00,134,1,115.8
14145,2011-10-24 12:10:00,47,4,3742.2
14146,2011-12-01 10:18:00,9,5,4191.0
14147,2011-09-22 18:10:00,79,2,483.4
14148,2011-04-20 12:02:00,234,1,157.2
14149,2011-05-03 09:44:00,221,1,446.62
14150,2011-11-04 10:05:00,36,2,658.64
14152,2011-09-25 12:54:00,76,2,621.29
14154,2011-04-14 16:26:00,240,2,1345.62
14155,2011-03-18 14:13:00,267,1,118.75
14156,2011-11-30 10:54:00,10,55,117210.08
14157,2011-11-20 11:32:00,20,2,424.89000000000004
14158,2011-10-30 15:08:00,41,1,507.65999999999997
14159,2011-11-20 12:36:00,20,11,4630.35
14161,2011-05-08 11:41:00,216,3,1097.6200000000001
14162,2011-06-19 11:36:00,174,2,289.36
14163,2011-09-13 15:18:00,88,4,2445.91
14164,2011-09-30 12:24:00,71,2,1631.77
14165,2011-03-09 12:39:00,276,1,120.44
14167,2011-10-31 14:29:00,40,4,562.59
14171,2011-09-02 16:43:00,99,1,363.79
14173,2011-11-29 11:54:00,11,4,450.84
14174,2011-11-06 13:17:00,34,1,134.46
14175,2011-10-11 11:55:00,60,3,3222.3
14176,2011-02-15 13:12:00,298,4,576.9000000000001
14177,2011-09-14 15:11:00,87,4,549.46
14178,2011-12-01 12:01:00,9,7,1600.26
14179,2011-10-30 12:07:00,41,2,701.57
14180,2011-11-29 10:56:00,11,25,4748.52
14184,2011-10-04 12:43:00,67,1,452.89
14185,2011-01-12 13:52:00,332,1,197.65
14188,2011-11-09 12:45:00,31,6,2054.36
14189,2011-12-07 15:55:00,3,15,4654.08
14191,2011-12-08 09:23:00,2,13,4684.76
14193,2011-10-03 09:34:00,68,2,853.39
14194,2011-12-05 10:38:00,5,21,11349.52
14195,2011-05-22 10:29:00,202,2,1012.0
14196,2011-08-25 10:25:00,107,1,335.52
14198,2011-11-21 16:35:00,19,4,701.4
14199,2011-05-05 13:44:00,219,1,185.39999999999998
14201,2011-10-10 13:27:00,61,7,747.44
14204,2011-12-07 13:38:00,3,1,150.61
14205,2011-11-23 10:55:00,17,2,466.7
14206,2011-04-14 16:38:00,240,1,328.15999999999997
14208,2011-09-06 12:48:00,95,1,151.74
14209,2011-11-29 10:18:00,11,6,2073.43
14210,2011-08-26 12:36:00,106,6,1905.8400000000001
14211,2011-10-17 13:23:00,54,9,2241.1
14212,2011-09-11 12:45:00,90,1,1070.48
14214,2011-11-09 10:31:00,31,5,1004.38
14215,2011-11-28 12:19:00,12,6,1789.72
14216,2011-12-06 14:56:00,4,4,1839.3
14217,2011-12-08 11:53:00,2,17,2004.98
14218,2011-10-28 10:00:00,43,1,169.48000000000002
14219,2011-12-05 16:23:00,5,1,89.94
14220,2011-04-06 13:23:00,248,2,632.4000000000001
14221,2011-10-28 13:42:00,43,9,3432.8
14222,2011-06-15 16:42:00,178,1,683.17
14223,2011-09-08 13:38:00,93,3,991.13
14224,2011-08-21 13:24:00,111,4,1009.73
14226,2011-11-11 11:34:00,29,5,2214.79
14227,2011-11-13 15:48:00,27,10,3350.96
14229,2011-10-19 10:04:00,52,3,1547.2
14231,2011-06-09 11:05:00,184,3,925.71
14232,2011-10-28 11:09:00,43,5,2048.07
14233,2011-10-21 15:54:00,50,4,1462.72
14234,2011-11-17 17:53:00,23,4,754.12
14235,2011-09-25 14:37:00,76,5,3144.86
14236,2011-09-20 09:13:00,81,2,490.86
14237,2010-12-01 13:20:00,374,1,161.0
14238,2011-01-17 14:40:00,327,1,146.85
14239,2011-10-27 14:40:00,44,11,2380.85
14240,2011-11-09 13:45:00,31,2,890.34
14241,2011-06-09 11:46:00,184,1,213.70000000000002
14242,2011-04-19 11:46:00,235,2,280.55
14243,2011-12-01 11:12:00,9,10,2588.77
14245,2011-05-04 08:40:00,220,2,1693.45
14246,2011-08-21 11:50:00,111,3,1474.06
14247,2011-03-06 15:21:00,279,1,136.77
14248,2011-01-25 14:45:00,319,1,302.58
14250,2011-12-02 14:30:00,8,3,1904.05
14251,2011-12-08 08:32:00,2,5,2879.7000000000003
14256,2011-03-24 13:17:00,261,2,969.0600000000001
14257,2011-10-06 16:54:00,65,5,3099.7200000000003
14258,2011-11-30 15:27:00,10,9,12669.98
14259,2011-07-21 10:44:00,142,1,120.0
14261,2011-10-20 10:04:00,51,2,1163.45
14262,2011-12-01 14:17:00,9,8,2618.23
14264,2011-07-08 10:20:00,155,2,333.97
14265,2011-08-22 13:32:00,110,2,530.18
14267,2011-06-30 10:09:00,163,3,1516.24
14270,2011-01-12 09:33:00,332,1,492.65000000000003
14271,2011-04-28 12:47:00,226,1,112.32000000000001
14272,2011-09-27 10:08:00,74,2,437.96
14273,2011-10-19 13:20:00,52,4,559.97
14276,2011-09-02 09:45:00,99,3,1119.74
14277,2011-11-24 15:01:00,16,3,4188.0
14280,2011-05-27 10:37:00,197,1,134.04
14282,2011-12-06 17:04:00,4,15,3701.44
14284,2011-11-09 08:11:00,31,2,595.25
14285,2011-11-18 14:50:00,22,4,1910.01
14286,2011-11-16 10:34:00,24,3,4628.75
14287,2011-12-01 13:25:00,9,3,176.63
14288,2011-05-10 13:22:00,214,1,426.6
14289,2011-12-01 11:44:00,9,6,911.26
14290,2011-11-28 14:02:00,12,5,2314.65
14291,2011-12-08 10:26:00,2,11,3883.25
14292,2011-12-02 11:50:00,8,9,4871.93
14293,2011-12-06 15:17:00,4,4,1046.56
14295,2011-10-30 15:50:00,41,1,166.20000000000002
14297,2011-11-22 09:06:00,18,4,1305.33
14298,2011-12-01 13:12:00,9,44,51527.3
14299,2011-12-01 16:05:00,9,9,3965.62
14300,2011-11-21 08:57:00,19,1,43.2
14301,2011-08-14 15:33:00,118,1,640.14
14304,2011-05-01 11:50:00,223,1,383.45
14305,2011-09-29 15:29:00,72,3,1858.96
14306,2011-10-19 13:23:00,52,2,2093.32
14307,2011-09-12 09:38:00,89,6,2995.7200000000003
14309,2011-12-01 13:33:00,9,9,2352.53
14311,2011-04-11 10:14:00,243,1,310.26
14312,2011-10-24 09:46:00,47,6,1611.5900000000001
14314,2011-08-25 10:39:00,107,1,120.0
14315,2011-10-26 12:06:00,45,6,2481.13
14317,2011-10-06 10:44:00,65,1,508.58
14320,2011-05-17 09:24:00,207,2,477.79
14321,2011-11-29 09:47:00,11,5,1530.75
14323,2011-08-17 11:37:00,115,2,605.0600000000001
14326,2011-04-11 15:04:00,243,1,183.85
14327,2011-06-29 13:58:00,164,1,311.65000000000003
14329,2011-11-22 15:50:00,18,7,4975.24
14331,2011-08-07 13:17:00,125,2,462.66
14332,2011-11-17 11:54:00,23,3,840.21
14333,2011-10-03 10:38:00,68,1,415.2
14334,2011-11-23 10:01:00,17,8,2552.21
14335,2011-11-23 13:41:00,17,2,454.86
14336,2011-11-23 11:40:00,17,4,1614.91
14338,2011-07-01 14:08:00,162,2,588.22
14339,2011-04-11 11:06:00,243,1,309.52000000000004
14340,2011-05-05 09:44:00,219,1,134.7
14341,2011-10-25 15:48:00,46,8,2166.98
14342,2011-11-18 13:21:00,22,4,668.5600000000001
14344,2011-08-04 13:51:00,128,8,889.9300000000001
14345,2011-11-01 09:51:00,39,1,108.98
14346,2011-08-11 09:47:00,121,2,1021.58
14348,2011-03-24 16:23:00,261,1,409.57
14349,2011-11-29 15:39:00,11,1,133.5
14350,2011-03-10 14:14:00,275,1,282.93
14351,2011-06-28 11:56:00,165,1,51.0
14352,2011-07-05 15:41:00,158,4,1078.96
14353,2011-05-08 16:06:00,216,1,90.6
14354,2011-12-04 11:32:00,6,2,163.62
14355,2010-12-09 12:16:00,366,1,174.4
14356,2011-09-21 09:18:00,80,2,701.23
14357,2011-10-27 16:23:00,44,1,225.12
14359,2011-11-20 13:17:00,20,3,912.1800000000001
14360,2011-11-08 09:12:00,32,4,2118.03
14362,2011-11-17 15:08:00,23,1,151.5
14364,2011-08-23 11:01:00,109,8,3717.35
14367,2011-12-01 13:19:00,9,16,9227.82
14368,2011-01-24 09:52:00,320,1,155.0
14371,2011-02-17 16:35:00,296,1,100.5
14373,2010-12-16 15:40:00,359,1,76.55
14375,2011-06-07 13:44:00,186,1,235.56
14377,2011-06-01 13:32:00,192,2,617.05
14379,2011-10-26 16:43:00,45,2,348.1
14381,2011-10-18 17:10:00,53,1,202.68
14382,2011-11-13 16:18:00,27,1,615.49
14383,2011-11-01 15:53:00,39,3,1247.69
14385,2011-11-30 15:36:00,10,3,202.10999999999999
14386,2011-02-16 09:45:00,297,1,142.4
14387,2011-11-07 12:29:00,33,3,1727.6
14388,2011-11-29 13:32:00,11,8,3212.84
14389,2011-10-05 15:17:00,66,2,1043.46
14390,2011-11-29 13:49:00,11,9,4642.57
14393,2011-05-05 18:16:00,219,1,67.95
14395,2011-12-07 14:34:00,3,9,3479.91
14396,2011-10-05 16:09:00,66,2,487.99
14397,2011-12-07 09:22:00,3,19,2612.96
14400,2011-07-13 15:50:00,150,1,574.7
14401,2011-12-05 13:30:00,5,13,4051.48
14403,2011-08-01 12:57:00,131,4,1475.81
14404,2011-11-06 12:30:00,34,6,1449.32
14406,2011-08-12 16:54:00,120,1,156.75
14407,2011-08-24 14:02:00,108,6,2157.73
14408,2011-11-29 11:41:00,11,7,2599.03
14409,2011-09-29 18:18:00,72,6,2059.4500000000003
14410,2011-09-08 15:08:00,93,9,1100.27
14411,2011-02-02 10:56:00,311,1,1063.0
14412,2011-10-28 10:45:00,43,2,770.03
14413,2010-12-12 13:37:00,363,1,121.05
14414,2011-09-09 12:09:00,92,7,1496.98
14415,2011-12-08 14:38:00,2,13,5855.57
14416,2011-11-17 15:22:00,23,2,490.22
14418,2011-12-06 11:39:00,4,3,1937.25
14419,2011-11-29 11:22:00,11,6,1051.79
14420,2011-09-01 18:07:00,100,1,387.52
14421,2011-10-13 13:24:00,58,2,813.11
14422,2011-12-09 11:26:00,1,6,4263.64
14423,2011-05-05 15:12:00,219,1,265.2
14424,2011-11-22 11:48:00,18,1,322.08
14426,2011-11-16 12:25:00,24,10,4481.67
14427,2011-10-20 14:23:00,51,2,363.34000000000003
14428,2011-12-02 13:17:00,8,5,1224.06
14431,2011-02-10 10:40:00,303,1,470.36
14432,2011-11-30 08:04:00,10,6,2248.5
14434,2011-11-18 08:56:00,22,6,1372.8
14436,2011-09-02 10:13:00,99,1,89.06
14437,2010-12-09 09:27:00,366,1,63.0
14438,2011-02-06 14:56:00,307,1,131.9
14439,2011-01-24 11:39:00,320,1,2661.24
14440,2011-12-01 15:42:00,9,5,2357.68
14441,2011-12-09 09:07:00,1,4,1712.89
14442,2011-05-19 11:36:00,205,2,1589.82
14443,2011-10-17 10:10:00,54,4,1420.2
14446,2011-12-09 11:34:00,1,4,1010.35
14447,2011-11-21 08:28:00,19,5,1163.23
14448,2011-11-30 13:50:00,10,2,375.35
14449,2011-11-21 12:06:00,19,4,885.8
14450,2011-06-12 10:46:00,181,3,483.25
14451,2011-10-10 13:38:00,61,2,643.9
14452,2011-11-29 12:06:00,11,2,259.05
14453,2011-06-02 14:15:00,191,1,119.93
14456,2011-12-04 13:59:00,6,9,3017.28
14457,2011-02-02 09:39:00,311,1,113.64
14459,2011-07-07 13:35:00,156,1,1837.92
14460,2011-08-21 14:19:00,111,3,434.34
14461,2011-07-14 17:11:00,149,3,2103.06
14462,2011-10-04 15:55:00,67,11,1980.57
14463,2011-09-02 15:20:00,99,3,529.62
14465,2011-04-07 12:38:00,247,3,1038.44
14466,2011-11-10 14:07:00,30,7,2272.4
14467,2011-11-22 12:48:00,18,4,596.26
14470,2011-11-28 10:31:00,12,2,461.19
14472,2011-08-28 11:01:00,104,8,1852.67
14473,2011-09-26 15:10:00,75,2,234.34
14474,2011-10-24 13:26:00,47,1,547.66
14475,2011-09-29 10:46:00,72,3,925.85
14476,2011-03-27 15:39:00,258,1,193.0
14477,2011-11-20 11:11:00,20,4,1309.6
14479,2011-03-31 09:07:00,254,2,316.25
14480,2011-11-28 16:35:00,12,1,279.05
14481,2011-06-28 10:38:00,165,2,636.51
14482,2011-11-21 13:14:00,19,6,2022.81
14483,2011-03-03 10:26:00,282,1,137.1
14484,2011-10-20 14:11:00,51,1,321.92
14485,2011-11-01 12:25:00,39,1,162.8
14487,2011-11-13 12:17:00,27,6,1165.48
14488,2011-10-03 09:30:00,68,1,1064.28
14489,2011-05-16 14:51:00,208,1,463.38
14491,2011-06-17 15:22:00,176,2,340.93
14493,2011-12-02 16:14:00,8,5,2383.2400000000002
14494,2011-11-14 09:21:00,26,1,139.56
14495,2011-10-20 12:28:00,51,2,123.80000000000001
14496,2011-02-01 09:01:00,312,2,538.8100000000001
14497,2011-02-03 17:01:00,310,1,475.37
14498,2011-10-28 12:09:00,43,5,1957.32
14499,2011-11-13 13:01:00,27,3,808.44
14500,2011-09-12 16:45:00,89,3,356.85
14501,2011-06-09 12:02:00,184,2,251.21
14502,2011-11-20 11:50:00,20,11,2429.83
14503,2011-12-06 13:30:00,4,6,3543.26
14504,2011-10-23 16:00:00,48,4,673.26
14505,2011-11-22 15:45:00,18,8,5859.43
14506,2011-11-22 13:02:00,18,5,1960.65
14507,2011-11-16 12:21:00,24,6,1367.88
14508,2011-11-17 19:48:00,23,2,268.05
14511,2011-11-28 17:05:00,12,5,1314.81
14512,2011-06-05 12:39:00,188,2,275.28
14513,2011-08-31 11:25:00,101,3,455.59000000000003
14514,2011-10-09 16:05:00,62,3,990.2
14515,2011-11-22 11:37:00,18,6,2076.89
14517,2011-11-06 14:20:00,34,2,330.45
14518,2011-10-06 14:43:00,65,1,174.37
14520,2011-12-08 09:46:00,2,2,270.6
14522,2011-11-15 13:24:00,25,4,974.54
14523,2011-08-23 13:13:00,109,1,241.09
14524,2011-11-08 12:29:00,32,9,1843.83
14525,2011-11-20 11:37:00,20,9,4215.9
14527,2011-12-07 12:19:00,3,55,8507.13
14528,2011-11-02 17:09:00,38,1,364.21999999999997
14529,2011-10-10 15:27:00,61,3,578.61
14530,2011-11-14 10:38:00,26,6,2862.11
14532,2011-04-17 13:05:00,237,4,932.85
14533,2011-11-15 12:05:00,25,7,1949.72
14534,2011-12-07 12:19:00,3,18,4397.3
14535,2011-10-10 15:39:00,61,3,2854.84
14536,2011-03-25 12:21:00,260,1,170.95
14537,2011-10-13 10:54:00,58,1,355.56
14538,2011-10-06 10:31:00,65,2,388.25
14539,2011-11-24 09:50:00,16,2,537.48
14540,2011-11-30 10:15:00,10,3,952.66
14541,2011-10-12 10:08:00,59,8,1453.35
14542,2011-06-07 08:19:00,186,1,103.25
14543,2011-11-11 12:45:00,29,16,3599.73
14544,2011-11-15 15:06:00,25,2,2004.3
14546,2011-12-04 13:00:00,6,5,2573.93
14547,2011-12-06 11:06:00,4,8,3974.75
14548,2011-07-12 12:19:00,151,2,652.8
14549,2011-02-01 13:47:00,312,1,289.24
14550,2011-11-29 12:12:00,11,2,757.37
14551,2011-11-21 13:36:00,19,2,186.23
14552,2011-07-11 12:49:00,152,1,164.22
14553,2011-11-20 13:20:00,20,5,859.27
14554,2011-11-29 16:44:00,11,4,2279.4900000000002
14555,2011-10-13 16:24:00,58,2,312.54
14557,2011-09-15 15:48:00,86,1,788.38
14560,2011-12-02 15:22:00,8,22,2237.77
14561,2011-09-25 12:39:00,76,3,1080.76
14562,2011-12-06 11:05:00,4,18,5006.77
14565,2011-09-05 09:07:00,96,4,3099.12
14566,2011-08-21 11:05:00,111,1,1432.0
14567,2011-10-14 10:21:00,57,2,1530.3600000000001
14569,2011-12-08 14:58:00,2,1,227.39
14570,2011-03-04 10:58:00,281,2,218.06
14572,2011-12-06 14:40:00,4,7,2804.54
14573,2011-06-13 11:15:00,180,9,1639.82
14576,2010-12-02 17:51:00,373,1,35.400000000000006
14577,2011-11-27 12:47:00,13,4,859.71
14578,2011-12-06 17:18:00,4,1,168.63
14581,2011-11-23 12:39:00,17,1,138.6
14582,2011-10-30 11:56:00,41,1,114.11
14583,2011-12-04 12:32:00,6,5,986.96
14584,2011-06-23 18:33:00,170,4,1033.06
14585,2011-10-20 14:33:00,51,1,157.05
14586,2011-03-08 10:04:00,277,1,237.35999999999999
14587,2011-11-21 11:34:00,19,9,1580.29
14589,2010-12-03 11:42:00,372,1,39.75
14591,2011-11-24 13:57:00,16,4,1320.21
14592,2011-11-04 16:35:00,36,3,557.94
14593,2011-11-18 12:48:00,22,3,617.15
14594,2011-12-02 13:28:00,8,2,363.33
14595,2011-11-20 12:12:00,20,6,1740.6000000000001
14597,2011-11-28 13:13:00,12,2,866.24
14598,2011-10-26 13:19:00,45,1,221.97
14600,2011-02-07 09:48:00,306,1,393.33000000000004
14601,2011-11-29 09:48:00,11,1,213.96
14603,2011-03-10 10:27:00,275,1,660.0
14606,2011-12-08 19:28:00,2,93,12076.15
14607,2011-11-24 10:35:00,16,14,16209.5
14608,2011-12-05 16:52:00,5,4,1785.15
14609,2011-09-28 12:54:00,73,4,601.56
14616,2011-04-11 09:54:00,243,3,406.08000000000004
14618,2011-11-30 13:45:00,10,3,553.44
14619,2011-04-08 07:37:00,246,1,394.44
14620,2011-05-18 11:58:00,206,2,412.78000000000003
14621,2011-12-08 16:22:00,2,5,1788.3600000000001
14622,2011-06-08 12:42:00,185,1,320.58000000000004
14623,2011-11-07 13:56:00,33,5,886.7
14624,2011-10-13 13:44:00,58,2,225.85
14625,2011-05-27 15:32:00,197,2,899.63
14626,2011-11-16 10:37:00,24,4,2791.27
14628,2011-09-09 14:58:00,92,2,671.96
14629,2011-12-05 16:55:00,5,2,955.26
14631,2011-10-20 11:17:00,51,3,1006.98
14632,2011-03-22 08:49:00,263,1,114.56
14633,2011-03-18 17:07:00,267,1,344.90000000000003
14636,2011-11-03 16:12:00,37,2,609.85
14638,2011-10-20 10:10:00,51,1,443.6
14639,2011-10-18 15:06:00,53,6,2984.4900000000002
14640,2011-11-15 13:07:00,25,6,2107.38
14641,2011-11-18 10:42:00,22,1,110.46000000000001
14642,2011-10-12 11:08:00,59,1,96.12
14643,2011-06-22 14:41:00,171,2,693.8100000000001
14644,2011-10-03 08:30:00,68,2,830.76
14645,2011-07-06 09:15:00,157,2,597.09
14646,2011-12-08 12:12:00,2,73,280206.02
14647,2011-05-22 13:40:00,202,1,236.04000000000002
14649,2011-12-05 12:30:00,5,4,1402.59
14651,2011-10-03 15:52:00,68,2,653.75
14652,2011-09-23 14:21:00,78,1,114.18
14653,2011-12-08 13:45:00,2,7,1926.65
14655,2011-12-01 16:28:00,9,4,1932.23
14656,2011-06-23 13:51:00,170,2,291.05
14657,2011-11-22 12:47:00,18,4,848.22
14658,2011-12-04 15:35:00,6,2,247.15
14659,2011-12-01 12:17:00,9,9,2529.93
14660,2011-09-14 11:34:00,87,2,285.74
14661,2011-11-13 11:51:00,27,1,107.95
14662,2011-11-11 12:13:00,29,4,741.37
14664,2011-11-20 10:59:00,20,2,636.24
14665,2011-10-10 09:14:00,61,5,1835.7
14666,2011-11-15 12:57:00,25,1,195.25
14667,2011-11-29 11:30:00,11,25,9175.04
14669,2011-04-12 11:43:00,242,3,1259.24
14670,2011-03-04 14:13:00,281,2,392.86
14672,2011-04-19 10:19:00,235,2,765.5500000000001
14673,2011-12-06 14:31:00,4,5,1736.4
14675,2011-11-23 12:58:00,17,1,596.36
14676,2011-11-08 13:29:00,32,6,2548.2400000000002
14680,2011-11-14 16:59:00,26,16,28754.11
14681,2011-09-29 15:52:00,72,3,498.95
14682,2011-06-05 12:12:00,188,2,52.0
14684,2011-11-14 11:33:00,26,5,1201.51
14687,2011-08-25 11:59:00,107,1,628.38
14688,2011-12-02 12:26:00,8,21,5579.1
14689,2011-05-15 11:22:00,209,1,112.80000000000001
14690,2011-10-26 15:39:00,45,2,355.05
14691,2011-11-09 12:30:00,31,5,2114.33
14692,2011-07-25 15:08:00,138,4,591.55
14693,2011-03-20 12:50:00,265,1,172.9
14696,2011-12-05 13:43:00,5,7,2078.95
14697,2011-05-05 15:39:00,219,2,188.61
14698,2011-12-08 12:26:00,2,5,1217.27
14699,2011-05-09 14:54:00,215,1,109.13000000000001
14700,2011-11-07 14:40:00,33,3,2195.1
14701,2011-11-29 12:38:00,11,9,2526.09
14702,2011-12-08 19:29:00,2,17,3251.79
14703,2011-11-25 09:23:00,15,1,318.17
14704,2011-11-28 12:51:00,12,9,1493.96
14705,2011-05-25 12:39:00,199,1,179.0
14708,2011-12-07 08:21:00,3,3,1126.3700000000001
14709,2011-11-24 15:41:00,16,13,4921.04
14710,2011-11-25 14:53:00,15,4,599.48
14711,2011-11-29 14:58:00,11,11,2839.62
14712,2011-11-10 12:59:00,30,3,917.07
14713,2011-11-30 16:26:00,10,11,2662.2
14714,2011-11-15 13:07:00,25,1,160.19
14715,2011-11-15 12:10:00,25,4,867.38
14716,2011-10-27 17:29:00,44,2,307.51
14719,2011-12-08 12:43:00,2,5,1581.84
14720,2011-12-04 12:02:00,6,3,663.81
14722,2011-07-15 14:58:00,148,1,180.42
14723,2011-11-29 15:23:00,11,6,1122.36
14725,2011-11-15 12:42:00,25,1,655.58
14727,2011-03-10 14:45:00,275,1,268.58
14729,2010-12-01 12:43:00,374,1,313.49
14730,2011-12-08 14:39:00,2,8,1897.57
14731,2011-10-23 15:54:00,48,3,380.02
14732,2011-12-01 14:34:00,9,8,2702.4900000000002
14733,2011-11-23 15:39:00,17,12,9585.91
14735,2011-12-06 12:09:00,4,32,6065.6900000000005
14737,2011-12-06 10:16:00,4,3,1164.55
14738,2011-10-28 08:56:00,43,7,1314.45
14739,2011-12-05 16:54:00,5,7,3902.28
14740,2011-05-26 18:17:00,198,3,1448.21
14741,2011-11-28 08:48:00,12,6,1400.3400000000001
14744,2011-11-23 12:51:00,17,7,1099.98
14745,2011-08-19 10:05:00,113,5,1220.26
14747,2011-04-04 14:09:00,250,1,328.2
14748,2011-11-10 18:33:00,30,5,1415.75
14752,2011-10-27 11:55:00,44,1,389.64000000000004
14753,2011-09-13 14:50:00,88,1,563.15
14754,2011-10-26 12:01:00,45,2,638.05
14755,2011-11-30 11:24:00,10,11,5010.28
14756,2011-11-24 18:13:00,16,1,738.96
14757,2011-09-25 14:36:00,76,1,420.5
14758,2011-07-18 08:21:00,145,4,1484.06
14759,2011-12-05 12:03:00,5,3,1625.97
14760,2011-02-15 16:27:00,298,1,89.2
14761,2011-10-12 12:10:00,59,2,255.9
14762,2011-03-21 08:20:00,264,1,300.52
14764,2011-10-24 11:54:00,47,1,278.3
14765,2011-11-10 19:53:00,30,3,254.11
14766,2011-12-01 16:05:00,9,6,2473.37
14768,2011-11-22 12:54:00,18,2,192.60000000000002
14769,2011-12-07 10:24:00,3,8,10416.98
14770,2011-04-21 14:21:00,233,2,876.4200000000001
14772,2011-08-19 15:04:00,113,1,139.26
14775,2011-10-12 15:27:00,59,3,1011.9
14776,2011-10-19 15:34:00,52,11,2538.2999999999997
14778,2011-08-04 15:23:00,128,2,730.86
14779,2011-03-04 12:42:00,281,3,386.15
14780,2011-10-16 12:46:00,55,2,447.68
14782,2011-01-24 11:12:00,320,1,200.10000000000002
14784,2011-11-13 13:30:00,27,2,289.99
14785,2011-11-29 13:21:00,11,2,77.4
14788,2011-12-02 17:06:00,8,2,679.44
14789,2011-11-11 08:59:00,29,1,197.64
14790,2011-11-23 09:28:00,17,4,745.06
14792,2011-10-07 09:19:00,64,1,6.2
14793,2011-11-18 14:50:00,22,1,228.99
14794,2011-12-07 10:11:00,3,7,1319.91
14795,2011-06-26 13:04:00,167,1,131.45000000000002
14796,2011-12-08 15:31:00,2,17,7975.49
14798,2011-10-18 10:58:00,53,3,173.74
14799,2011-10-19 16:16:00,52,1,157.7
14800,2011-10-23 12:46:00,48,12,4331.79
14801,2011-10-09 15:24:00,62,1,189.34
14803,2011-06-30 13:58:00,163,3,845.5500000000001
14804,2011-12-01 11:20:00,9,1,353.27
14805,2011-11-24 16:20:00,16,4,546.4
14806,2011-09-25 15:32:00,76,1,193.39000000000001
14808,2011-10-31 12:21:00,40,8,2718.6
14810,2011-10-30 11:19:00,41,11,2085.33
14813,2010-12-05 11:57:00,370,2,152.88
14815,2011-11-03 11:36:00,37,2,778.5
14816,2011-05-26 13:16:00,198,1,271.85
14817,2011-05-23 13:35:00,201,2,1110.34
14818,2011-09-27 11:01:00,74,3,657.8
14819,2011-10-06 13:41:00,65,2,272.07
14820,2011-11-18 15:41:00,22,4,507.29
14821,2010-12-08 08:43:00,367,1,48.800000000000004
14823,2011-06-12 13:12:00,181,3,321.43
14824,2011-11-29 14:20:00,11,4,1127.71
14825,2011-12-06 11:38:00,4,12,2221.01
14828,2011-05-27 10:16:00,197,3,2139.76
14829,2011-11-10 16:16:00,30,4,697.55
14830,2011-10-17 14:29:00,54,1,188.88
14834,2011-11-22 10:30:00,18,6,1720.3
14836,2011-11-29 16:45:00,11,3,102.45
14837,2011-09-11 10:58:00,90,4,1649.5
14840,2011-03-17 12:00:00,268,1,62.85
14841,2011-10-17 15:03:00,54,6,3295.76
14842,2011-10-27 12:37:00,44,4,2824.69
14844,2011-10-07 10:41:00,64,4,3189.81
14847,2011-07-14 10:52:00,149,1,309.40000000000003
14849,2011-11-18 10:58:00,22,25,7930.54
14850,2011-02-01 11:21:00,312,1,325.75
14851,2011-11-16 14:20:00,24,2,511.35
14852,2011-10-12 13:20:00,59,6,2836.69
14853,2011-11-15 16:56:00,25,2,475.8
14854,2011-09-22 17:00:00,79,7,2740.03
14855,2011-08-12 14:02:00,120,2,645.65
14856,2011-11-03 14:53:00,37,3,1290.53
14857,2011-10-11 09:23:00,60,2,1173.1200000000001
14859,2011-11-27 11:18:00,13,4,1353.74
14860,2011-11-20 14:17:00,20,1,170.32
14861,2011-10-18 12:54:00,53,1,125.79
14862,2011-11-14 10:01:00,26,2,841.2
14863,2011-11-10 15:04:00,30,1,266.76
14865,2011-12-02 16:25:00,8,2,52.2
14866,2011-11-29 11:45:00,11,12,14389.9
14867,2011-06-07 11:39:00,186,3,710.28
14868,2011-12-06 14:49:00,4,8,2953.59
14869,2011-12-01 12:36:00,9,2,721.45
14870,2011-03-23 10:51:00,262,1,327.25
14871,2011-12-06 13:42:00,4,4,501.28000000000003
14873,2011-05-13 13:52:00,211,1,519.68
14875,2011-08-24 12:20:00,108,2,1465.32
14878,2011-11-27 11:15:00,13,9,1476.09
14880,2011-09-23 13:42:00,78,3,690.59
14881,2011-11-20 11:06:00,20,1,255.4
14882,2011-11-13 12:47:00,27,2,589.7
14883,2011-11-21 10:23:00,19,6,761.59
14885,2011-07-31 12:05:00,132,1,765.3199999999999
14886,2011-04-01 08:56:00,253,1,364.8
14887,2011-09-21 15:32:00,80,1,1862.0
14888,2011-05-16 14:58:00,208,1,369.2
14889,2011-01-07 15:19:00,337,1,135.9
14890,2011-03-31 11:57:00,254,1,125.65
14891,2011-07-14 18:08:00,149,2,554.38
14893,2011-11-30 12:31:00,10,2,1237.8500000000001
14894,2011-09-15 13:51:00,86,1,655.75
14895,2011-12-02 09:23:00,8,20,11138.710000000001
14896,2011-05-19 10:20:00,205,2,468.77000000000004
14897,2011-12-02 10:32:00,8,4,1366.38
14898,2011-11-16 14:54:00,24,6,1269.31
14901,2011-11-28 17:09:00,12,9,1421.29
14902,2011-11-14 10:34:00,26,1,332.66
14903,2011-11-18 16:07:00,22,5,2795.33
14904,2011-12-07 12:55:00,3,2,1025.44
14905,2011-07-05 12:41:00,158,2,616.15
14907,2011-12-06 14:14:00,4,7,3501.1
14908,2011-09-26 12:56:00,75,1,277.8
14910,2011-12-07 10:06:00,3,4,434.35
14911,2011-12-08 15:54:00,2,201,143711.17
14912,2011-11-23 09:20:00,17,2,867.85
14913,2011-11-04 08:29:00,36,4,1227.43
14915,2011-09-09 13:34:00,92,2,307.48
14916,2011-09-30 09:20:00,71,4,1268.98
14918,2011-08-16 11:50:00,116,2,1610.15
14920,2011-05-11 10:32:00,213,2,977.77
14921,2011-11-09 13:17:00,31,2,1316.07
14923,2011-10-20 11:51:00,51,1,749.1
14924,2011-04-08 09:25:00,246,1,310.05
14929,2011-11-07 17:21:00,33,1,223.88
14930,2011-08-23 10:31:00,109,3,2362.96
14931,2011-12-05 10:19:00,5,5,1257.68
14932,2010-12-09 11:48:00,366,1,363.53
14934,2011-09-19 10:10:00,82,2,1890.94
14935,2011-02-15 14:44:00,298,1,1784.71
14936,2011-11-06 10:30:00,34,8,8137.02
14937,2011-10-14 12:29:00,57,3,1621.88
14944,2011-11-10 09:10:00,30,12,5900.25
14946,2011-11-25 13:33:00,15,1,100.9
14947,2011-09-28 15:48:00,73,2,290.82
14948,2011-11-16 17:16:00,24,6,1101.97
14950,2011-11-20 13:48:00,20,1,371.2
14951,2011-09-21 15:15:00,80,1,311.69
14952,2011-10-11 10:33:00,60,11,8099.49
14953,2011-11-14 14:59:00,26,1,285.67
14954,2011-11-27 14:30:00,13,1,294.85
14957,2011-03-31 17:59:00,254,1,58.49
14958,2011-07-15 14:20:00,148,3,483.73
14959,2011-10-06 18:23:00,65,4,695.42
14960,2011-12-01 12:54:00,9,2,221.27
14961,2011-11-29 09:42:00,11,9,7044.68
14962,2011-03-14 09:42:00,271,1,126.7
14963,2011-11-30 12:16:00,10,5,1472.34
14964,2011-04-06 14:13:00,248,1,206.21
14965,2011-09-04 13:20:00,97,2,596.09
14966,2011-11-25 12:20:00,15,1,183.02
14967,2011-10-21 11:06:00,50,1,463.8
14968,2011-11-09 13:58:00,31,1,147.59
14970,2011-10-02 13:44:00,69,4,1592.06
14971,2011-11-04 17:07:00,36,3,1097.98
14972,2011-08-03 14:54:00,129,1,114.77
14973,2011-08-24 15:51:00,108,3,1314.45
14974,2011-11-02 13:01:00,38,1,89.94
14975,2011-10-13 14:08:00,58,1,279.94
14976,2011-10-13 16:37:00,58,7,790.86
14978,2011-09-28 13:07:00,73,5,1921.3700000000001
14981,2011-04-07 13:45:00,247,1,102.12
14984,2011-11-20 14:28:00,20,2,202.37
14985,2011-05-25 14:29:00,199,2,292.01
14987,2011-11-24 09:59:00,16,2,326.4
14988,2011-05-12 12:05:00,212,1,334.54
14995,2011-11-01 11:39:00,39,2,231.98000000000002
14997,2011-10-24 13:28:00,47,3,546.1999999999999
14998,2011-06-22 17:30:00,171,2,414.87
15000,2011-10-23 11:42:00,48,1,490.52
15002,2011-08-16 10:44:00,116,4,1641.76
15004,2011-07-15 14:05:00,148,1,1220.77
15005,2011-11-24 12:25:00,16,28,6295.37
15006,2011-10-19 15:08:00,52,1,480.38
15007,2011-07-03 16:00:00,160,1,156.91
15009,2011-11-27 13:35:00,13,3,1259.43
15010,2011-11-04 12:42:00,36,1,308.94
15012,2011-10-17 12:22:00,54,2,405.04
15014,2011-10-27 20:07:00,44,2,257.67
15016,2011-06-20 12:06:00,173,1,170.04
15017,2011-11-06 10:33:00,34,1,125.58
15018,2011-11-01 12:47:00,39,3,496.21
15019,2011-03-18 12:35:00,267,1,252.81
15021,2011-12-01 11:53:00,9,9,1871.77
15022,2011-11-28 12:35:00,12,4,852.39
15023,2011-12-06 17:23:00,4,11,6720.41
15024,2011-11-30 12:06:00,10,10,1636.43
15025,2011-11-06 15:20:00,34,1,361.96
15026,2011-09-20 13:52:00,81,3,469.0
15027,2011-11-09 10:16:00,31,4,1066.15
15028,2011-12-01 14:06:00,9,4,627.13
15030,2011-09-29 10:50:00,72,2,518.28
15031,2011-12-05 14:19:00,5,4,653.19
15032,2011-03-28 15:03:00,257,3,4959.1
15033,2011-12-05 12:40:00,5,10,2557.18
15034,2011-11-24 12:11:00,16,8,4274.16
15035,2011-09-11 11:08:00,90,1,252.73000000000002
15036,2011-09-28 15:42:00,73,3,429.56
15038,2011-10-12 11:33:00,59,6,685.74
15039,2011-11-30 11:31:00,10,47,19766.59
15041,2011-06-22 16:16:00,171,1,179.93
15042,2011-05-24 16:25:00,200,1,135.93
15043,2011-11-08 14:26:00,32,1,537.0
15044,2011-11-20 13:20:00,20,17,7634.7300000000005
15045,2011-07-11 11:33:00,152,2,735.66
15046,2011-11-30 15:50:00,10,15,5090.42
15047,2011-03-15 10:49:00,270,1,343.62
15048,2011-10-05 14:55:00,66,4,381.0
15049,2011-03-11 12:13:00,274,1,121.17000000000002
15050,2011-11-14 16:17:00,26,3,1737.69
15051,2011-11-16 15:38:00,24,3,1383.36
15052,2011-01-24 15:52:00,320,1,207.73000000000002
15053,2011-12-05 12:08:00,5,3,693.95
15054,2011-11-27 15:02:00,13,2,302.1
15057,2011-03-09 15:17:00,276,2,1489.5
15058,2011-11-14 14:57:00,26,11,2102.54
15059,2011-10-30 11:35:00,41,9,1337.72
15060,2011-12-01 13:47:00,9,4,294.25
15061,2011-12-06 12:06:00,4,48,54534.14
15062,2011-09-29 16:51:00,72,4,987.86
15063,2011-05-10 13:25:00,214,1,370.79999999999995
15065,2011-11-02 09:45:00,38,4,3158.13
15066,2011-10-17 13:25:00,54,1,893.59
15067,2011-09-22 13:20:00,79,3,1744.76
15068,2011-10-24 14:47:00,47,2,553.36
15069,2011-06-13 14:16:00,180,1,1109.53
15070,2010-12-02 11:23:00,373,1,106.2
15071,2011-09-07 11:43:00,94,2,982.07
15073,2011-11-30 10:44:00,10,3,1043.41
15074,2011-08-26 14:45:00,106,1,735.67
15075,2011-09-23 12:27:00,78,1,773.03
15076,2011-06-20 08:23:00,173,1,880.85
15078,2011-12-02 15:41:00,8,32,9743.11
15079,2011-05-11 12:45:00,213,4,895.61
15081,2011-11-17 17:08:00,23,5,504.8
15083,2011-03-28 12:18:00,257,1,88.2
15087,2011-03-03 10:34:00,282,1,306.94
15088,2011-11-18 13:14:00,22,2,1160.07
15089,2011-11-29 16:31:00,11,6,2420.84
15090,2011-02-04 14:03:00,309,1,381.32
15091,2011-10-03 12:47:00,68,1,480.71
15092,2011-05-08 14:10:00,216,2,457.81
15093,2011-11-21 13:09:00,19,6,4597.02
15095,2011-08-28 12:01:00,104,4,1370.6000000000001
15096,2011-10-28 10:27:00,43,1,219.39000000000001
15097,2011-12-05 14:03:00,5,1,248.08
15098,2011-06-10 15:33:00,183,3,39916.5
15099,2011-09-16 13:13:00,85,1,410.48
15100,2011-01-10 10:35:00,334,3,876.0
15101,2011-12-01 10:18:00,9,2,317.53000000000003
15103,2011-11-08 14:53:00,32,2,703.36
15104,2011-05-27 12:29:00,197,2,993.54
15105,2011-11-21 16:54:00,19,7,2298.93
15106,2011-11-22 09:16:00,18,5,1422.52
15107,2011-02-01 14:46:00,312,6,319.5
15108,2011-07-21 10:24:00,142,4,1300.25
15109,2011-04-08 09:58:00,246,1,484.95
15110,2011-11-16 11:16:00,24,4,996.1
15111,2011-11-10 16:58:00,30,3,1567.48
15113,2011-11-30 08:23:00,10,3,3509.43
15114,2011-11-09 15:05:00,31,10,2760.56
15115,2011-11-21 14:59:00,19,1,340.11
15116,2011-11-22 12:25:00,18,4,1352.75
15117,2011-11-25 08:12:00,15,5,1551.78
15118,2011-07-28 14:54:00,135,1,244.8
15119,2011-04-08 09:08:00,246,1,266.4
15120,2011-07-29 09:48:00,134,1,358.82
15121,2011-10-20 14:51:00,51,2,457.72
15122,2011-08-17 16:48:00,115,3,1633.78
15123,2011-12-02 13:12:00,8,2,2199.31
15124,2011-11-17 10:09:00,23,2,184.19
15125,2011-11-14 13:57:00,26,15,11528.48
15127,2011-10-05 10:30:00,66,1,406.53000000000003
15128,2011-10-10 13:54:00,61,4,1471.0
15129,2011-10-20 14:40:00,51,11,3447.4
15130,2011-06-23 10:15:00,170,1,330.11
15132,2011-11-21 17:10:00,19,5,977.9300000000001
15133,2011-08-04 10:44:00,128,3,982.42
15134,2011-11-25 08:55:00,15,8,1387.99
15135,2011-04-14 19:16:00,240,1,139.05
15136,2011-12-07 12:26:00,3,4,1286.7
15139,2011-04-14 11:39:00,240,2,178.96
15140,2011-10-18 14:07:00,53,7,2354.25
15142,2011-10-24 12:51:00,47,1,498.74
15143,2011-04-28 12:03:00,226,1,259.45
15144,2011-12-01 15:12:00,9,17,6580.4400000000005
15145,2011-12-05 17:21:00,5,4,1194.73
15146,2011-06-28 12:09:00,165,2,1327.16
15147,2011-04-13 15:57:00,241,1,623.5
15148,2011-11-29 08:21:00,11,1,301.29
15149,2011-07-29 10:58:00,134,1,520.8000000000001
15150,2011-11-22 12:52:00,18,10,5291.33
15152,2011-11-30 12:32:00,10,13,4745.69
15153,2011-11-08 17:09:00,32,1,329.25
15154,2011-09-25 16:05:00,76,1,254.28
15156,2011-12-08 18:22:00,2,3,961.49
15157,2011-12-06 11:28:00,4,3,1936.07
15158,2011-10-25 13:53:00,46,1,401.40000000000003
15159,2011-12-08 12:05:00,2,30,18641.010000000002
15160,2010-12-17 14:15:00,358,1,158.16
15163,2011-11-21 13:10:00,19,2,304.47
15164,2011-10-02 12:05:00,69,3,824.58
15165,2010-12-01 14:03:00,374,1,487.75
15167,2011-01-23 12:41:00,321,1,158.8
15168,2011-11-14 11:26:00,26,1,106.56
15171,2011-01-12 15:36:00,332,1,1289.5
15172,2011-12-01 11:51:00,9,5,1624.05
15174,2011-01-21 09:06:00,323,1,135.75
15175,2011-09-29 11:31:00,72,1,224.14
15178,2011-03-24 15:12:00,261,1,40.5
15179,2011-11-21 12:53:00,19,5,2206.9500000000003
15180,2010-12-07 14:57:00,368,1,87.5
15181,2011-10-04 13:58:00,67,3,689.48
15182,2011-07-08 13:37:00,155,2,622.85
15184,2011-11-10 13:41:00,30,2,402.2
15185,2011-09-30 14:06:00,71,1,310.62
15186,2011-11-25 14:58:00,15,2,411.41
15187,2011-12-08 11:56:00,2,16,4777.18
15189,2011-12-08 13:22:00,2,41,16225.39
15192,2011-08-12 11:41:00,120,3,1044.32
15193,2011-10-10 08:23:00,61,1,499.32
15194,2011-12-06 15:10:00,4,15,7616.53
15195,2011-12-07 12:20:00,3,1,3861.0
15197,2011-11-29 10:00:00,11,3,1079.61
15198,2011-09-08 14:42:00,93,2,193.64
15199,2011-10-11 15:12:00,60,4,1268.7
15201,2011-09-13 14:53:00,88,5,1236.54
15203,2011-11-14 08:16:00,26,6,1827.8
15204,2010-12-17 13:49:00,358,1,316.58
15205,2011-09-15 19:36:00,86,2,653.24
15206,2011-11-29 13:41:00,11,4,420.3
15208,2011-12-08 17:24:00,2,5,870.12
15210,2011-04-28 16:11:00,226,1,331.18
15211,2011-10-10 13:31:00,61,2,894.4100000000001
15212,2011-04-12 13:45:00,242,1,101.8
15213,2011-01-25 12:21:00,319,2,328.35
15214,2011-12-08 12:07:00,2,8,1661.44
15215,2011-10-24 11:41:00,47,3,734.94
15216,2011-09-13 11:41:00,88,1,96.6
15218,2011-11-29 11:48:00,11,11,5756.89
15219,2011-06-16 16:57:00,177,1,305.75
15220,2011-10-19 12:39:00,52,6,1778.96
15221,2010-12-08 13:08:00,367,1,403.25
15222,2011-01-25 08:03:00,319,1,585.0
15223,2011-04-28 11:31:00,226,2,755.75
15224,2010-12-16 15:02:00,359,2,322.08
15225,2011-04-19 14:51:00,235,1,409.40000000000003
15226,2011-02-02 11:41:00,311,1,154.41
15227,2011-11-03 11:59:00,37,5,1219.4
15228,2011-10-04 13:56:00,67,4,3386.71
15230,2011-04-14 14:39:00,240,2,429.6
15232,2011-08-18 16:27:00,114,2,612.06
15234,2011-03-08 08:53:00,277,1,197.0
15235,2011-05-06 09:44:00,218,12,2247.51
15236,2011-02-14 10:52:00,299,1,321.05
15237,2011-12-08 09:46:00,2,4,1412.32
15238,2011-11-10 14:28:00,30,3,1071.99
15239,2011-11-29 14:14:00,11,2,780.59
15240,2011-10-26 09:50:00,45,5,1706.57
15241,2011-10-04 09:05:00,67,8,1756.44
15243,2011-09-26 14:12:00,75,1,316.68
15244,2011-10-05 13:19:00,66,2,631.57
15245,2011-07-28 18:56:00,135,3,2515.84
15246,2011-04-15 14:45:00,239,2,514.15
15247,2011-08-09 12:52:00,123,1,356.0
15249,2011-11-08 11:45:00,32,13,6688.46
15251,2011-11-30 15:02:00,10,11,10484.99
15252,2011-11-03 13:30:00,37,2,740.78
15253,2011-11-23 16:22:00,17,5,918.2
15254,2011-08-04 15:04:00,128,1,300.36
15255,2011-10-04 12:43:00,67,1,890.85
15256,2011-07-14 11:47:00,149,1,98.45
15257,2011-03-01 12:58:00,284,1,317.15
15258,2011-06-24 12:30:00,169,2,623.16
15260,2011-08-31 13:55:00,101,7,1810.77
15261,2011-07-27 15:20:00,136,1,254.82
15262,2011-01-20 12:16:00,324,1,178.95000000000002
15263,2011-08-25 10:26:00,107,1,156.51
15264,2011-10-06 13:49:00,65,1,393.74
15265,2011-07-11 14:46:00,152,2,1506.1200000000001
15266,2011-01-05 13:40:00,339,1,119.3
15267,2011-11-17 15:59:00,23,5,1717.36
15269,2011-11-16 09:32:00,24,1,408.8
15270,2011-11-24 09:24:00,16,7,2379.49
15271,2011-12-02 14:11:00,8,15,2493.34
15272,2011-10-13 12:59:00,58,2,721.94
15274,2011-12-05 16:57:00,5,2,716.57
15275,2011-11-02 11:20:00,38,1,615.14
15276,2011-10-04 16:39:00,67,1,128.63
15277,2011-10-24 10:08:00,47,1,255.89999999999998
15279,2010-12-20 10:48:00,355,1,290.51
15280,2011-06-20 17:14:00,173,1,113.12
15281,2011-10-12 09:10:00,59,9,2332.15
15286,2011-10-21 11:08:00,50,1,240.55
15287,2011-11-17 15:34:00,23,2,486.69
15288,2011-10-27 16:58:00,44,5,2306.52
15289,2011-11-10 13:49:00,30,3,939.78
15290,2011-12-05 11:39:00,5,18,7943.22
15291,2011-11-14 11:02:00,26,15,4668.3
15292,2011-05-22 15:00:00,202,1,178.39
15296,2011-10-20 11:47:00,51,6,3672.86
15297,2011-11-29 16:32:00,11,3,641.94
15298,2011-12-07 17:17:00,3,12,4799.9
15299,2011-10-03 14:19:00,68,7,4507.01
15300,2011-10-06 17:08:00,65,1,496.44
15301,2011-10-20 09:57:00,51,12,5049.95
15303,2011-02-22 13:59:00,291,1,574.02
15304,2011-10-10 10:23:00,61,8,694.4
15306,2011-10-06 12:56:00,65,3,1174.3500000000001
15307,2011-09-05 11:38:00,96,1,205.3
15308,2011-03-10 13:08:00,275,1,310.47
15311,2011-12-09 12:00:00,1,91,60632.75
15312,2011-09-25 13:10:00,76,4,924.85
15313,2011-08-21 16:02:00,111,1,52.0
15314,2011-05-24 14:39:00,200,1,327.97
15315,2011-10-06 12:51:00,65,2,570.5
15316,2011-01-17 11:34:00,327,1,165.0
15318,2011-12-06 11:30:00,4,1,312.62
15319,2011-03-01 12:48:00,284,1,204.5
15320,2011-10-26 13:27:00,45,1,267.13
15321,2011-09-30 09:40:00,71,3,2748.31
15322,2011-09-15 09:34:00,86,1,679.68
15325,2011-08-28 11:55:00,104,1,161.74
15326,2011-01-10 11:38:00,334,1,311.71
15327,2011-10-18 11:55:00,53,1,208.75
15329,2011-10-31 15:36:00,40,3,1049.7
15330,2011-11-07 17:50:00,33,2,714.9599999999999
15332,2010-12-08 14:43:00,367,4,1661.06
15333,2011-05-15 13:27:00,209,1,1028.56
15334,2011-07-06 11:22:00,157,3,350.82
15335,2011-10-17 12:50:00,54,1,170.22
15339,2011-10-04 12:51:00,67,2,574.07
15341,2011-09-20 09:40:00,81,1,2020.52
15342,2011-08-02 10:19:00,130,1,406.09000000000003
15343,2011-09-13 13:55:00,88,1,364.5
15344,2011-12-09 10:45:00,1,3,563.94
15345,2011-10-25 11:28:00,46,1,393.54
15346,2011-01-11 11:18:00,333,1,252.42000000000002
15347,2010-12-08 15:25:00,367,1,201.60000000000002
15348,2011-09-28 13:17:00,73,1,158.04
15349,2011-07-04 16:06:00,159,2,463.91
15350,2010-12-01 13:33:00,374,1,115.65
15351,2011-11-27 12:52:00,13,7,1934.66
15353,2011-03-30 12:15:00,255,2,770.12
15355,2011-11-10 13:44:00,30,2,277.05
15356,2011-11-08 13:11:00,32,10,2718.03
15358,2011-12-05 09:04:00,5,22,8347.2
15360,2011-10-31 09:35:00,40,1,427.93
15361,2010-12-13 09:52:00,362,1,418.92
15363,2010-12-02 12:28:00,373,1,326.0
15364,2011-09-05 09:46:00,96,2,913.19
15365,2011-11-14 08:29:00,26,7,2314.32
15366,2011-09-25 15:01:00,76,2,602.51
15367,2011-10-13 14:13:00,58,4,1877.5900000000001
15368,2011-11-18 14:42:00,22,1,446.94000000000005
15370,2011-10-30 10:58:00,41,7,2386.05
15372,2011-07-25 16:39:00,138,1,2007.4
15373,2011-12-01 15:05:00,9,12,2415.91
15374,2011-08-03 09:59:00,129,1,168.0
15376,2011-10-30 15:04:00,41,3,1221.56
15379,2011-06-23 13:13:00,170,7,3703.29
15380,2011-12-01 12:13:00,9,5,1690.26
15381,2011-05-10 11:55:00,214,2,596.85
15382,2011-11-25 10:58:00,15,6,5955.71
15384,2011-06-23 10:57:00,170,2,642.41
15385,2011-10-30 15:11:00,41,1,316.88
15386,2011-06-06 13:47:00,187,1,394.14
15388,2011-03-14 13:53:00,271,1,140.54
15389,2011-06-20 16:18:00,173,1,500.0
15392,2011-12-05 11:01:00,5,4,1535.53
15393,2011-11-23 16:48:00,17,2,231.86
15394,2011-11-30 11:49:00,10,4,2183.54
15395,2011-01-18 12:40:00,326,1,107.45
15396,2011-08-19 10:56:00,113,1,288.18
15397,2011-02-23 09:25:00,290,1,94.0
15398,2011-11-23 16:47:00,17,2,1345.53
15399,2011-12-08 13:04:00,2,3,815.77
15400,2011-09-08 13:57:00,93,5,716.2
15402,2011-07-14 12:17:00,149,2,626.77
15405,2011-06-03 14:44:00,190,1,349.1
15406,2011-11-08 13:22:00,32,2,510.71000000000004
15407,2011-11-06 11:55:00,34,4,1046.74
15408,2011-03-20 15:02:00,265,1,267.18
15410,2011-09-16 14:47:00,85,8,3450.84
15411,2011-11-13 15:19:00,27,4,1348.93
15412,2011-06-21 15:24:00,172,1,190.53
15414,2011-11-30 09:50:00,10,3,774.9000000000001
15415,2011-01-30 14:13:00,314,1,559.61
15416,2011-10-06 09:38:00,65,4,3984.32
15417,2011-09-15 15:26:00,86,1,508.8
15419,2011-11-15 09:23:00,25,1,135.86
15421,2011-10-12 09:20:00,59,4,950.36
15422,2011-01-20 16:17:00,324,2,97.7
15423,2011-11-01 14:01:00,39,1,43.5
15424,2011-03-30 13:02:00,255,2,383.34
15426,2011-11-20 15:36:00,20,5,1404.07
15427,2011-11-06 14:29:00,34,3,1430.54
15428,2011-11-24 16:54:00,16,1,93.78
15429,2011-11-13 12:28:00,27,2,397.35
15432,2011-11-16 16:30:00,24,1,171.19000000000003
15433,2011-05-10 10:45:00,214,2,533.3
15434,2011-12-01 13:33:00,9,5,1041.48
15435,2011-11-17 16:39:00,23,1,149.29
15436,2011-11-27 16:05:00,13,3,1067.75
15437,2011-03-22 13:11:00,263,1,200.16
15438,2011-07-31 14:19:00,132,1,156.57999999999998
15440,2011-10-16 12:16:00,55,3,383.68
15442,2011-04-05 12:24:00,249,1,594.0
15443,2011-12-08 10:40:00,2,7,3213.59
15444,2011-11-30 17:37:00,10,2,1411.21
15445,2011-03-20 15:06:00,265,1,113.5
15447,2011-01-13 11:26:00,331,1,155.17000000000002
15448,2011-01-31 10:42:00,313,1,494.64
15449,2011-11-13 15:02:00,27,3,974.52
15450,2011-11-09 17:11:00,31,1,429.84
15452,2011-11-10 12:13:00,30,3,528.48
15453,2011-12-08 10:59:00,2,7,1371.77
15454,2010-12-12 14:21:00,363,1,179.1
15456,2011-03-01 13:51:00,284,3,434.59
15457,2011-03-22 15:31:00,263,1,237.07
15458,2011-11-14 13:08:00,26,1,161.64
15460,2010-12-20 16:08:00,355,1,214.26
15462,2011-09-06 13:11:00,95,3,234.6
15463,2011-11-10 12:57:00,30,1,126.14
15464,2011-01-05 15:56:00,339,1,1044.65
15465,2011-11-20 10:11:00,20,18,7354.62
15466,2011-09-15 14:08:00,86,1,334.53
15467,2011-11-30 14:17:00,10,3,524.88
15468,2011-10-19 13:49:00,52,2,467.51
15469,2011-10-20 16:21:00,51,2,538.55
15471,2011-12-07 14:12:00,3,1,454.48
15472,2011-08-18 15:17:00,114,1,371.56
15473,2011-11-25 15:15:00,15,7,1771.2
15475,2011-09-23 15:20:00,78,1,454.11
15478,2011-10-30 14:19:00,41,2,1399.92
15480,2011-08-15 14:32:00,117,1,905.5
15482,2011-11-24 10:46:00,16,12,10879.76
15483,2011-07-01 13:07:00,162,4,225.26
15484,2011-12-08 15:03:00,2,4,3590.41
15485,2011-11-09 14:31:00,31,3,2564.5
15488,2011-09-08 10:11:00,93,1,91.32000000000001
15489,2011-11-17 08:53:00,23,3,1134.28
15491,2011-09-05 15:56:00,96,6,3100.09
15492,2011-11-11 14:53:00,29,2,659.46
15493,2011-11-07 12:04:00,33,5,1953.41
15494,2011-11-18 14:51:00,22,2,1280.58
15497,2011-11-22 11:51:00,18,2,1262.2
15498,2011-12-07 12:48:00,3,27,13316.4
15500,2011-12-01 13:47:00,9,4,1131.56
15502,2011-11-24 12:48:00,16,12,10384.93
15503,2010-12-12 10:57:00,363,1,141.04
15504,2011-09-19 13:45:00,82,1,52.83
15505,2011-10-18 07:56:00,53,5,3610.96
15506,2011-11-17 12:11:00,23,3,972.08
15507,2011-06-21 11:19:00,172,1,475.86
15508,2011-06-03 15:43:00,190,6,1000.27
15510,2011-01-13 12:10:00,331,1,250.0
15511,2011-11-28 09:43:00,12,5,900.53
15512,2011-07-07 10:20:00,156,2,121.0
15513,2011-11-06 14:36:00,34,19,14758.22
15514,2011-11-27 14:40:00,13,11,4023.7200000000003
15516,2011-10-26 10:51:00,45,3,62.43
15517,2011-04-20 14:02:00,234,1,267.03
15518,2011-10-06 13:05:00,65,8,1921.55
15520,2011-12-08 10:58:00,2,1,343.5
15521,2011-10-30 13:42:00,41,8,3000.2
15522,2011-11-07 11:26:00,33,2,397.99
15523,2011-09-16 16:29:00,85,1,412.01000000000005
15524,2011-11-15 12:09:00,25,1,440.0
15525,2011-12-07 14:43:00,3,3,734.37
15526,2011-11-06 15:04:00,34,2,148.44
15527,2011-11-21 12:17:00,19,8,2428.53
15528,2011-03-30 16:14:00,255,1,229.33
15529,2011-11-17 11:29:00,23,11,3962.6
15530,2011-11-18 12:25:00,22,4,1497.31
15531,2011-12-01 18:43:00,9,2,1972.39
15532,2011-11-14 14:51:00,26,4,1564.73
15533,2011-11-20 15:35:00,20,3,807.57
15535,2011-06-19 16:02:00,174,4,502.9
15537,2011-06-29 13:10:00,164,1,110.92
15539,2011-12-02 13:36:00,8,1,538.46
15540,2011-11-28 13:51:00,12,1,213.3
15541,2011-08-17 14:58:00,115,1,85.13000000000001
15543,2011-02-24 15:26:00,289,1,127.86
15544,2011-11-30 16:43:00,10,9,3546.71
15545,2011-10-16 13:24:00,55,2,288.96999999999997
15547,2011-12-02 12:52:00,8,14,4910.6
15549,2011-09-23 16:22:00,78,3,1681.46
15550,2011-12-05 15:38:00,5,4,575.63
15551,2011-11-03 12:37:00,37,1,436.06
15552,2011-05-06 14:47:00,218,1,90.12
15553,2011-10-10 14:02:00,61,1,428.93
15554,2011-03-07 09:00:00,278,1,217.2
15555,2011-11-27 16:19:00,13,16,4794.86
15556,2011-11-15 16:08:00,25,1,279.77
15557,2011-11-11 12:46:00,29,1,468.91
15561,2011-11-28 11:07:00,12,4,800.5899999999999
15562,2010-12-23 09:55:00,352,1,134.55
15563,2011-11-17 14:50:00,23,4,1400.44
15565,2011-10-20 14:33:00,51,2,173.16000000000003
15567,2011-11-21 10:48:00,19,1,186.01
15568,2011-12-07 11:27:00,3,3,758.29
15569,2011-08-28 10:15:00,104,5,1375.71
15570,2011-12-02 14:47:00,8,12,4148.82
15571,2011-11-28 10:02:00,12,4,650.4300000000001
15572,2011-12-05 10:09:00,5,7,2533.42
15573,2011-11-08 11:38:00,32,2,591.1899999999999
15574,2011-06-15 12:01:00,178,4,675.64
15576,2011-11-02 12:03:00,38,1,921.37
15577,2011-07-11 17:03:00,152,3,258.88
15578,2011-06-30 13:03:00,163,1,127.1
15579,2011-10-02 12:45:00,69,2,327.6
15581,2011-08-11 09:38:00,121,13,3675.77
15582,2011-11-15 09:55:00,25,3,682.9100000000001
15584,2011-11-16 10:55:00,24,4,720.86
15585,2011-06-16 08:38:00,177,1,455.3
15587,2011-10-20 13:37:00,51,4,913.68
15589,2011-03-29 09:54:00,256,3,478.53
15592,2011-10-24 08:59:00,47,1,388.58
15593,2011-09-30 11:46:00,71,1,199.8
15594,2011-11-24 08:53:00,16,5,1771.78
15596,2011-08-31 10:55:00,101,5,1406.59
15597,2011-11-04 13:26:00,36,1,324.57
15598,2011-10-17 16:04:00,54,1,240.68
15599,2011-11-13 11:44:00,27,2,761.74
15601,2011-11-28 15:15:00,12,14,6776.56
15602,2011-12-01 14:14:00,9,9,1297.8700000000001
15603,2011-09-22 10:04:00,79,1,48.480000000000004
15604,2011-10-18 14:47:00,53,1,216.39000000000001
15605,2011-11-03 14:17:00,37,5,1198.23
15606,2011-10-09 15:47:00,62,9,2920.16
15607,2011-01-07 12:44:00,337,1,104.76
15608,2011-11-11 13:20:00,29,4,1093.68
15609,2011-06-08 13:00:00,185,1,298.48
15610,2011-10-19 10:36:00,52,1,112.46000000000001
15611,2011-11-30 12:36:00,10,13,1591.45
15612,2011-11-03 14:52:00,37,2,195.15
15615,2011-11-29 14:42:00,11,23,10399.74
15618,2011-11-07 08:34:00,33,4,776.851
15619,2011-11-29 08:14:00,11,1,336.4
15620,2011-10-14 12:41:00,57,3,1553.18
15621,2011-12-05 14:01:00,5,4,1293.03
15622,2011-10-27 16:44:00,44,9,3709.56
15623,2011-07-21 17:26:00,142,1,301.03000000000003
15624,2011-08-15 11:38:00,117,4,588.13
15625,2011-08-28 10:21:00,104,4,1534.26
15626,2011-09-26 10:03:00,75,2,675.8
15628,2011-12-05 10:24:00,5,9,2870.2400000000002
15630,2011-10-25 15:36:00,46,2,1186.35
15632,2011-11-24 09:51:00,16,8,3285.31
15634,2011-11-22 16:28:00,18,1,243.55
15636,2011-09-11 11:17:00,90,2,724.76
15637,2011-10-18 08:28:00,53,1,223.36
15639,2011-07-28 14:30:00,135,1,425.32
15640,2011-12-05 14:35:00,5,15,12416.11
15641,2011-08-26 14:04:00,106,4,1887.2
15643,2011-06-01 07:38:00,192,3,664.0
15644,2011-06-26 14:54:00,167,4,803.54
15645,2011-11-21 11:55:00,19,1,612.01
15646,2011-07-05 09:53:00,158,3,447.64000000000004
15648,2011-05-19 15:53:00,205,2,639.5
15649,2011-01-07 13:34:00,337,2,816.0
15651,2011-11-03 08:41:00,37,3,646.3
15652,2011-09-09 14:22:00,92,1,337.74
15653,2011-09-08 10:49:00,93,2,877.44
15654,2011-11-30 13:08:00,10,2,922.53
15655,2011-04-10 15:25:00,244,1,560.6700000000001
15656,2011-10-25 14:56:00,46,4,748.5
15657,2011-11-17 12:19:00,23,1,30.0
15658,2011-06-02 15:22:00,191,5,1024.1000000000001
15659,2011-10-27 09:23:00,44,1,306.45
15660,2011-11-14 16:58:00,26,9,1600.86
15661,2011-01-26 13:56:00,318,2,309.8
15663,2011-08-25 15:50:00,107,1,138.14
15664,2011-10-20 10:57:00,51,1,386.43
15665,2011-06-24 14:57:00,169,2,2222.21
15667,2011-10-31 10:56:00,40,1,301.32000000000005
15668,2011-05-06 10:39:00,218,1,76.32000000000001
15669,2011-10-30 16:03:00,41,4,684.34
15670,2011-02-16 10:50:00,297,1,173.05
15671,2011-11-21 12:43:00,19,7,2657.13
15673,2011-09-12 16:12:00,89,4,2726.23
15674,2011-09-27 15:17:00,74,5,2446.6
15675,2011-09-19 13:48:00,82,3,323.69
15676,2011-11-21 12:40:00,19,3,3435.76
15677,2011-10-21 15:36:00,50,1,657.23
15678,2011-10-18 09:25:00,53,1,352.7
15679,2011-11-15 16:19:00,25,4,781.28
15680,2011-11-30 13:46:00,10,3,1333.68
15681,2011-11-14 16:30:00,26,5,1426.16
15683,2011-08-14 12:56:00,118,1,193.75
15687,2011-12-01 08:33:00,9,9,2993.1
15689,2011-08-12 09:37:00,120,2,254.1
15690,2011-12-05 15:59:00,5,2,239.76
15691,2011-04-01 15:13:00,253,1,136.8
15692,2011-11-11 14:12:00,29,1,191.04
15694,2011-12-09 09:44:00,1,14,6479.4
15695,2011-03-18 08:32:00,267,2,409.98
15696,2011-11-06 14:02:00,34,8,2711.11
15699,2011-11-22 08:26:00,18,1,309.65
15700,2011-06-20 16:53:00,173,2,696.68
15701,2011-12-07 14:39:00,3,4,1529.0
15703,2011-03-20 10:51:00,265,1,211.5
15704,2011-07-22 13:35:00,141,4,2293.62
15705,2011-05-22 15:37:00,202,1,143.1
15706,2011-10-07 10:09:00,64,4,1060.56
15707,2011-11-04 14:35:00,36,4,916.98
15708,2011-10-30 10:54:00,41,7,3235.25
15709,2011-03-01 10:38:00,284,1,133.25
15712,2011-11-30 14:09:00,10,5,1072.3600000000001
15713,2011-07-19 13:34:00,144,2,356.7
15714,2011-11-28 11:26:00,12,2,330.03000000000003
15716,2011-07-17 11:59:00,146,4,1101.11
15717,2011-04-19 13:21:00,235,1,150.3
15719,2011-11-07 12:29:00,33,13,5030.07
15720,2011-11-15 14:48:00,25,1,598.73
15721,2011-11-28 12:14:00,12,1,471.40000000000003
15722,2011-11-04 11:43:00,36,5,2211.21
15723,2010-12-10 11:12:00,365,1,190.70000000000002
15724,2011-05-22 14:40:00,202,2,218.25
15725,2011-11-24 14:51:00,16,1,415.25
15727,2011-11-23 12:36:00,17,7,5159.06
15729,2011-05-11 12:36:00,213,1,85.0
15730,2011-10-05 12:31:00,66,3,1120.88
15732,2011-05-11 14:24:00,213,2,294.12
15733,2011-03-02 09:05:00,283,1,162.3
15734,2011-08-17 10:50:00,115,2,1339.45
15737,2011-11-25 11:21:00,15,8,1188.1200000000001
15738,2011-11-21 08:26:00,19,16,4812.42
15739,2011-10-04 13:42:00,67,1,449.12
15740,2011-10-21 14:29:00,50,1,154.88
15743,2011-11-23 17:19:00,17,4,775.96
15744,2011-09-23 09:52:00,78,1,34.8
15745,2011-11-20 13:45:00,20,4,1094.5900000000001
15746,2011-07-28 15:21:00,135,1,196.88
15747,2011-11-27 12:26:00,13,3,946.64
15748,2011-10-30 12:51:00,41,1,144.36
15749,2011-04-18 13:20:00,236,3,44534.3
15750,2011-12-07 12:34:00,3,8,2463.05
15752,2011-10-31 11:37:00,40,7,2626.6
15753,2011-02-08 12:41:00,305,1,79.2
15754,2011-10-19 14:40:00,52,3,458.57
15755,2011-11-29 14:57:00,11,6,2364.25
15756,2011-10-09 13:30:00,62,4,528.01
15757,2011-10-05 12:14:00,66,2,714.42
15758,2011-11-15 10:48:00,25,1,205.25
15759,2011-05-05 15:13:00,219,3,253.04000000000002
15762,2011-10-05 16:15:00,66,2,583.75
15763,2011-11-08 09:44:00,32,2,1086.92
15764,2011-09-12 17:58:00,89,6,3279.9700000000003
15766,2011-10-06 17:03:00,65,1,315.06
15768,2011-08-16 10:48:00,116,3,621.83
15769,2011-12-02 13:52:00,8,26,56252.72
15773,2011-12-04 12:48:00,6,1,635.6800000000001
15774,2011-10-02 12:04:00,69,1,270.8
15775,2011-04-08 12:56:00,246,1,104.9
15776,2011-07-29 13:46:00,134,1,241.62
15777,2011-04-12 16:43:00,242,4,1047.1100000000001
15780,2011-06-09 12:01:00,184,3,475.28000000000003
15781,2011-11-14 14:57:00,26,3,345.46000000000004
15782,2011-11-30 10:49:00,10,3,2614.74
15783,2011-11-29 09:50:00,11,1,246.3
15785,2011-11-07 11:33:00,33,5,2328.9700000000003
15786,2011-10-24 14:13:00,47,3,4919.0
15787,2011-11-13 14:55:00,27,3,933.26
15789,2010-12-16 14:35:00,359,1,351.3
15790,2011-11-29 14:53:00,11,1,218.75
15791,2011-10-27 10:14:00,44,2,1612.69
15793,2011-11-25 09:31:00,15,3,965.61
15795,2011-07-13 10:43:00,150,1,610.01
15796,2011-12-08 19:55:00,2,8,2708.61
15797,2011-08-18 17:04:00,114,4,2207.4
15799,2011-09-25 12:46:00,76,3,884.14
15800,2011-08-24 14:23:00,108,2,696.89
15801,2011-10-24 13:52:00,47,3,1063.95
15802,2011-07-20 11:38:00,143,1,451.42
15803,2011-10-19 14:56:00,52,1,415.82000000000005
15804,2011-12-09 12:31:00,1,13,4206.39
15805,2011-11-16 16:32:00,24,17,5488.18
15806,2011-10-24 14:35:00,47,3,784.58
15807,2011-10-20 14:10:00,51,3,903.9
15808,2011-02-06 14:33:00,307,4,3651.27
15809,2011-11-03 16:40:00,37,5,515.77
15810,2011-09-22 09:38:00,79,4,1391.98
15811,2011-11-17 15:31:00,23,6,2218.62
15812,2011-08-24 14:19:00,108,5,1801.14
15813,2011-05-16 08:13:00,208,2,1303.9099999999999
15814,2011-11-23 08:17:00,17,4,1945.3300000000002
15815,2011-10-07 12:42:00,64,5,2100.6
15819,2011-10-21 14:50:00,50,4,1905.45
15820,2011-01-24 12:00:00,320,1,206.98
15821,2011-10-26 15:48:00,45,2,570.96
15822,2011-12-06 14:50:00,4,2,885.47
15823,2010-12-02 15:08:00,373,1,15.0
15825,2011-06-20 13:27:00,173,1,532.94
15826,2011-10-14 16:05:00,57,3,1654.31
15827,2011-09-27 15:35:00,74,14,1836.09
15829,2011-09-01 16:45:00,100,2,636.14
15830,2011-11-02 10:40:00,38,1,576.0
15831,2011-10-12 13:14:00,59,3,794.64
15832,2011-03-30 15:29:00,255,1,836.79
15834,2011-09-30 14:41:00,71,4,2225.15
15835,2011-10-26 15:47:00,45,4,954.09
15836,2011-10-20 17:13:00,51,1,137.37
15837,2011-10-06 09:01:00,65,1,391.98
15838,2011-11-28 14:00:00,12,19,33643.08
15839,2011-11-06 13:54:00,34,3,1048.49
15840,2011-10-12 09:08:00,59,2,355.56
15841,2011-09-28 12:15:00,73,4,1224.06
15843,2011-02-09 10:19:00,304,1,118.95
15844,2011-10-24 15:19:00,47,1,130.73999999999998
15845,2011-11-22 09:42:00,18,8,3711.77
15847,2011-11-01 14:41:00,39,2,389.27
15850,2011-11-20 14:14:00,20,2,234.88
15852,2011-06-06 11:22:00,187,2,160.71
15853,2011-10-19 10:38:00,52,1,110.8
15854,2011-12-05 13:39:00,5,12,2969.12
15855,2011-07-26 10:20:00,137,5,712.24
15856,2011-12-05 17:09:00,5,27,16143.64
15857,2011-11-21 12:18:00,19,1,297.0
15858,2011-11-24 12:48:00,16,5,1427.57
15860,2011-10-30 11:25:00,41,8,965.16
15861,2011-11-27 15:59:00,13,8,3146.92
15862,2011-12-01 13:28:00,9,4,832.88
15863,2011-11-14 12:49:00,26,2,68.84
15864,2011-11-17 13:32:00,23,6,1936.32
15865,2011-10-30 12:43:00,41,3,895.13
15866,2011-08-30 14:09:00,102,1,211.89
15867,2011-12-04 13:32:00,6,15,3810.14
15869,2011-03-07 17:23:00,278,2,149.64
15870,2011-11-07 10:58:00,33,1,351.44
15872,2011-11-25 11:55:00,15,2,316.25
15874,2011-10-07 12:31:00,64,7,4405.88
15877,2011-12-08 11:53:00,2,2,490.33
15880,2010-12-05 13:00:00,370,1,329.03
15881,2011-01-31 16:59:00,313,5,501.39
15882,2011-05-25 11:35:00,199,4,516.36
15883,2011-12-07 17:05:00,3,2,396.48
15885,2011-09-08 10:43:00,93,3,379.35
15886,2011-10-10 14:25:00,61,1,181.09
15888,2011-09-20 12:30:00,81,1,168.31
15889,2011-07-06 11:10:00,157,2,420.07
15891,2011-04-27 12:35:00,227,1,511.68
15894,2011-03-31 13:50:00,254,2,258.25
15895,2011-07-13 10:27:00,150,1,179.17
15897,2011-05-29 13:50:00,195,2,208.59
15898,2011-12-08 15:23:00,2,5,1383.83
15899,2010-12-06 10:36:00,369,1,56.25
15900,2011-11-16 12:19:00,24,1,337.28000000000003
15901,2011-11-23 12:43:00,17,3,351.73
15903,2011-11-30 08:08:00,10,7,5126.76
15904,2011-12-01 14:50:00,9,1,164.68
15906,2011-11-20 12:24:00,20,7,1567.69
15907,2011-12-06 12:21:00,4,3,882.72
15909,2011-06-19 10:38:00,174,1,191.94
15910,2011-12-09 10:51:00,1,8,1228.88
15912,2011-06-14 14:29:00,179,2,264.62
15916,2011-11-23 13:46:00,17,8,1502.8600000000001
15917,2011-04-06 10:40:00,248,1,123.1
15918,2011-06-02 11:42:00,191,2,334.23
15919,2011-11-20 11:28:00,20,2,525.69
15920,2011-07-08 15:31:00,155,4,167.5
15921,2011-06-20 11:03:00,173,1,323.03000000000003
15922,2010-12-01 13:51:00,374,1,369.5
15923,2010-12-02 12:16:00,373,1,127.08
15925,2011-05-29 15:35:00,195,1,207.15
15930,2011-10-03 14:52:00,68,1,426.63
15932,2011-12-05 17:13:00,5,8,2495.87
15933,2011-11-18 13:14:00,22,3,1107.46
15935,2011-04-14 13:27:00,240,2,416.86
15937,2011-10-06 15:48:00,65,1,145.35000000000002
15938,2011-08-19 12:56:00,113,5,404.58000000000004
15939,2011-09-11 11:30:00,90,15,6115.01
15940,2011-02-01 16:18:00,312,1,35.8
15942,2011-07-29 09:01:00,134,1,337.44
15944,2011-03-08 10:33:00,277,1,325.1
15945,2010-12-09 13:14:00,366,1,181.0
15947,2011-09-18 10:46:00,83,1,1708.24
15948,2011-12-01 15:32:00,9,2,955.24
15949,2011-11-23 09:09:00,17,2,364.72
15950,2011-11-08 11:09:00,32,4,1744.71
15951,2011-12-01 08:34:00,9,2,708.22
15952,2011-11-06 11:18:00,34,4,781.91
15953,2011-11-24 15:32:00,16,8,1657.28
15955,2011-11-15 14:15:00,25,14,4416.26
15957,2011-11-08 12:14:00,32,1,428.89
15958,2011-09-26 13:41:00,75,1,104.35
15963,2011-11-20 11:33:00,20,2,470.76
15965,2011-11-22 16:44:00,18,4,808.87
15967,2011-11-16 15:41:00,24,2,397.68
15969,2011-12-07 11:06:00,3,3,666.1
15970,2011-02-09 12:08:00,304,1,314.09999999999997
15971,2011-11-22 12:50:00,18,12,4199.85
15973,2010-12-08 11:42:00,367,1,307.82000000000005
15974,2011-10-31 13:13:00,40,7,3442.15
15975,2011-09-16 13:33:00,85,1,371.01
15976,2011-06-27 13:00:00,166,2,427.64
15977,2011-11-22 13:29:00,18,2,1054.73
15978,2011-09-23 15:21:00,78,1,1098.78
15980,2011-09-12 09:41:00,89,3,2398.86
15981,2011-11-15 08:00:00,25,8,3408.48
15983,2011-11-17 17:34:00,23,4,1465.12
15984,2011-12-07 12:16:00,3,10,2780.63
15985,2011-08-08 16:31:00,124,2,1142.42
15986,2011-11-09 15:17:00,31,1,168.12
15987,2011-11-27 15:38:00,13,7,1432.77
15988,2011-11-20 13:23:00,20,1,156.78
15990,2011-10-26 15:58:00,45,2,792.11
15992,2011-12-06 11:00:00,4,1,41.989999999999995
15993,2011-12-01 10:45:00,9,7,2777.67
15994,2011-10-16 12:28:00,55,1,414.27
15996,2011-09-12 15:14:00,89,6,1032.58
15998,2011-11-03 12:45:00,37,5,3080.22
16000,2011-12-07 12:17:00,3,3,12393.7
16003,2011-11-10 09:57:00,30,5,2735.37
16005,2011-11-27 13:47:00,13,4,578.71
16006,2011-05-12 13:12:00,212,1,101.4
16007,2011-10-23 11:05:00,48,4,1693.81
16008,2011-11-16 10:32:00,24,3,478.78
16009,2011-11-17 16:51:00,23,4,972.11
16010,2011-04-08 10:14:00,246,3,392.4
16011,2011-12-01 16:31:00,9,16,3352.96
16012,2011-11-04 13:25:00,36,3,1415.29
16013,2011-12-06 10:36:00,4,47,37130.6
16014,2011-11-02 12:04:00,38,3,646.83
16015,2011-12-06 10:58:00,4,3,704.55
16016,2011-12-06 14:35:00,4,8,1465.51
16017,2011-10-23 12:56:00,48,1,211.88
16018,2011-10-31 14:13:00,40,2,408.9
16019,2011-10-24 11:51:00,47,9,3786.24
16020,2011-11-23 11:18:00,17,3,851.01
16022,2011-03-24 13:16:00,261,1,602.63
16023,2011-10-24 16:34:00,47,3,719.81
16024,2011-11-27 13:26:00,13,1,251.03
16025,2011-11-10 11:45:00,30,1,439.65999999999997
16026,2011-10-27 13:53:00,44,1,236.09
16027,2011-09-09 10:47:00,92,6,934.62
16029,2011-11-01 10:27:00,39,63,80850.84
16030,2011-02-03 11:28:00,310,1,331.24
16031,2011-09-08 13:07:00,93,2,547.9
16033,2011-12-04 12:44:00,6,20,8778.82
16034,2011-05-27 16:17:00,197,3,437.70000000000005
16036,2011-09-13 14:53:00,88,2,758.9200000000001
16037,2011-03-15 09:13:00,270,3,855.02
16038,2011-12-02 12:40:00,8,3,471.78
16040,2011-10-05 13:47:00,66,3,1313.55
16041,2011-11-09 12:25:00,31,3,3166.4
16042,2011-11-17 17:50:00,23,5,1177.47
16043,2011-11-02 12:50:00,38,4,773.99
16045,2011-08-12 12:41:00,120,4,1340.7
16048,2010-12-01 15:28:00,374,2,256.44
16049,2011-10-30 13:19:00,41,3,1074.81
16050,2011-06-19 11:44:00,174,1,137.9
16052,2011-10-16 15:13:00,55,1,362.06
16053,2011-11-07 11:21:00,33,2,1511.95
16054,2011-07-17 13:08:00,146,1,783.9
16055,2011-05-03 09:26:00,221,1,134.8
16056,2011-10-25 15:19:00,46,1,650.75
16057,2011-11-23 15:23:00,17,7,2263.12
16059,2011-10-05 09:56:00,66,6,1453.16
16062,2011-11-30 12:15:00,10,4,1153.62
16063,2011-03-24 14:56:00,261,1,335.32
16065,2010-12-09 13:03:00,366,1,367.14
16066,2011-11-23 11:54:00,17,5,1521.04
16070,2011-11-17 15:50:00,23,2,852.15
16071,2011-10-26 11:14:00,45,1,326.24
16072,2011-02-24 14:32:00,289,1,584.3199999999999
16073,2011-02-15 15:41:00,298,1,122.4
16076,2011-12-06 14:59:00,4,10,2234.73
16078,2011-03-01 09:47:00,284,1,79.2
16079,2011-11-23 12:48:00,17,3,1352.0
16080,2011-09-19 10:42:00,82,2,217.16
16081,2011-10-14 13:06:00,57,5,2799.42
16083,2011-08-31 10:47:00,101,2,1317.62
16084,2011-02-13 16:05:00,300,1,436.18
16085,2011-11-16 13:24:00,24,5,981.51
16086,2011-10-11 13:09:00,60,5,1121.39
16091,2011-07-08 08:45:00,155,2,315.06
16092,2011-08-17 10:46:00,115,3,817.86
16093,2011-08-25 11:09:00,107,1,17.0
16094,2011-11-28 12:45:00,12,4,1078.23
16096,2011-03-20 13:38:00,265,1,320.62
16097,2011-04-13 13:47:00,241,1,185.04999999999998
16098,2011-09-13 09:59:00,88,7,2005.63
16099,2011-10-20 13:13:00,51,3,731.9
16101,2011-09-30 10:18:00,71,1,1290.7
16102,2011-10-28 13:19:00,43,3,1842.14
16103,2011-12-02 14:16:00,8,6,1429.64
16104,2011-10-09 10:23:00,62,1,298.21
16105,2011-04-05 10:13:00,249,1,336.96
16106,2011-10-05 10:37:00,66,1,108.38
16107,2011-11-22 09:40:00,18,7,3204.1600000000003
16108,2011-09-16 11:48:00,85,1,842.5
16109,2011-05-05 09:17:00,219,2,611.88
16110,2011-10-25 14:35:00,46,3,1320.95
16112,2011-07-19 14:28:00,144,4,195.74
16113,2011-06-09 16:16:00,184,1,161.38
16114,2011-06-22 10:13:00,171,1,135.75000000000003
16115,2011-11-30 11:32:00,10,8,1660.8799999999999
16116,2011-05-12 12:01:00,212,1,612.78
16117,2011-06-03 11:42:00,190,1,232.21
16119,2011-12-01 15:11:00,9,2,423.36
16120,2011-10-11 14:22:00,60,4,1309.14
16121,2011-10-13 12:59:00,58,2,854.66
16122,2011-09-27 15:34:00,74,4,684.42
16123,2011-10-19 09:18:00,52,1,307.78000000000003
16124,2011-01-26 14:45:00,318,1,249.0
16125,2010-12-07 15:48:00,368,1,289.35
16126,2011-11-10 16:03:00,30,4,6287.77
16127,2011-10-31 13:58:00,40,1,656.25
16128,2011-11-22 11:14:00,18,5,1880.22
16131,2011-10-19 11:53:00,52,6,3506.54
16133,2011-12-06 11:24:00,4,33,14589.04
16134,2011-11-18 10:05:00,22,2,618.09
16135,2011-03-22 12:30:00,263,1,517.55
16136,2011-10-11 09:10:00,60,3,709.38
16139,2011-11-21 08:37:00,19,3,635.4100000000001
16140,2011-10-05 12:15:00,66,2,725.1800000000001
16141,2011-09-12 13:11:00,89,1,620.4
16142,2011-04-04 10:16:00,250,1,535.34
16143,2011-12-06 14:13:00,4,6,2424.94
16144,2011-04-07 10:09:00,247,1,175.2
16145,2011-12-01 10:33:00,9,11,3799.4900000000002
16146,2011-07-05 14:20:00,158,3,734.13
16147,2011-07-29 09:57:00,134,1,375.0
16148,2011-02-16 14:01:00,297,1,76.32000000000001
16149,2011-12-05 11:29:00,5,2,280.52
16150,2011-10-28 12:39:00,43,5,2053.02
16152,2011-03-16 09:47:00,269,1,1829.04
16153,2011-10-21 10:50:00,50,5,1824.23
16156,2011-12-01 12:42:00,9,9,3092.04
16157,2011-11-24 11:41:00,16,3,656.69
16159,2011-03-03 12:27:00,282,1,348.2
16160,2011-10-05 14:19:00,66,2,1025.44
16161,2011-12-08 12:10:00,2,19,5533.67
16162,2011-04-01 15:03:00,253,1,37.4
16163,2011-04-21 15:15:00,233,2,856.6
16164,2011-11-22 15:04:00,18,3,822.48
16168,2011-11-29 12:45:00,11,27,3787.6
16169,2011-12-01 15:28:00,9,4,1822.97
16170,2011-10-20 08:21:00,51,6,1885.05
16171,2011-10-11 14:51:00,60,1,73.19999999999999
16172,2011-09-05 13:22:00,96,5,1140.21
16173,2011-11-24 10:53:00,16,6,1418.32
16174,2011-08-05 13:26:00,127,3,1009.55
16175,2011-09-06 14:32:00,95,4,1037.5900000000001
16177,2011-10-20 12:57:00,51,1,331.95
16178,2011-07-24 16:05:00,139,1,197.9
16179,2011-10-10 09:41:00,61,1,215.83
16180,2011-08-31 16:28:00,101,8,10254.18
16181,2011-09-27 13:38:00,74,1,305.54
16182,2011-09-28 13:23:00,73,4,6617.65
16183,2011-10-03 14:59:00,68,1,338.71000000000004
16184,2011-10-06 17:43:00,65,6,1158.79
16185,2011-11-23 09:41:00,17,2,529.41
16186,2011-11-17 12:43:00,23,12,4006.94
16187,2011-11-08 09:50:00,32,15,6911.4400000000005
16188,2011-10-26 12:19:00,45,4,981.86
16189,2011-11-24 11:47:00,16,2,215.48
16190,2011-10-30 15:59:00,41,1,215.08
16191,2011-12-07 11:26:00,3,13,5180.52
16193,2011-04-17 11:45:00,237,1,314.45
16198,2011-09-25 14:58:00,76,1,400.68100000000004
16200,2011-12-05 14:40:00,5,2,1068.8700000000001
16201,2011-12-06 16:02:00,4,4,1863.47
16202,2010-12-14 10:43:00,361,1,365.27
16203,2011-10-12 12:31:00,59,4,592.9
16204,2011-11-16 13:40:00,24,1,384.18
16205,2011-11-09 09:32:00,31,4,757.63
16206,2011-10-16 10:41:00,55,4,537.0600000000001
16207,2011-11-14 13:51:00,26,1,394.38
16208,2011-10-26 11:36:00,45,2,664.26
16209,2011-09-12 11:58:00,89,5,2262.62
16210,2011-12-08 12:36:00,2,18,21086.3
16211,2011-09-12 12:11:00,89,1,547.02
16212,2011-11-20 13:00:00,20,2,690.34
16213,2011-09-22 10:03:00,79,1,159.0
16214,2011-06-22 11:30:00,171,3,1062.75
16215,2011-09-20 10:18:00,81,1,242.35
16216,2011-03-17 15:34:00,268,1,914.9300000000001
16217,2011-04-18 13:31:00,236,2,304.25
16218,2011-11-10 09:59:00,30,7,3084.68
16221,2011-11-03 11:43:00,37,3,860.86
16222,2011-01-25 13:38:00,319,1,773.55
16224,2011-10-13 17:51:00,58,4,1295.3
16225,2011-10-26 08:30:00,45,5,1096.32
16226,2011-05-20 14:41:00,204,3,255.12
16227,2011-04-28 13:33:00,226,1,314.22
16229,2011-09-13 17:16:00,88,2,1010.6
16230,2011-06-03 10:06:00,190,2,542.03
16232,2011-10-27 12:16:00,44,4,990.88
16233,2011-09-29 17:27:00,72,3,536.6800000000001
16235,2011-10-30 10:56:00,41,5,867.3100000000001
16236,2011-09-22 14:10:00,79,1,432.2
16239,2011-10-14 08:29:00,57,2,414.2
16240,2011-11-15 14:30:00,25,2,3718.8
16241,2011-11-30 11:08:00,10,13,2590.31
16242,2011-12-01 15:12:00,9,7,3579.86
16243,2011-11-06 12:32:00,34,2,409.1
16244,2011-05-12 10:18:00,212,2,1522.75
16245,2011-11-16 10:14:00,24,3,1413.66
16247,2011-06-22 14:23:00,171,1,114.56
16248,2011-10-09 11:32:00,62,1,152.94
16249,2011-10-18 10:07:00,53,5,1800.07
16250,2011-03-23 15:07:00,262,2,389.44
16253,2011-10-04 09:09:00,67,2,3683.86
16255,2011-11-23 12:40:00,17,8,2619.91
16256,2011-03-18 12:18:00,267,1,752.4300000000001
16257,2011-06-16 10:11:00,177,1,46.95
16258,2011-10-25 13:30:00,46,5,5203.51
16260,2011-10-20 09:40:00,51,1,1035.45
16261,2011-11-22 17:23:00,18,4,728.54
16265,2011-11-30 16:41:00,10,9,5447.0
16266,2011-09-27 12:08:00,74,7,861.89
16268,2011-09-29 18:30:00,72,2,667.65
16270,2010-12-21 14:26:00,354,1,1141.24
16271,2011-12-07 12:45:00,3,5,1404.64
16272,2011-08-15 10:54:00,117,1,411.7
16274,2010-12-01 15:35:00,374,1,351.75
16275,2011-05-27 12:41:00,197,1,559.87
16276,2011-06-16 09:34:00,177,1,810.6
16278,2011-08-31 17:12:00,101,1,566.38
16279,2011-11-18 15:00:00,22,3,1502.78
16281,2011-09-28 14:57:00,73,1,2062.06
16282,2011-01-04 11:42:00,340,1,168.3
16283,2011-12-04 12:08:00,6,5,1570.81
16284,2011-11-08 16:12:00,32,2,812.68
16287,2011-06-23 09:08:00,170,1,142.5
16292,2011-08-10 12:24:00,122,1,302.25
16293,2011-11-18 09:58:00,22,10,2248.9900000000002
16295,2011-11-30 08:17:00,10,4,1328.55
16297,2011-03-16 08:29:00,269,1,301.9
16298,2011-11-17 11:59:00,23,3,598.2
16302,2011-08-05 09:44:00,127,1,233.22
16303,2011-11-14 10:49:00,26,3,5360.63
16305,2011-07-24 12:18:00,139,1,361.22
16306,2011-05-10 12:12:00,214,6,632.27
16308,2011-11-02 11:24:00,38,4,2560.0
16309,2011-08-25 15:35:00,107,2,706.57
16311,2011-11-22 08:54:00,18,2,616.26
16313,2011-12-06 13:02:00,4,2,274.15000000000003
16315,2011-01-13 11:57:00,331,1,226.37
16316,2011-10-06 13:48:00,65,8,2938.91
16317,2011-08-12 12:46:00,120,3,1341.65
16318,2011-11-04 13:05:00,36,1,328.15000000000003
16319,2011-05-06 11:27:00,218,1,404.40000000000003
16320,2011-06-20 15:25:00,173,2,1038.46
16321,2011-09-28 14:55:00,73,5,373.65000000000003
16322,2011-12-08 15:41:00,2,2,326.75
16323,2011-05-27 14:48:00,197,1,207.50000000000003
16324,2011-08-03 12:58:00,129,3,408.59000000000003
16325,2011-10-24 08:48:00,47,3,594.24
16326,2011-12-04 10:11:00,6,14,3039.2200000000003
16327,2011-11-25 13:23:00,15,6,3820.27
16330,2011-11-22 12:24:00,18,3,251.91
16332,2011-11-11 14:22:00,29,7,1582.8
16333,2011-12-02 12:19:00,8,22,26626.8
16337,2011-11-03 10:03:00,37,1,151.05
16338,2011-07-05 13:56:00,158,1,214.8
16339,2011-02-28 13:41:00,285,1,94.05
16340,2011-08-24 14:53:00,108,1,534.31
16341,2011-11-15 09:12:00,25,4,1971.8700000000001
16342,2011-09-25 14:36:00,76,4,322.41
16343,2011-11-23 17:45:00,17,2,328.58
16344,2011-07-04 15:50:00,159,1,101.10000000000001
16345,2011-10-26 16:03:00,45,1,565.46
16347,2011-11-28 13:14:00,12,2,847.45
16348,2011-11-07 15:44:00,33,7,1415.65
16349,2011-02-22 12:40:00,291,1,53.5
16350,2011-11-18 15:53:00,22,4,1116.47
16351,2011-01-11 10:26:00,333,1,153.9
16352,2011-11-22 10:32:00,18,2,494.44
16353,2011-12-06 12:23:00,4,23,6675.71
16354,2011-10-07 14:28:00,64,2,395.8
16356,2011-05-26 11:51:00,198,3,211.77
16357,2011-11-06 16:04:00,34,3,658.88
16358,2011-12-08 15:09:00,2,4,2027.5
16359,2011-12-02 17:04:00,8,9,1750.92
16360,2011-12-05 12:16:00,5,6,3450.41
16361,2011-11-30 12:32:00,10,4,891.21
16362,2011-11-07 13:01:00,33,5,709.99
16363,2011-10-17 14:14:00,54,1,109.36000000000001
16364,2011-11-28 11:27:00,12,2,705.79
16365,2011-11-22 11:24:00,18,9,1540.42
16366,2011-11-21 08:19:00,19,1,327.3
16367,2011-11-02 13:13:00,38,2,800.67
16368,2011-12-07 13:12:00,3,2,479.91
16369,2011-11-21 16:25:00,19,3,1545.41
16370,2011-09-18 15:55:00,83,4,1301.91
16372,2011-11-06 13:08:00,34,2,355.73
16374,2011-10-04 15:21:00,67,2,466.73
16376,2011-12-01 11:38:00,9,2,974.96
16377,2011-03-17 15:41:00,268,1,676.2
16378,2011-04-06 15:07:00,248,3,362.95
16379,2011-12-05 15:38:00,5,4,2157.4
16380,2011-10-09 15:40:00,62,1,1743.1499999999999
16383,2011-09-26 12:45:00,75,2,643.76
16384,2011-09-11 11:19:00,90,2,584.5
16385,2011-10-10 13:12:00,61,3,554.86
16386,2011-11-11 12:28:00,29,2,302.57
16387,2011-01-21 11:34:00,323,1,94.36
16389,2011-10-17 14:41:00,54,4,1382.0700000000002
16392,2011-03-15 12:11:00,270,1,217.89000000000001
16393,2011-12-07 12:51:00,3,13,3040.96
16394,2011-10-14 09:48:00,57,5,1555.34
16395,2011-10-10 12:50:00,61,5,1482.06
16398,2011-07-08 15:16:00,155,2,1705.8
16399,2011-11-20 16:12:00,20,2,408.02
16400,2011-09-06 12:27:00,95,1,303.93
16401,2011-12-08 18:15:00,2,12,4098.32
16402,2011-03-20 12:25:00,265,2,293.45
16403,2011-01-31 13:39:00,313,1,177.5
16404,2011-09-30 14:55:00,71,1,443.05
16405,2011-02-10 15:24:00,303,2,167.25
16406,2011-11-21 11:57:00,19,1,154.35
16407,2011-11-27 11:05:00,13,10,2079.68
16409,2011-11-03 16:45:00,37,5,2022.98
16411,2011-11-20 13:23:00,20,2,211.7
16412,2011-10-17 12:35:00,54,1,135.99
16413,2011-10-14 12:08:00,57,1,262.2
16414,2011-11-18 09:42:00,22,2,126.25
16415,2011-10-26 13:35:00,45,1,200.27
16416,2011-11-13 12:50:00,27,3,1051.4
16418,2011-10-26 12:39:00,45,3,631.12
16419,2011-08-19 12:33:00,113,6,958.71
16422,2011-11-22 14:00:00,18,51,34684.4
16423,2011-11-15 09:21:00,25,1,346.12
16424,2011-06-01 13:40:00,192,1,133.56
16425,2011-02-10 14:30:00,303,1,302.7
16426,2011-12-07 14:01:00,3,10,1863.76
16427,2011-03-21 17:10:00,264,2,241.06
16429,2011-08-25 13:54:00,107,1,284.55
16430,2011-10-13 14:47:00,58,1,300.85
16431,2011-05-10 14:09:00,214,3,623.28
16432,2011-10-06 13:59:00,65,1,287.40000000000003
16433,2011-11-11 14:09:00,29,1,184.26
16434,2011-11-10 14:28:00,30,7,1511.8
16438,2011-12-04 10:51:00,6,5,798.35
16440,2011-12-02 12:02:00,8,5,3640.67
16441,2011-10-03 17:48:00,68,2,381.2
16442,2011-12-08 11:43:00,2,3,609.3
16444,2011-10-24 13:50:00,47,4,654.67
16445,2011-11-06 12:32:00,34,1,230.51
16446,2011-12-09 09:15:00,1,2,168472.5
16447,2011-07-27 12:45:00,136,1,255.91
16448,2011-05-25 16:28:00,199,1,182.99
16449,2011-05-26 10:25:00,198,2,707.69
16450,2011-07-13 11:47:00,150,1,311.92
16451,2011-09-13 09:17:00,88,1,266.97
16454,2011-10-26 11:40:00,45,2,6.9
16455,2011-10-07 12:17:00,64,7,1841.18
16456,2011-09-01 13:50:00,100,5,2158.18
16457,2011-05-05 13:19:00,219,1,208.36
16458,2011-12-07 09:34:00,3,18,3482.7400000000002
16460,2011-11-11 13:46:00,29,3,811.23
16461,2011-06-15 12:07:00,178,1,142.92
16462,2011-09-27 10:24:00,74,3,136.0
16463,2011-11-18 14:01:00,22,4,1422.4
16464,2011-11-20 12:11:00,20,3,1298.66
16466,2011-11-06 11:35:00,34,7,1595.96
16468,2011-09-26 14:13:00,75,1,74.9
16469,2011-11-16 12:25:00,24,4,625.42
16470,2011-10-19 12:11:00,52,4,752.77
16471,2011-03-10 09:41:00,275,1,223.95000000000002
16473,2011-06-28 09:10:00,165,3,316.11
16474,2011-12-02 13:02:00,8,7,1810.65
16475,2011-09-12 14:37:00,89,4,544.3
16477,2011-10-07 09:44:00,64,7,2494.46
16478,2011-11-14 15:51:00,26,3,331.0
16479,2011-11-29 13:40:00,11,2,300.83
16480,2011-09-25 11:40:00,76,1,769.29
16482,2011-11-24 12:33:00,16,1,220.62
16483,2011-05-31 13:08:00,193,1,139.35
16484,2011-06-19 12:06:00,174,2,404.3
16485,2011-09-23 15:50:00,78,1,363.65
16488,2011-11-06 13:42:00,34,3,498.8
16491,2011-10-24 10:18:00,47,1,731.5
16493,2011-09-21 11:10:00,80,4,1351.63
16494,2011-02-16 12:49:00,297,1,826.53
16495,2011-12-06 13:20:00,4,3,648.26
16496,2011-12-01 10:31:00,9,3,1599.52
16497,2011-10-21 10:55:00,50,6,2965.69
16498,2011-07-01 15:07:00,162,2,100.97
16499,2010-12-14 13:31:00,361,2,365.45
16500,2011-12-05 12:04:00,5,6,400.86
16503,2011-08-25 11:46:00,107,4,1431.93
16504,2011-11-14 15:18:00,26,1,465.88
16505,2011-11-08 12:14:00,32,1,777.6
16506,2011-11-20 12:17:00,20,2,90.30000000000001
16509,2011-02-16 09:25:00,297,1,363.70000000000005
16510,2010-12-02 13:39:00,373,1,248.1
16511,2011-11-18 10:41:00,22,3,918.33
16513,2011-12-05 10:18:00,5,4,874.59
16515,2011-10-18 13:10:00,53,5,1624.14
16516,2011-11-09 14:59:00,31,1,101.69999999999999
16517,2011-03-07 13:50:00,278,1,162.70000000000002
16518,2011-10-09 15:04:00,62,2,484.32
16519,2011-11-14 15:41:00,26,2,215.07999999999998
16520,2011-06-06 13:24:00,187,3,1046.57
16523,2011-12-08 09:06:00,2,21,9418.470000000001
16525,2011-12-07 15:07:00,3,26,13027.45
16526,2011-06-21 12:02:00,172,1,290.36
16527,2011-09-19 16:21:00,82,1,228.06
16528,2011-12-06 12:45:00,4,1,244.41
16529,2011-06-02 17:23:00,191,1,455.25
16531,2011-11-17 16:29:00,23,7,1244.59
16532,2011-11-22 11:08:00,18,3,6748.8
16533,2011-11-20 13:08:00,20,3,1082.81
16535,2011-12-04 15:18:00,6,1,593.75
16536,2011-08-21 15:54:00,111,1,548.12
16539,2011-12-07 08:41:00,3,4,1388.81
16542,2011-10-17 10:47:00,54,1,119.62
16545,2011-06-28 10:37:00,165,1,339.3
16546,2011-02-22 11:20:00,291,2,787.15
16549,2011-11-29 15:06:00,11,10,4034.9
16550,2011-08-23 11:12:00,109,5,2298.97
16551,2011-09-05 09:38:00,96,3,922.12
16552,2011-04-11 10:04:00,243,2,379.73
16553,2011-06-29 15:42:00,164,12,5719.82
16554,2011-10-28 14:51:00,43,3,837.1
16555,2011-11-04 14:31:00,36,2,285.89
16556,2011-10-04 11:36:00,67,7,3313.79
16557,2011-11-15 14:04:00,25,2,281.85
16558,2011-12-09 10:20:00,1,20,8338.49
16560,2011-11-13 10:35:00,27,2,841.41
16561,2011-12-04 11:50:00,6,2,511.12
16563,2011-10-17 11:51:00,54,1,1077.74
16565,2010-12-10 15:21:00,365,1,173.7
16566,2011-11-24 16:34:00,16,5,614.66
16567,2011-05-29 13:57:00,195,2,865.6
16569,2011-12-06 15:32:00,4,1,124.2
16570,2011-11-24 17:02:00,16,10,3738.4
16571,2011-11-13 11:46:00,27,3,1421.69
16572,2011-08-04 16:34:00,128,3,1009.6
16573,2011-09-16 09:13:00,85,2,663.61
16574,2011-09-29 13:39:00,72,1,451.44
16581,2011-06-10 10:05:00,183,1,105.84
16582,2011-08-18 17:02:00,114,1,313.62
16583,2010-12-01 12:03:00,374,1,233.45
16584,2011-09-20 13:45:00,81,2,936.08
16586,2011-04-05 09:32:00,249,1,463.95
16587,2011-04-21 15:51:00,233,1,225.15
16589,2011-09-29 14:50:00,72,3,459.24
16591,2011-10-02 10:43:00,69,1,213.5
16592,2011-12-05 13:49:00,5,16,4113.68
16593,2011-10-20 12:41:00,51,3,330.03
16594,2011-09-25 14:08:00,76,1,181.09
16595,2011-10-09 13:15:00,62,1,360.16
16596,2011-11-24 10:02:00,16,2,250.15
16597,2011-12-05 15:44:00,5,1,90.04
16598,2011-02-27 11:42:00,286,1,145.05
16600,2011-12-05 16:00:00,5,6,813.52
16601,2011-10-30 11:09:00,41,1,242.7
16602,2011-11-03 15:54:00,37,1,528.08
16603,2011-09-26 10:06:00,75,2,482.47
16607,2011-11-22 10:24:00,18,14,3347.71
16609,2011-11-24 13:32:00,16,7,5493.46
16610,2011-05-04 13:13:00,220,1,75.66
16611,2011-06-06 15:46:00,187,1,129.49
16612,2011-11-07 07:38:00,33,4,1187.66
16613,2011-09-30 15:52:00,71,1,618.59
16614,2011-06-10 11:36:00,183,1,506.19
16616,2011-11-24 16:31:00,16,2,500.42
16617,2011-04-18 10:35:00,236,1,151.85
16618,2011-11-08 13:52:00,32,5,2647.59
16619,2011-03-21 08:18:00,264,1,226.21
16620,2011-12-06 12:19:00,4,2,178.96
16621,2011-10-19 11:38:00,52,4,813.48
16623,2011-04-08 10:09:00,246,1,129.45000000000002
16624,2011-09-20 12:39:00,81,2,810.57
16625,2011-03-10 12:50:00,275,1,333.08
16626,2011-12-09 11:56:00,1,17,4413.1
16627,2011-09-21 14:38:00,80,1,322.8
16628,2011-11-10 12:45:00,30,5,2188.05
16629,2011-09-27 10:34:00,74,2,408.63
16633,2011-11-22 13:41:00,18,6,2883.1
16634,2011-05-01 12:09:00,223,2,217.9
16637,2011-11-07 13:17:00,33,4,1154.47
16638,2011-11-17 11:09:00,23,10,1680.72
16639,2011-11-08 13:20:00,32,3,1257.51
16641,2011-08-26 12:49:00,106,1,231.1
16642,2011-12-05 11:31:00,5,2,688.33
16643,2011-04-08 08:24:00,246,1,487.51
16644,2011-06-15 12:39:00,178,2,833.78
16647,2011-06-23 11:47:00,170,2,214.06
16648,2011-10-28 08:58:00,43,1,290.66
16650,2011-09-29 09:51:00,72,1,518.42
16652,2011-10-12 09:38:00,59,7,6773.97
16653,2011-11-23 14:51:00,17,2,1212.66
16654,2011-07-21 15:23:00,142,4,601.27
16655,2011-11-22 11:25:00,18,6,3789.52
16656,2011-11-17 14:43:00,23,15,8625.8
16657,2011-11-30 11:48:00,10,4,874.43
16658,2010-12-06 13:47:00,369,1,123.24
16659,2011-06-03 15:03:00,190,1,39.12
16660,2011-11-23 14:53:00,17,4,1267.65
16665,2010-12-12 14:03:00,363,1,135.4
16666,2011-11-20 14:01:00,20,1,118.98
16667,2011-10-02 15:26:00,69,2,567.1800000000001
16668,2011-11-24 17:43:00,16,6,306.72
16669,2011-11-16 12:26:00,24,3,1348.88
16670,2011-11-23 09:34:00,17,11,4095.9
16671,2011-11-11 13:40:00,29,3,1692.27
16672,2011-12-07 16:29:00,3,20,8134.9400000000005
16674,2011-10-16 11:31:00,55,2,304.24
16676,2011-11-06 12:01:00,34,4,1592.12
16678,2011-12-07 12:17:00,3,12,3109.99
16679,2010-12-08 13:51:00,367,1,129.75
16680,2011-10-27 17:35:00,44,1,183.7
16681,2011-09-28 11:11:00,73,6,1770.3400000000001
16682,2011-12-05 12:13:00,5,5,1028.0
16684,2011-12-05 14:06:00,5,28,66653.56
16685,2011-10-09 13:58:00,62,2,324.24
16686,2011-10-23 13:49:00,48,7,2959.88
16688,2011-12-08 15:24:00,2,4,1260.8600000000001
16689,2011-09-25 11:39:00,76,2,422.6
16690,2011-09-28 15:02:00,73,2,225.58
16692,2011-03-28 14:46:00,257,2,1276.0
16693,2011-10-02 11:10:00,69,2,477.86
16696,2011-07-27 14:23:00,136,4,657.9
16697,2011-04-12 17:12:00,242,1,112.75
16698,2011-04-27 10:52:00,227,2,1998.0
16700,2011-12-01 11:00:00,9,13,5076.55
16701,2011-12-01 11:10:00,9,13,5398.3
16705,2011-12-09 12:08:00,1,20,14034.99
16706,2011-11-02 13:50:00,38,3,531.35
16708,2011-10-25 12:20:00,46,1,656.63
16709,2011-09-16 10:56:00,85,5,3029.87
16710,2011-11-20 14:50:00,20,10,2467.9900000000002
16711,2011-12-06 16:32:00,4,5,1651.03
16712,2011-11-30 13:48:00,10,11,3611.31
16713,2011-11-21 12:36:00,19,15,6910.78
16714,2011-05-05 11:09:00,219,3,1129.06
16715,2011-09-22 18:15:00,79,1,301.71999999999997
16716,2011-03-18 10:03:00,267,2,901.2
16717,2011-11-16 12:16:00,24,6,3843.08
16718,2010-12-05 13:03:00,370,1,606.0500000000001
16719,2011-11-25 09:27:00,15,7,1770.22
16720,2011-11-13 16:22:00,27,1,152.95
16721,2011-03-22 16:08:00,263,1,292.47
16722,2011-11-22 13:28:00,18,13,4730.81
16723,2011-09-09 13:01:00,92,2,576.4
16725,2011-02-10 16:52:00,303,7,758.27
16726,2011-11-13 14:53:00,27,5,1358.74
16727,2010-12-10 13:48:00,365,1,256.32
16728,2011-10-24 14:36:00,47,4,1048.28
16729,2011-11-01 14:29:00,39,21,7205.33
16730,2011-10-18 14:11:00,53,3,743.11
16732,2011-11-08 09:54:00,32,1,603.75
16734,2011-10-18 13:44:00,53,3,646.76
16735,2011-09-22 11:49:00,79,5,2247.41
16737,2011-10-17 13:03:00,54,1,417.6
16738,2011-02-15 09:46:00,298,1,3.75
16739,2011-06-16 09:17:00,177,1,323.0
16742,2011-10-24 12:02:00,47,1,464.9
16743,2011-11-10 13:13:00,30,7,2213.13
16744,2011-11-28 13:06:00,12,7,1291.91
16745,2011-09-14 11:58:00,87,17,7180.7
16746,2011-12-05 12:33:00,5,18,6680.11
16747,2011-11-02 11:37:00,38,2,836.0600000000001
16748,2011-11-22 10:17:00,18,5,1515.9
16750,2011-10-26 12:48:00,45,5,623.93
16751,2011-11-09 10:48:00,31,1,1764.72
16752,2010-12-02 12:18:00,373,1,207.5
16753,2011-10-12 13:14:00,59,1,223.92000000000002
16754,2010-12-02 17:38:00,373,1,2002.4
16755,2011-08-17 13:21:00,115,3,1475.43
16756,2011-05-09 09:33:00,215,1,239.4
16757,2011-01-25 11:59:00,319,1,106.83000000000001
16758,2011-10-05 14:47:00,66,1,369.34000000000003
16759,2011-12-02 12:42:00,8,3,789.79
16761,2011-09-04 11:15:00,97,1,316.62
16762,2011-11-20 11:43:00,20,3,1207.24
16763,2011-05-25 11:52:00,199,1,611.8499999999999
16764,2011-12-06 11:41:00,4,13,2790.9500000000003
16765,2011-02-18 15:41:00,295,1,34.0
16766,2011-03-11 15:22:00,274,2,1145.6
16767,2011-11-09 09:42:00,31,11,5575.56
16768,2011-10-23 10:38:00,48,3,478.09000000000003
16769,2011-03-24 13:41:00,261,1,361.54
16770,2011-10-13 12:21:00,58,5,757.1
16771,2011-11-06 13:28:00,34,5,2242.61
16773,2011-10-13 14:37:00,58,1,171.59
16774,2011-10-03 12:41:00,68,4,661.52
16775,2011-11-29 15:22:00,11,11,1691.51
16776,2011-10-10 13:04:00,61,1,371.54
16777,2011-09-20 13:41:00,81,2,222.62
16778,2011-09-26 13:48:00,75,2,245.94
16779,2011-12-07 14:54:00,3,22,10611.72
16780,2011-08-31 16:09:00,101,2,422.24
16781,2010-12-02 14:26:00,373,1,311.25
16782,2011-11-29 13:20:00,11,13,2267.9500000000003
16784,2011-11-20 12:20:00,20,1,107.6
16788,2011-08-08 14:53:00,124,2,594.39
16789,2011-12-01 15:12:00,9,1,80.80000000000001
16790,2011-12-06 11:53:00,4,6,1545.6200000000001
16791,2011-11-10 19:12:00,30,7,1705.78
16792,2011-03-02 14:41:00,283,2,110.38
16793,2011-10-13 15:08:00,58,1,243.84
16794,2011-12-08 17:54:00,2,10,1196.5
16795,2010-12-09 14:08:00,366,1,414.88
16796,2011-09-11 14:01:00,90,1,305.62
16800,2011-11-28 14:06:00,12,1,1162.65
16801,2011-06-29 15:33:00,164,4,1594.23
16803,2011-10-05 14:28:00,66,1,332.3
16804,2011-11-16 16:43:00,24,3,536.99
16805,2011-06-19 11:23:00,174,2,460.59000000000003
16806,2011-08-28 15:27:00,104,4,762.16
16807,2011-07-20 12:00:00,143,3,1121.59
16808,2011-09-01 19:34:00,100,2,288.42
16809,2011-11-16 15:45:00,24,5,914.69
16810,2011-05-31 15:32:00,193,1,309.54
16811,2011-12-05 11:39:00,5,2,547.07
16812,2010-12-14 12:35:00,361,1,479.35
16813,2011-12-01 14:03:00,9,10,1652.18
16814,2011-11-25 13:27:00,15,21,6416.7
16816,2011-08-28 14:16:00,104,4,417.06
16817,2011-12-07 11:03:00,3,9,1604.75
16818,2011-11-29 10:41:00,11,11,3349.57
16820,2011-09-05 12:06:00,96,1,497.61
16823,2011-04-26 15:00:00,228,1,358.38
16824,2011-11-24 12:38:00,16,2,460.64
16825,2011-11-01 11:51:00,39,2,775.18
16826,2011-10-19 14:05:00,52,1,341.7
16828,2011-09-07 15:10:00,94,2,128.5
16829,2011-07-06 10:48:00,157,1,197.22
16830,2011-11-01 11:35:00,39,1,325.91
16832,2011-06-08 15:36:00,185,3,199.15
16833,2011-12-08 14:39:00,2,4,1106.53
16834,2011-04-26 09:37:00,228,1,413.46
16835,2011-08-03 13:50:00,129,2,180.85
16836,2011-10-31 10:05:00,40,2,251.87
16837,2011-11-08 14:27:00,32,11,3170.98
16838,2011-05-26 13:13:00,198,2,588.85
16839,2011-12-01 09:03:00,9,34,16594.35
16841,2011-11-03 11:51:00,37,6,1869.82
16842,2011-08-31 10:42:00,101,3,1264.19
16843,2011-10-28 09:06:00,43,16,10196.57
16846,2011-10-20 13:55:00,51,1,214.32
16847,2011-10-27 13:29:00,44,1,193.44
16848,2011-10-18 08:42:00,53,1,281.42
16849,2011-06-06 09:16:00,187,1,124.57
16850,2011-01-10 11:09:00,334,1,332.41
16851,2011-12-05 13:32:00,5,3,342.45
16852,2011-11-29 13:22:00,11,2,144.91
16855,2011-11-16 12:03:00,24,2,328.40000000000003
16856,2011-11-25 08:59:00,15,1,35.400000000000006
16858,2010-12-06 09:52:00,369,1,375.69000000000005
16859,2011-07-18 12:19:00,145,2,747.81
16861,2011-10-11 09:05:00,60,2,173.76
16863,2011-11-08 15:26:00,32,2,502.8
16866,2011-07-22 10:06:00,141,3,207.74
16869,2011-11-17 12:02:00,23,4,817.12
16871,2011-11-17 19:27:00,23,6,2812.34
16872,2011-09-23 16:05:00,78,3,680.02
16873,2011-12-05 12:05:00,5,6,7123.62
16875,2011-10-03 13:39:00,68,5,2095.53
16877,2011-11-27 13:47:00,13,6,846.62
16878,2011-09-16 17:39:00,85,1,13.3
16880,2011-11-09 11:33:00,31,7,1491.43
16881,2011-10-04 10:33:00,67,1,432.0
16882,2011-10-04 10:42:00,67,3,705.12
16883,2011-06-05 12:51:00,188,2,272.48
16884,2011-11-02 11:52:00,38,2,429.84
16885,2011-11-24 13:40:00,16,3,450.41
16887,2011-11-04 14:07:00,36,1,192.32999999999998
16889,2011-05-29 11:05:00,195,3,1578.67
16891,2011-12-08 11:15:00,2,5,742.43
16892,2011-12-08 13:18:00,2,5,518.19
16893,2010-12-08 12:06:00,367,1,145.93
16895,2011-10-06 12:15:00,65,1,202.27
16897,2011-02-13 15:02:00,300,2,289.78
16898,2011-11-13 15:44:00,27,3,501.03000000000003
16899,2011-12-02 12:03:00,8,6,1271.06
16900,2011-11-23 10:32:00,17,3,887.11
16902,2011-08-15 14:17:00,117,1,1706.88
16903,2011-11-10 15:32:00,30,1,363.2
16904,2011-12-05 13:10:00,5,16,3653.75
16905,2011-12-04 14:01:00,6,7,3037.6
16906,2011-09-19 11:49:00,82,4,559.59
16907,2011-11-10 18:04:00,30,5,928.76
16909,2011-09-28 16:45:00,73,1,379.14
16910,2011-12-05 12:51:00,5,8,1508.96
16912,2011-11-11 12:18:00,29,11,2555.58
16913,2011-02-22 12:56:00,291,1,113.44
16914,2011-11-03 15:27:00,37,1,183.76
16915,2011-11-30 16:39:00,10,6,621.6800000000001
16916,2011-11-16 12:08:00,24,2,562.41
16917,2011-03-08 11:55:00,277,1,391.52
16918,2011-10-21 12:50:00,50,6,1068.82
16919,2011-07-06 13:35:00,157,11,2592.25
16921,2011-10-09 16:22:00,62,1,154.18
16923,2011-11-27 13:00:00,13,19,7069.08
16924,2011-11-18 12:53:00,22,3,829.89
16926,2010-12-03 13:42:00,372,1,230.25
16927,2011-08-16 11:10:00,116,3,543.05
16928,2011-09-20 15:10:00,81,17,2814.7
16929,2011-12-06 08:37:00,4,7,1295.39
16930,2011-11-13 16:13:00,27,3,378.89
16931,2011-12-04 13:15:00,6,21,4554.87
16932,2011-10-17 14:12:00,54,1,150.23000000000002
16933,2011-12-08 12:54:00,2,2,563.23
16934,2011-10-16 12:40:00,55,2,931.03
16936,2011-11-14 11:04:00,26,1,261.9
16938,2011-12-01 10:20:00,9,4,2711.6800000000003
16940,2011-10-18 13:15:00,53,3,3049.88
16942,2011-11-27 12:40:00,13,9,1904.99
16943,2011-05-12 11:57:00,212,3,816.73
16945,2011-11-18 11:39:00,22,19,4345.5
16947,2011-04-18 09:38:00,236,1,406.48
16948,2011-07-24 12:46:00,139,3,435.02
16949,2011-12-06 11:07:00,4,6,1286.27
16950,2011-10-14 09:06:00,57,3,1178.56
16951,2011-07-28 12:05:00,135,3,1277.75
16952,2011-08-22 13:03:00,110,2,167.61
16953,2011-11-09 15:54:00,31,1,20.8
16954,2011-12-09 09:46:00,1,9,2085.08
16955,2011-06-08 10:36:00,185,4,518.67
16956,2011-11-22 08:56:00,18,1,308.74
16957,2011-04-14 13:56:00,240,2,416.64
16959,2011-09-13 15:03:00,88,1,117.35000000000001
16960,2011-11-01 11:35:00,39,3,507.05
16961,2011-08-15 13:46:00,117,1,234.17000000000002
16963,2011-06-05 13:48:00,188,1,110.55000000000001
16965,2011-04-27 12:08:00,227,1,201.19
16966,2011-12-01 13:40:00,9,7,2154.97
16967,2011-06-03 14:24:00,190,1,319.02
16968,2011-12-05 15:02:00,5,2,439.43
16969,2011-10-31 13:12:00,40,3,650.41
16971,2011-11-01 15:06:00,39,1,357.21
16976,2011-03-17 16:33:00,268,1,251.51999999999998
16978,2011-09-23 12:50:00,78,1,344.33
16979,2011-12-06 12:21:00,4,6,1852.0
16980,2011-03-29 16:36:00,256,2,1028.46
16982,2011-10-10 12:28:00,61,1,384.06
16983,2011-11-27 12:10:00,13,7,1905.87
16984,2011-09-12 13:43:00,89,2,4459.52
16985,2011-11-22 13:33:00,18,10,5464.12
16986,2011-11-10 11:55:00,30,2,1873.2
16987,2011-12-06 17:26:00,4,7,1616.8
16988,2011-12-04 16:02:00,6,1,126.12
16989,2011-12-02 16:39:00,8,6,1133.25
16990,2011-05-05 08:30:00,219,1,179.0
16992,2011-11-29 11:50:00,11,5,1614.31
16996,2011-11-09 16:43:00,31,6,1456.96
16997,2011-02-24 17:28:00,289,3,702.0
16998,2011-07-13 09:44:00,150,4,295.0
16999,2011-11-16 13:53:00,24,2,484.82
17001,2011-12-09 09:38:00,1,11,3989.57
17002,2011-09-15 12:40:00,86,3,1493.73
17004,2011-10-24 14:25:00,47,2,1312.1399999999999
17006,2011-12-05 12:09:00,5,4,781.78
17007,2011-10-20 10:47:00,51,6,889.9300000000001
17010,2011-11-21 14:49:00,19,1,195.36
17011,2011-11-09 13:30:00,31,1,270.9
17014,2011-12-01 14:09:00,9,3,583.4300000000001
17015,2011-11-11 10:45:00,29,3,1838.61
17017,2011-12-07 09:32:00,3,20,8694.26
17018,2011-10-30 11:42:00,41,2,920.1
17019,2011-11-28 13:06:00,12,4,1258.08
17022,2011-11-08 17:09:00,32,1,71.0
17024,2011-10-25 13:47:00,46,3,95.85
17025,2011-10-10 09:06:00,61,3,357.77
17026,2011-06-07 14:28:00,186,2,154.83
17027,2011-09-22 12:24:00,79,6,877.5600000000001
17029,2011-08-21 11:06:00,111,2,716.0
17030,2011-10-07 08:49:00,64,1,146.87
17031,2011-11-28 10:23:00,12,2,380.35
17033,2011-09-14 14:34:00,87,3,1030.14
17034,2011-11-23 15:14:00,17,3,745.52
17035,2011-04-08 11:23:00,246,2,433.53000000000003
17037,2011-09-13 12:49:00,88,1,1267.32
17038,2011-11-09 13:50:00,31,1,112.4
17040,2011-07-25 10:19:00,138,1,449.73
17041,2011-11-13 11:21:00,27,3,1071.49
17042,2011-12-07 12:26:00,3,5,1036.58
17043,2011-11-07 15:33:00,33,4,1735.18
17044,2011-11-14 14:28:00,26,1,948.48
17045,2011-08-18 17:09:00,114,3,339.44
17046,2011-07-05 14:24:00,158,1,642.02
17047,2011-09-15 13:27:00,86,3,1100.9
17048,2011-08-14 11:49:00,118,3,925.35
17049,2011-12-07 10:48:00,3,9,5655.03
17050,2011-09-04 13:48:00,97,6,3185.64
17051,2011-05-29 14:13:00,195,1,240.89
17052,2011-11-11 14:50:00,29,1,399.09
17053,2011-08-01 10:23:00,131,1,498.48
17054,2011-11-11 12:56:00,29,5,1356.33
17058,2011-09-19 10:13:00,82,3,1179.89
17059,2011-11-10 12:27:00,30,5,3080.39
17060,2011-03-18 13:27:00,267,1,234.24
17061,2011-09-27 11:24:00,74,11,5232.2300000000005
17062,2011-01-30 11:01:00,314,4,533.33
17063,2011-11-18 16:19:00,22,7,1461.14
17064,2011-10-12 10:18:00,59,3,855.45
17068,2011-11-27 13:14:00,13,21,4552.14
17069,2011-11-11 17:13:00,29,9,2709.7000000000003
17070,2011-08-17 17:01:00,115,1,304.24
17071,2011-11-11 16:31:00,29,9,2429.03
17073,2011-11-22 11:47:00,18,4,1446.09
17075,2011-11-22 11:58:00,18,4,834.12
17076,2011-11-03 17:53:00,37,3,841.0799999999999
17078,2011-11-03 19:17:00,37,2,378.2
17079,2011-09-22 15:34:00,79,1,118.80000000000001
17080,2011-11-17 12:59:00,23,2,287.62
17081,2011-11-14 12:56:00,26,2,288.91
17082,2011-11-06 15:17:00,34,2,2003.8500000000001
17083,2011-08-22 15:43:00,110,3,1405.78
17084,2011-11-04 14:54:00,36,2,2747.9900000000002
17085,2011-08-08 14:15:00,124,5,1562.4
17086,2011-12-02 13:54:00,8,6,2050.08
17088,2011-11-11 14:23:00,29,4,1991.01
17090,2011-12-05 13:44:00,5,7,1974.65
17091,2011-12-07 10:43:00,3,9,3827.76
17092,2011-10-20 19:51:00,51,4,1774.03
17094,2011-01-21 13:09:00,323,1,302.0
17095,2011-11-17 12:21:00,23,3,1324.16
17096,2011-11-24 15:01:00,16,4,1022.13
17097,2011-12-07 17:05:00,3,8,954.42
17100,2011-11-21 16:36:00,19,2,971.74
17101,2011-11-29 13:57:00,11,4,1621.73
17102,2011-03-23 10:08:00,262,1,25.5
17105,2011-07-03 15:53:00,160,2,665.78
17107,2011-11-06 14:14:00,34,6,10797.48
17109,2011-11-10 16:59:00,30,6,881.29
17110,2011-06-27 12:58:00,166,1,163.29999999999998
17111,2011-10-23 15:59:00,48,1,231.61
17114,2011-12-04 12:17:00,6,8,801.12
17115,2011-12-01 14:30:00,9,3,837.5
17117,2011-02-24 13:54:00,289,1,116.2
17118,2011-01-26 12:19:00,318,1,157.02
17119,2011-12-06 14:40:00,4,2,606.91
17120,2011-04-20 15:21:00,234,1,307.46
17122,2011-08-12 14:33:00,120,1,138.32
17123,2011-07-01 10:47:00,162,1,345.3
17124,2011-06-07 14:02:00,186,1,294.24
17125,2011-10-20 14:41:00,51,1,230.5
17126,2011-07-10 13:52:00,153,5,989.45
17128,2011-01-09 12:02:00,335,1,157.09
17131,2011-12-04 12:52:00,6,5,2463.17
17133,2011-11-24 12:27:00,16,7,4892.240000000001
17134,2011-08-25 09:53:00,107,2,413.2
17135,2011-11-23 16:48:00,17,7,1139.73
17138,2011-03-09 11:54:00,276,1,380.5
17139,2011-11-24 10:12:00,16,12,10650.77
17140,2011-04-06 13:33:00,248,1,454.12
17142,2011-04-14 18:22:00,240,1,579.0
17144,2011-12-08 17:57:00,2,2,984.57
17146,2011-08-26 12:44:00,106,3,749.78
17147,2011-11-17 12:32:00,23,4,1714.59
17148,2011-10-19 09:59:00,52,1,124.88
17152,2011-05-29 12:19:00,195,3,1689.5
17153,2011-11-15 13:42:00,25,1,213.78
17154,2011-09-25 13:42:00,76,1,329.34
17155,2011-11-22 12:38:00,18,2,251.7
17157,2011-12-02 09:10:00,8,2,319.0
17158,2011-11-07 15:15:00,33,3,1266.97
17159,2011-11-18 10:52:00,22,3,1538.88
17160,2011-11-08 14:05:00,32,6,3518.03
17162,2011-11-11 11:34:00,29,10,1715.46
17163,2011-11-18 08:57:00,22,2,293.1
17164,2011-11-07 09:14:00,33,7,2467.35
17165,2011-02-28 16:39:00,285,1,158.68
17166,2011-11-01 09:46:00,39,2,206.34
17169,2011-10-13 10:25:00,58,2,835.78
17171,2011-02-23 16:37:00,290,1,224.91
17172,2011-09-22 09:36:00,79,1,317.76
17173,2011-12-04 14:40:00,6,8,3766.6
17174,2011-05-06 11:47:00,218,1,59.9
17175,2011-10-26 15:31:00,45,4,1443.69
17176,2011-05-22 12:41:00,202,1,306.13
17179,2011-06-14 16:48:00,179,3,711.79
17180,2011-10-14 15:46:00,57,4,783.97
17181,2011-10-13 14:48:00,58,2,239.92000000000002
17183,2011-12-02 10:07:00,8,6,3347.31
17186,2011-10-24 10:20:00,47,2,144.0
17187,2011-04-27 12:39:00,227,1,203.95
17188,2011-11-28 13:53:00,12,7,2474.23
17189,2011-08-25 19:39:00,107,2,383.75
17190,2011-10-12 11:33:00,59,2,444.74
17191,2011-11-11 16:58:00,29,7,2093.68
17193,2011-11-04 12:47:00,36,7,1699.3
17194,2011-03-11 12:05:00,274,2,262.62
17197,2011-11-10 10:32:00,30,1,1013.01
17198,2011-11-16 10:39:00,24,3,692.22
17201,2011-10-17 11:55:00,54,1,289.78000000000003
17203,2011-11-04 12:27:00,36,6,3560.08
17204,2011-06-17 14:46:00,176,4,1564.56
17205,2011-10-17 12:46:00,54,1,384.08
17206,2011-10-17 13:25:00,54,1,204.24
17211,2011-11-13 12:03:00,27,8,2317.2200000000003
17212,2011-03-31 19:42:00,254,1,226.85
17213,2011-10-30 14:53:00,41,7,2781.23
17214,2011-10-10 13:17:00,61,6,1059.1200000000001
17217,2011-04-19 17:19:00,235,1,113.5
17218,2011-12-05 13:52:00,5,10,1951.97
17219,2011-11-08 11:25:00,32,1,114.23
17220,2011-11-15 13:47:00,25,14,3187.55
17221,2011-12-02 13:35:00,8,2,334.48
17222,2011-10-05 13:58:00,66,1,328.65
17223,2011-02-02 15:57:00,311,2,416.89
17226,2011-02-04 11:52:00,309,1,393.49
17227,2011-11-21 10:51:00,19,6,939.32
17228,2011-11-24 10:24:00,16,8,1906.09
17229,2011-09-04 13:56:00,97,2,318.76
17230,2011-03-20 16:12:00,265,8,3638.41
17231,2011-11-27 15:18:00,13,10,3124.72
17232,2011-12-07 12:21:00,3,2,417.77
17233,2011-11-04 14:06:00,36,1,190.88
17234,2011-06-10 11:20:00,183,1,149.89
17235,2011-11-14 15:51:00,26,2,550.0600000000001
17236,2011-11-27 12:00:00,13,6,916.13
17237,2011-11-28 15:02:00,12,2,314.69
17238,2011-12-07 11:35:00,3,17,3719.1
17239,2011-01-31 09:41:00,313,1,382.5
17242,2011-08-23 14:55:00,109,2,1135.04
17243,2011-12-08 13:26:00,2,26,8540.05
17244,2011-10-17 15:19:00,54,1,954.9
17245,2011-05-19 10:43:00,205,1,171.45000000000002
17247,2011-11-24 15:21:00,16,1,280.09000000000003
17248,2011-08-11 13:34:00,121,1,318.65
17250,2011-12-06 12:15:00,4,2,381.97
17251,2010-12-12 11:06:00,363,1,269.83
17252,2011-08-15 09:45:00,117,2,348.90999999999997
17253,2011-11-21 12:59:00,19,1,178.26
17254,2011-12-05 12:46:00,5,2,271.19
17255,2011-10-30 12:18:00,41,2,291.48
17256,2011-08-24 13:30:00,108,2,240.0
17259,2011-07-14 15:01:00,149,2,581.23
17262,2011-10-18 12:56:00,53,5,1253.3600000000001
17263,2011-05-15 14:32:00,209,1,63.440000000000005
17265,2011-07-24 10:49:00,139,2,550.01
17266,2011-12-07 14:12:00,3,3,296.58
17267,2011-08-04 17:22:00,128,2,317.2
17268,2011-08-24 10:06:00,108,4,763.64
17272,2011-10-28 16:37:00,43,4,2148.63
17274,2011-11-04 13:16:00,36,1,107.82
17277,2011-04-26 12:47:00,228,2,1065.3500000000001
17278,2011-04-12 13:10:00,242,1,246.04000000000002
17279,2011-10-13 11:58:00,58,1,187.82999999999998
17282,2011-08-01 14:29:00,131,3,1685.46
17284,2011-10-10 14:38:00,61,6,1647.48
17286,2011-11-18 12:47:00,22,1,151.37
17287,2011-11-13 13:27:00,27,7,1049.06
17288,2011-11-30 16:09:00,10,7,1417.6299999999999
17289,2011-11-08 12:01:00,32,3,931.02
17290,2011-12-06 12:38:00,4,2,513.01
17291,2011-02-04 13:04:00,309,1,550.8000000000001
17293,2011-12-01 14:37:00,9,9,1854.06
17295,2011-11-11 10:49:00,29,3,547.0
17297,2011-11-22 14:43:00,18,1,128.18
17298,2011-08-30 16:43:00,102,2,498.42
17299,2011-11-28 12:01:00,12,4,656.61
17301,2011-11-18 13:43:00,22,1,163.24
17302,2011-11-25 09:36:00,15,5,1135.63
17303,2010-12-13 13:32:00,362,1,250.04
17306,2011-11-29 12:14:00,11,19,8631.31
17309,2011-09-05 15:20:00,96,1,82.75
17311,2011-09-22 14:11:00,79,2,1384.85
17312,2011-07-24 11:52:00,139,3,644.3
17313,2011-11-08 15:45:00,32,1,2328.84
17314,2011-11-15 09:41:00,25,8,2527.92
17315,2011-12-08 12:15:00,2,38,6281.2300000000005
17317,2011-10-24 17:19:00,47,3,2600.34
17320,2011-08-31 13:31:00,101,3,1200.6200000000001
17321,2011-12-01 13:41:00,9,2,657.16
17323,2011-11-24 17:29:00,16,7,906.52
17324,2011-11-22 10:34:00,18,4,986.48
17325,2011-03-04 13:09:00,281,1,96.8
17329,2011-11-25 14:24:00,15,2,523.11
17330,2011-11-17 08:56:00,23,2,363.9
17331,2011-08-08 11:55:00,124,1,175.2
17333,2011-09-15 10:11:00,86,1,494.25
17334,2011-02-10 14:59:00,303,2,307.02000000000004
17337,2011-07-11 14:55:00,152,4,1981.06
17338,2011-11-22 14:23:00,18,8,6493.54
17339,2011-09-06 13:29:00,95,2,243.36
17340,2011-11-10 10:45:00,30,11,12353.29
17341,2011-07-06 12:33:00,157,3,682.29
17343,2010-12-19 15:07:00,356,1,193.64
17344,2011-10-24 12:56:00,47,1,157.62
17345,2011-11-24 15:03:00,16,4,519.6899999999999
17346,2011-12-06 12:18:00,4,15,2622.88
17347,2011-09-14 13:12:00,87,1,228.96
17348,2011-11-25 11:25:00,15,5,1156.6
17349,2011-06-13 14:29:00,180,1,98.25
17350,2011-12-01 15:47:00,9,4,1281.32
17351,2011-11-03 18:45:00,37,3,587.15
17353,2011-08-02 17:19:00,130,2,1740.0
17354,2011-10-20 10:34:00,51,1,1393.06
17356,2011-02-01 11:07:00,312,1,178.22
17357,2011-11-15 16:30:00,25,2,384.39
17358,2011-02-09 16:57:00,304,2,360.81
17359,2011-11-28 14:37:00,12,1,127.86
17360,2011-11-22 13:11:00,18,3,568.24
17361,2011-10-21 15:43:00,50,3,488.2
17362,2011-04-14 14:43:00,240,2,312.23
17364,2011-12-09 09:00:00,1,11,4462.68
17365,2011-11-27 12:13:00,13,8,4767.36
17367,2011-04-15 14:21:00,239,1,167.55
17368,2011-11-16 15:26:00,24,8,1878.87
17370,2011-09-28 10:14:00,73,4,446.18
17371,2011-11-22 13:30:00,18,3,418.4
17372,2011-10-30 11:37:00,41,8,1337.18
17373,2011-10-30 15:28:00,41,4,646.92
17374,2011-05-05 09:05:00,219,2,495.77
17375,2011-05-24 15:45:00,200,3,400.1
17376,2011-09-30 12:36:00,71,2,203.2
17377,2011-11-16 11:17:00,24,20,4058.32
17379,2011-11-28 13:56:00,12,1,389.71999999999997
17381,2011-12-01 11:59:00,9,29,20275.61
17382,2011-10-05 13:05:00,66,1,65.4
17383,2011-12-05 17:36:00,5,1,193.39000000000001
17384,2011-11-20 15:48:00,20,2,336.4
17385,2011-11-25 11:02:00,15,1,256.11
17386,2011-12-02 11:28:00,8,6,2686.42
17387,2011-11-20 11:00:00,20,2,746.81
17388,2011-09-23 10:31:00,78,4,1259.56
17389,2011-12-09 09:38:00,1,34,31833.68
17391,2011-06-29 09:58:00,164,2,508.8
17392,2011-02-06 12:48:00,307,2,417.27
17394,2011-05-04 13:22:00,220,1,203.86999999999998
17396,2011-10-31 14:12:00,40,8,7330.8
17397,2011-11-17 14:08:00,23,2,681.41
17398,2011-08-17 09:48:00,115,3,653.38
17400,2011-08-05 15:38:00,127,5,2097.84
17402,2011-12-05 10:15:00,5,13,2633.85
17403,2011-11-03 15:18:00,37,1,263.92
17404,2011-12-05 16:26:00,5,15,31906.82
17405,2011-12-08 17:12:00,2,3,1031.41
17406,2011-01-10 15:07:00,334,3,2184.42
17408,2011-06-29 12:53:00,164,1,32.65
17409,2011-06-08 10:36:00,185,2,771.85
17410,2011-11-23 15:46:00,17,5,1214.72
17411,2011-11-27 14:25:00,13,3,778.94
17412,2011-12-07 11:36:00,3,7,1258.06
17414,2011-10-27 12:13:00,44,2,778.0
17415,2011-09-21 12:50:00,80,1,507.84
17416,2011-11-10 12:47:00,30,7,6893.42
17418,2011-10-28 13:00:00,43,2,463.46000000000004
17419,2011-11-28 13:47:00,12,12,4226.57
17420,2011-10-20 14:52:00,51,3,598.83
17422,2011-11-23 13:27:00,17,6,1979.37
17423,2011-10-24 13:36:00,47,2,698.41
17425,2011-11-20 15:30:00,20,2,759.1700000000001
17426,2011-12-01 18:07:00,9,6,5037.26
17427,2011-09-29 11:29:00,72,1,100.8
17428,2011-12-09 09:45:00,1,28,17256.85
17429,2011-08-03 13:22:00,129,3,524.9200000000001
17430,2011-11-07 09:24:00,33,2,265.76
17431,2011-01-30 14:36:00,314,1,403.3
17432,2011-11-21 17:33:00,19,2,365.76
17433,2011-09-12 14:24:00,89,1,303.16
17434,2011-12-07 13:16:00,3,7,2373.82
17436,2011-12-08 12:30:00,2,2,216.3
17438,2011-03-31 10:26:00,254,1,388.45000000000005
17440,2011-07-06 11:54:00,157,3,186.42000000000002
17442,2011-11-03 09:17:00,37,6,2248.56
17443,2011-05-04 10:47:00,220,1,534.24
17444,2011-07-15 12:05:00,148,3,2940.04
17446,2011-06-16 10:42:00,177,2,120.89999999999999
17447,2011-10-30 14:18:00,41,2,541.53
17449,2011-12-07 16:56:00,3,7,2519.21
17450,2011-12-01 13:29:00,9,46,194390.79
17451,2011-12-08 15:02:00,2,7,1721.4
17453,2011-11-22 09:42:00,18,2,486.72
17454,2011-05-31 13:58:00,193,4,517.53
17455,2011-05-20 12:31:00,204,1,131.7
17456,2010-12-09 15:23:00,366,1,249.86
17457,2011-08-05 12:48:00,127,5,1737.7
17458,2011-11-24 13:01:00,16,1,316.5
17459,2011-10-27 13:25:00,44,2,657.3
17460,2011-09-06 15:04:00,95,6,622.4300000000001
17461,2011-11-17 10:21:00,23,3,735.82
17462,2011-10-10 13:56:00,61,2,675.69
17463,2011-11-23 13:40:00,17,5,1875.8600000000001
17464,2011-07-04 13:19:00,159,1,289.96000000000004
17466,2011-11-29 13:15:00,11,2,763.28
17468,2011-11-29 15:33:00,11,2,137.0
17469,2011-11-23 13:15:00,17,5,1870.97
17470,2011-10-26 12:42:00,45,5,1125.07
17472,2011-06-01 14:57:00,192,3,697.54
17475,2011-09-21 14:55:00,80,1,194.37
17480,2011-09-23 11:39:00,78,1,511.82
17481,2011-12-06 12:28:00,4,4,1255.59
17483,2011-10-05 13:10:00,66,3,414.04
17486,2011-03-23 14:00:00,262,1,396.87
17489,2011-10-12 08:56:00,59,2,376.64
17490,2011-12-09 09:08:00,1,7,2092.32
17491,2011-12-08 16:18:00,2,10,3558.87
17492,2011-04-05 15:21:00,249,1,374.57
17495,2011-12-02 12:08:00,8,2,497.56
17496,2010-12-16 08:39:00,359,1,271.05
17498,2011-09-25 12:25:00,76,1,272.21999999999997
17499,2011-02-23 09:14:00,290,1,622.88
17500,2011-11-22 14:25:00,18,3,1138.0
17501,2011-05-03 09:47:00,221,2,288.6
17502,2011-11-30 13:13:00,10,4,689.1
17503,2011-12-07 09:18:00,3,2,558.96
17504,2011-05-17 12:59:00,207,9,2997.03
17505,2011-07-01 12:50:00,162,2,1145.8400000000001
17506,2011-09-25 11:39:00,76,1,302.2
17507,2011-03-23 11:48:00,262,2,605.58
17508,2011-03-04 08:10:00,281,1,387.31
17509,2011-10-13 10:26:00,58,8,6083.64
17510,2011-11-15 10:00:00,25,1,308.48
17511,2011-12-07 10:12:00,3,31,91062.38
17512,2011-11-11 12:11:00,29,10,2924.9900000000002
17513,2011-09-28 16:42:00,73,1,513.2
17514,2011-08-03 15:45:00,129,1,208.65
17515,2011-11-08 14:04:00,32,4,639.02
17516,2011-11-24 16:51:00,16,5,764.88
17517,2011-02-04 11:48:00,309,1,153.94
17519,2011-11-22 16:43:00,18,6,1844.02
17520,2011-10-17 12:04:00,54,1,546.81
17521,2011-11-10 11:22:00,30,3,723.21
17522,2011-12-08 12:31:00,2,5,1070.71
17523,2011-11-28 13:20:00,12,4,652.74
17524,2010-12-13 14:32:00,362,1,145.0
17525,2010-12-15 12:05:00,360,1,422.7
17526,2011-12-05 11:05:00,5,4,1195.8999999999999
17527,2011-10-17 12:32:00,54,4,939.37
17528,2011-12-08 13:27:00,2,8,3628.5
17530,2011-12-08 18:42:00,2,10,2367.12
17531,2011-06-02 19:17:00,191,1,296.7
17534,2011-10-17 12:47:00,54,1,223.36
17535,2011-03-04 15:20:00,281,1,164.4
17536,2011-06-15 13:23:00,178,1,76.5
17537,2011-11-10 10:56:00,30,2,887.6700000000001
17538,2011-11-14 12:12:00,26,1,98.42
17540,2011-11-15 11:56:00,25,2,578.9
17542,2011-03-15 11:45:00,270,1,170.75
17545,2011-10-27 14:04:00,44,3,642.32
17548,2011-04-20 12:01:00,234,1,103.3
17549,2011-11-16 09:59:00,24,2,148.86
17550,2011-05-26 14:09:00,198,3,267.16
17551,2010-12-15 14:12:00,360,1,290.34
17552,2011-10-10 17:00:00,61,4,930.41
17553,2011-08-02 10:00:00,130,1,1487.6
17554,2011-12-08 14:15:00,2,5,1952.45
17555,2011-11-20 12:22:00,20,2,480.31
17556,2011-05-18 10:48:00,206,1,157.9
17557,2011-11-25 12:57:00,15,3,541.46
17560,2011-09-06 09:18:00,95,4,854.95
17561,2011-11-20 12:53:00,20,1,165.12
17562,2011-11-25 14:21:00,15,7,1122.38
17564,2011-11-15 13:27:00,25,3,454.01
17566,2011-12-01 19:54:00,9,2,869.77
17567,2011-12-02 15:48:00,8,8,4331.48
17569,2011-01-11 14:15:00,333,1,344.14
17571,2011-10-20 15:57:00,51,4,1425.67
17572,2011-09-29 17:53:00,72,4,226.75000000000003
17573,2011-11-10 13:01:00,30,3,380.6
17574,2011-04-11 09:47:00,243,1,185.65
17576,2011-12-01 17:56:00,9,19,3564.83
17578,2011-05-05 18:38:00,219,1,143.45999999999998
17579,2011-12-05 12:28:00,5,3,448.90000000000003
17580,2011-04-01 12:41:00,253,3,215.72
17581,2011-12-09 12:21:00,1,25,11025.24
17582,2011-04-17 13:18:00,237,1,175.27
17584,2011-12-02 17:12:00,8,2,1242.3
17585,2011-08-22 13:30:00,110,4,1116.68
17588,2011-08-31 13:37:00,101,3,1240.2
17589,2011-10-10 16:58:00,61,4,2404.17
17590,2011-12-07 12:55:00,3,3,1468.02
17591,2011-09-27 13:42:00,74,7,2203.67
17593,2011-12-06 10:30:00,4,5,3923.86
17594,2011-09-15 16:34:00,86,2,993.1800000000001
17595,2011-11-27 16:08:00,13,2,386.69
17596,2011-11-16 14:11:00,24,7,2806.69
17597,2011-05-10 11:54:00,214,1,2044.3700000000001
17600,2011-11-22 09:43:00,18,1,161.67000000000002
17601,2011-04-14 18:02:00,240,1,116.00999999999999
17602,2011-12-07 13:53:00,3,6,5054.42
17603,2011-09-22 14:18:00,79,1,394.72
17604,2011-05-06 13:43:00,218,2,309.36
17608,2011-11-06 13:06:00,34,2,191.99
17609,2011-10-30 12:28:00,41,5,1105.78
17611,2011-12-02 13:29:00,8,15,3961.12
17612,2011-10-17 14:59:00,54,6,2048.45
17613,2011-11-17 10:51:00,23,14,4544.55
17614,2011-10-13 16:01:00,58,1,386.32
17615,2011-08-01 14:06:00,131,3,329.6
17616,2011-06-19 10:11:00,174,3,571.1999999999999
17618,2011-12-04 11:50:00,6,3,930.28
17619,2011-01-31 14:18:00,313,1,214.37
17620,2011-10-11 12:08:00,60,1,81.44
17621,2011-11-18 17:11:00,22,3,1379.9
17623,2011-11-07 11:32:00,33,1,527.05
17624,2011-11-25 10:52:00,15,2,843.48
17625,2011-11-21 13:36:00,19,4,2020.4
17628,2011-09-19 15:21:00,82,1,75.75
17629,2011-12-04 10:56:00,6,8,1814.1200000000001
17630,2011-06-23 11:58:00,170,2,503.6
17631,2011-12-08 09:47:00,2,3,528.33
17633,2011-11-08 13:25:00,32,4,1324.84
17634,2011-11-03 13:09:00,37,9,2358.59
17636,2011-11-20 14:40:00,20,1,285.56
17637,2011-11-08 12:51:00,32,2,547.0600000000001
17639,2011-03-08 15:22:00,277,1,108.5
17640,2011-09-14 09:13:00,87,1,621.66
17642,2011-08-12 09:11:00,120,2,712.29
17643,2010-12-01 14:38:00,374,1,101.55
17644,2011-12-08 13:43:00,2,11,2895.64
17646,2011-05-04 13:17:00,220,3,1008.39
17647,2011-10-05 15:38:00,66,1,133.06
17648,2011-10-10 09:41:00,61,4,1797.5
17649,2011-07-24 15:53:00,139,1,868.49
17650,2011-11-18 14:52:00,22,1,166.07999999999998
17651,2011-11-28 10:29:00,12,10,3945.0
17652,2011-11-14 12:55:00,26,12,4867.72
17653,2011-11-03 12:46:00,37,4,1207.56
17654,2011-03-07 13:17:00,278,1,117.55
17655,2011-11-29 11:34:00,11,7,2638.94
17656,2011-09-27 13:04:00,74,5,1674.69
17658,2011-11-14 12:07:00,26,2,595.42
17659,2011-11-22 13:29:00,18,12,2999.46
17660,2011-07-21 13:37:00,142,1,178.75
17663,2011-11-14 08:56:00,26,7,1802.91
17664,2011-11-21 11:29:00,19,2,604.64
17666,2011-12-06 09:06:00,4,2,728.16
17667,2011-10-04 14:32:00,67,5,2055.51
17668,2011-12-08 13:25:00,2,2,347.75
17669,2011-10-28 08:53:00,43,7,3406.7200000000003
17670,2011-04-26 09:12:00,228,1,205.7
17671,2011-11-24 12:21:00,16,4,1572.71
17672,2011-10-20 14:18:00,51,2,3178.17
17673,2011-12-08 12:50:00,2,6,1594.97
17674,2011-09-26 13:35:00,75,2,551.04
17675,2011-12-08 18:03:00,2,31,20374.28
17676,2011-12-05 15:16:00,5,6,1371.18
17677,2011-12-08 09:56:00,2,30,16345.38
17678,2011-03-21 11:52:00,264,1,298.11
17679,2011-10-18 07:43:00,53,2,1992.1100000000001
17680,2011-11-16 12:42:00,24,1,184.4
17682,2011-11-29 15:59:00,11,6,2474.33
17684,2011-10-27 11:10:00,44,1,239.41
17685,2011-11-23 11:36:00,17,7,3155.83
17686,2011-12-02 15:39:00,8,7,5739.46
17690,2011-11-09 15:17:00,31,15,4726.8
17691,2010-12-16 17:20:00,359,2,290.40000000000003
17692,2011-08-04 14:01:00,128,4,740.94
17693,2011-07-25 15:48:00,138,1,200.47
17694,2011-07-21 12:00:00,142,1,283.12
17695,2011-07-31 10:40:00,132,2,765.34
17696,2011-11-01 13:43:00,39,8,2285.71
17697,2011-04-17 15:40:00,237,1,338.95
17698,2011-03-24 11:34:00,261,1,154.95
17700,2011-11-23 11:51:00,17,4,2534.64
17701,2011-04-01 12:25:00,253,1,417.95
17702,2011-11-09 16:03:00,31,4,1824.37
17703,2011-11-04 15:51:00,36,3,798.74
17704,2011-06-24 09:40:00,169,2,885.19
17705,2011-12-06 13:45:00,4,9,1823.52
17706,2011-12-05 13:34:00,5,17,10504.49
17707,2011-06-07 15:03:00,186,2,152.4
17708,2011-06-05 10:12:00,188,2,263.33
17709,2011-06-23 11:55:00,170,1,137.45
17711,2011-11-29 11:40:00,11,2,385.1
17712,2011-10-26 12:28:00,45,1,522.91
17714,2011-01-23 10:32:00,321,1,153.0
17715,2011-05-23 12:32:00,201,1,326.4
17716,2011-11-17 12:00:00,23,11,5655.99
17718,2011-04-21 13:39:00,233,1,139.35
17719,2011-11-02 10:36:00,38,15,5396.04
17720,2011-11-13 15:04:00,27,4,1195.94
17722,2011-09-04 15:22:00,97,4,2424.04
17723,2011-08-04 18:37:00,128,6,3276.4000000000005
17724,2011-09-29 15:26:00,72,3,1033.0
17725,2011-11-23 16:34:00,17,11,3439.08
17727,2011-11-24 17:06:00,16,1,1060.25
17728,2011-12-06 08:52:00,4,3,2876.01
17730,2011-12-06 15:43:00,4,13,5298.4800000000005
17731,2011-09-21 15:02:00,80,4,1240.11
17732,2010-12-02 09:29:00,373,1,303.97
17733,2011-11-01 08:16:00,39,2,692.19
17734,2011-10-17 12:33:00,54,3,700.63
17735,2011-12-07 16:47:00,3,19,13110.02
17736,2011-11-30 15:36:00,10,3,377.44
17737,2011-11-30 15:16:00,10,2,168.24
17738,2011-11-20 15:05:00,20,4,1879.05
17739,2011-11-28 09:12:00,12,7,2791.35
17742,2011-08-18 15:28:00,114,2,355.11
17744,2011-12-06 12:11:00,4,6,2322.4
17746,2011-04-13 14:31:00,241,1,110.25
17747,2011-08-19 08:13:00,113,1,71.4
17749,2011-06-14 15:45:00,179,2,674.52
17750,2011-12-04 14:09:00,6,9,1710.45
17752,2010-12-15 16:19:00,360,1,80.64
17754,2011-12-09 11:20:00,1,5,1664.6499999999999
17757,2011-12-08 15:31:00,2,30,5593.39
17758,2011-11-20 14:45:00,20,8,3408.2
17759,2011-11-22 16:02:00,18,3,819.96
17760,2011-11-18 10:56:00,22,2,287.59
17761,2011-11-07 10:23:00,33,1,712.78
17763,2011-03-21 14:25:00,264,1,15.0
17764,2011-10-20 11:03:00,51,2,772.55
17765,2011-07-04 12:41:00,159,3,367.63
17767,2011-11-24 14:42:00,16,1,271.2
17768,2011-12-01 13:22:00,9,3,2081.9
17769,2011-11-27 11:18:00,13,10,3957.43
17770,2011-05-25 12:34:00,199,5,1143.27
17771,2011-10-14 11:43:00,57,2,245.81
17772,2011-11-29 11:05:00,11,2,173.45
17774,2011-09-04 12:49:00,97,4,1213.73
17775,2011-03-30 10:50:00,255,1,56.4
17777,2011-11-15 12:02:00,25,3,647.56
17779,2011-11-18 14:15:00,22,3,650.32
17781,2011-07-03 16:00:00,160,2,188.02
17783,2011-09-28 16:07:00,73,2,283.47
17785,2011-10-17 13:43:00,54,1,131.94
17786,2011-09-15 12:51:00,86,2,266.85
17787,2011-07-10 11:24:00,153,4,1817.54
17788,2011-09-27 10:09:00,74,2,1117.9
17789,2011-03-03 13:14:00,282,1,225.9
17790,2011-11-13 11:30:00,27,14,1964.3
17791,2011-11-10 12:09:00,30,1,106.1
17793,2011-11-14 14:24:00,26,1,300.34
17795,2011-06-13 12:36:00,180,2,342.83
17796,2011-10-30 15:38:00,41,4,690.0
17797,2011-11-17 13:21:00,23,3,780.43
17799,2011-11-17 15:16:00,23,10,3039.17
17800,2011-11-02 12:57:00,38,9,1187.21
17802,2011-09-18 14:56:00,83,3,1285.04
17805,2011-09-27 11:49:00,74,1,512.31
17806,2011-11-28 14:12:00,12,1,546.04
17809,2011-11-23 12:59:00,17,12,5411.91
17811,2011-12-05 13:46:00,5,39,7761.82
17812,2011-11-27 11:47:00,13,4,699.81
17813,2011-11-25 16:13:00,15,5,1698.07
17816,2011-11-03 11:34:00,37,4,36.56
17817,2011-12-05 14:39:00,5,3,387.68
17819,2011-09-29 10:52:00,72,7,3704.87
17824,2011-10-19 14:14:00,52,1,298.4
17827,2011-12-04 15:00:00,6,5,1987.33
17828,2011-11-17 08:41:00,23,4,1820.09
17829,2011-02-14 12:46:00,299,1,889.24
17830,2011-12-08 12:28:00,2,3,398.7
17831,2011-11-06 15:09:00,34,1,35.400000000000006
17832,2011-10-21 11:43:00,50,1,155.37
17835,2011-12-07 11:48:00,3,3,342.24
17836,2011-10-23 16:13:00,48,1,110.21000000000001
17837,2011-10-28 16:13:00,43,8,1541.23
17838,2011-11-13 11:20:00,27,5,2720.8
17839,2011-10-28 17:27:00,43,1,318.15
17841,2011-12-08 12:07:00,2,124,40519.84
17843,2011-02-09 15:33:00,304,1,205.48
17844,2011-08-25 11:27:00,107,1,51.559999999999995
17846,2011-09-15 15:20:00,86,1,2033.1
17848,2011-09-19 16:49:00,82,9,901.2
17849,2011-05-05 13:46:00,219,4,605.8000000000001
17850,2010-12-02 15:27:00,373,34,5391.21
17852,2011-11-28 12:36:00,12,2,114.34
17854,2011-06-07 16:21:00,186,2,311.26
17855,2010-12-02 09:44:00,373,1,208.97
17856,2011-12-08 09:40:00,2,4,1418.03
17857,2011-12-05 13:13:00,5,23,26879.04
17858,2011-12-04 11:56:00,6,12,5140.66
17859,2011-02-08 10:32:00,305,1,141.92
17860,2010-12-06 12:41:00,369,1,226.45000000000002
17861,2011-12-06 16:21:00,4,8,2097.88
17862,2011-01-20 12:23:00,324,1,330.9
17863,2011-10-11 13:45:00,60,6,3160.0
17864,2011-11-27 11:15:00,13,3,554.85
17865,2011-11-09 12:08:00,31,20,10526.32
17866,2011-07-20 11:07:00,143,1,329.65000000000003
17867,2011-11-09 14:15:00,31,6,1157.8700000000001
17869,2011-08-24 16:16:00,108,5,428.18
17870,2011-12-07 15:07:00,3,12,1865.8899999999999
17871,2011-05-19 11:32:00,205,1,155.9
17873,2011-09-20 16:41:00,81,5,1848.96
17874,2011-06-07 12:54:00,186,6,683.46
17877,2011-06-22 13:00:00,171,1,237.61
17878,2011-10-27 11:24:00,44,1,379.45
17879,2011-06-19 12:36:00,174,1,178.52
17880,2010-12-10 10:21:00,365,1,458.92
17881,2011-02-08 17:16:00,305,1,133.35
17883,2011-12-06 17:49:00,4,4,664.34
17884,2011-12-06 11:33:00,4,4,695.07
17885,2011-11-27 14:40:00,13,1,156.34
17886,2011-11-08 10:09:00,32,3,869.28
17887,2011-08-02 17:29:00,130,1,111.35
17888,2011-11-18 13:45:00,22,8,716.0
17889,2011-05-11 16:26:00,213,2,201.37
17890,2011-01-21 11:19:00,323,2,586.89
17891,2011-06-30 20:08:00,163,1,203.85999999999999
17892,2011-10-14 16:49:00,57,3,244.1
17893,2011-04-28 13:50:00,226,1,107.21
17894,2011-09-29 09:23:00,72,8,1118.96
17895,2011-10-26 17:00:00,45,1,95.45
17896,2011-11-16 13:59:00,24,1,256.32
17897,2011-06-20 11:23:00,173,3,541.81
17898,2011-09-15 14:56:00,86,2,152.06
17899,2011-07-03 14:58:00,160,1,154.55
17900,2011-06-02 14:38:00,191,2,112.19999999999999
17901,2011-11-10 17:29:00,30,1,110.38
17904,2011-11-18 12:57:00,22,1,181.07
17905,2011-09-29 17:33:00,72,4,798.99
17906,2011-04-06 17:25:00,248,1,72.9
17908,2010-12-01 11:45:00,374,1,232.03
17911,2011-11-30 14:52:00,10,1,366.23
17912,2011-02-02 14:25:00,311,5,310.06
17913,2011-10-12 10:45:00,59,2,408.65
17914,2011-12-06 11:58:00,4,1,329.36
17917,2011-10-25 13:20:00,46,3,335.03
17919,2011-09-12 13:41:00,89,1,1304.04
17920,2011-12-05 14:29:00,5,17,4119.5
17921,2011-10-06 18:56:00,65,4,820.23
17923,2011-03-02 15:15:00,283,1,207.50000000000003
17924,2011-11-28 09:11:00,12,7,2962.5
17925,2010-12-02 10:10:00,373,1,244.08
17926,2011-07-29 14:39:00,134,2,397.29
17928,2011-10-25 13:52:00,46,2,212.54
17929,2011-11-28 16:01:00,12,4,843.0
17930,2011-11-04 10:23:00,36,5,1740.48
17931,2011-07-28 18:33:00,135,2,408.36
17932,2011-11-10 19:49:00,30,3,1331.57
17934,2011-10-19 11:16:00,52,2,704.25
17935,2011-07-24 13:18:00,139,2,145.79
17936,2011-12-04 13:32:00,6,1,380.13
17937,2011-12-01 11:45:00,9,7,4301.22
17939,2011-07-03 12:27:00,160,1,99.14
17940,2011-10-21 13:27:00,50,10,4020.04
17941,2011-08-01 08:30:00,131,1,304.56
17942,2011-12-02 10:45:00,8,1,77.50000000000001
17946,2011-04-20 17:00:00,234,2,149.57999999999998
17947,2011-11-02 13:05:00,38,1,176.68
17948,2011-07-15 12:58:00,148,1,358.56000000000006
17949,2011-12-08 18:46:00,2,45,58510.48
17950,2011-09-28 15:18:00,73,3,482.2
17951,2011-10-31 12:30:00,40,3,1008.5400000000001
17954,2011-12-04 14:15:00,6,12,2314.13
17955,2011-05-25 12:00:00,199,4,557.3
17956,2011-04-04 13:47:00,250,1,12.75
17957,2011-10-04 14:58:00,67,1,111.68
17958,2011-08-15 12:19:00,117,1,508.46000000000004
17960,2011-06-21 14:15:00,172,1,73.78
17961,2011-11-18 16:55:00,22,39,1296.44
17962,2011-07-20 14:16:00,143,1,102.41
17964,2011-11-08 10:44:00,32,2,463.21
17965,2011-11-02 09:31:00,38,14,2599.19
17966,2011-11-02 10:26:00,38,5,1098.43
17967,2010-12-03 11:19:00,372,1,112.27
17968,2010-12-01 12:23:00,374,1,265.1
17969,2011-06-26 13:00:00,167,2,228.2
17970,2011-05-12 20:03:00,212,1,562.79
17972,2011-04-12 12:16:00,242,1,135.19
17973,2011-10-19 10:34:00,52,1,337.04
17974,2011-11-15 11:37:00,25,3,703.99
17975,2011-11-24 13:27:00,16,13,4483.26
17976,2010-12-02 13:49:00,373,1,321.79
17977,2011-11-10 13:28:00,30,1,288.14
17978,2010-12-09 14:05:00,366,1,300.91999999999996
17979,2011-11-04 12:05:00,36,4,732.41
17980,2011-06-27 12:01:00,166,3,811.45
17984,2011-07-17 15:59:00,146,1,152.68
17985,2011-11-17 14:24:00,23,1,631.35
17986,2011-10-14 14:22:00,57,1,20.8
17987,2011-06-07 14:22:00,186,1,198.57
17988,2011-11-28 11:00:00,12,7,201.12
17990,2011-04-17 11:44:00,237,3,630.84
17991,2011-04-28 15:58:00,226,2,93.35
17994,2011-08-10 11:41:00,122,4,674.89
17995,2011-03-03 12:30:00,282,1,76.1
17997,2011-09-26 16:13:00,75,8,1962.46
17999,2011-11-02 15:56:00,38,2,380.39
18001,2011-11-27 16:02:00,13,2,415.13
18004,2010-12-12 13:47:00,363,1,157.92
18005,2011-12-06 11:51:00,4,2,226.47
18006,2011-11-16 16:52:00,24,1,444.68
18008,2011-09-30 15:17:00,71,9,2116.19
18009,2011-04-18 13:36:00,236,1,247.39
18010,2011-03-28 12:27:00,257,1,174.8
18011,2010-12-01 17:35:00,374,1,102.78999999999999
18013,2011-07-07 14:11:00,156,2,187.29
18014,2011-11-11 15:28:00,29,1,162.22
18015,2011-12-05 14:49:00,5,1,120.03
18016,2011-11-07 13:25:00,33,5,1477.66
18017,2011-09-19 16:15:00,82,3,523.0
18018,2011-08-23 17:37:00,109,2,122.14
18019,2011-10-19 12:10:00,52,1,38.45
18022,2011-11-04 12:45:00,36,1,612.72
18024,2011-07-10 12:40:00,153,2,389.78
18027,2011-09-02 10:38:00,99,1,115.31
18030,2011-12-05 16:37:00,5,2,230.64999999999998
18032,2011-01-09 15:32:00,335,1,73.5
18033,2011-10-05 17:28:00,66,1,93.82000000000001
18034,2011-11-18 12:22:00,22,2,418.68
18035,2011-11-04 12:39:00,36,3,713.89
18036,2011-11-07 14:40:00,33,3,403.12
18037,2011-07-08 13:39:00,155,6,70.02
18040,2011-11-20 14:20:00,20,2,357.20000000000005
18041,2011-11-28 11:39:00,12,21,4097.37
18042,2011-10-17 11:49:00,54,1,165.04999999999998
18043,2011-11-15 12:48:00,25,3,529.29
18044,2011-12-05 14:26:00,5,10,2088.6
18045,2011-10-25 13:07:00,46,1,178.34
18048,2011-05-20 14:58:00,204,2,172.29000000000002
18050,2010-12-15 14:25:00,360,1,74.4
18053,2011-09-30 09:05:00,71,1,300.02
18055,2011-12-02 14:25:00,8,10,6761.34
18056,2011-02-24 14:27:00,289,1,363.65
18058,2011-11-30 08:38:00,10,1,170.16
18059,2011-11-16 16:49:00,24,3,306.46
18061,2011-11-18 11:20:00,22,10,2119.41
18062,2011-06-19 14:47:00,174,3,720.52
18064,2011-07-29 16:39:00,134,2,814.0
18065,2011-12-04 10:30:00,6,14,2392.83
18066,2011-09-25 15:30:00,76,1,318.0
18067,2011-10-30 15:58:00,41,1,396.33
18068,2011-02-23 14:50:00,290,1,101.7
18069,2011-11-13 16:03:00,27,5,2009.24
18071,2011-03-27 11:59:00,258,2,453.0
18072,2011-06-07 10:44:00,186,1,247.44
18073,2011-08-17 14:02:00,115,12,3859.82
18074,2010-12-01 09:53:00,374,1,489.6
18075,2011-11-16 15:21:00,24,10,2611.75
18077,2011-12-01 13:32:00,9,11,2584.41
18078,2011-05-06 14:32:00,218,2,336.13
18079,2011-10-25 15:27:00,46,4,3613.15
18080,2011-11-21 08:02:00,19,2,1231.5
18081,2011-11-03 16:30:00,37,3,343.45
18082,2011-11-14 12:45:00,26,1,680.84
18084,2011-11-23 13:57:00,17,1,90.48
18085,2011-01-13 15:17:00,331,2,689.95
18086,2011-03-10 13:34:00,275,1,101.34
18087,2011-09-02 15:12:00,99,2,4055.7200000000003
18088,2011-10-09 13:41:00,62,1,166.03
18092,2011-12-07 13:14:00,3,11,9068.26
18093,2011-09-07 15:43:00,94,4,2106.52
18094,2011-09-19 09:28:00,82,7,3017.3
18095,2011-01-31 12:50:00,313,2,580.05
18096,2011-11-28 12:44:00,12,3,849.06
18097,2011-12-02 11:16:00,8,6,2662.4
18099,2011-08-04 15:52:00,128,1,168.31
18101,2011-11-28 13:37:00,12,2,222.4
18102,2011-12-09 11:50:00,1,60,259657.3
18104,2011-11-02 14:07:00,38,1,754.64
18105,2011-11-02 12:04:00,38,1,113.48000000000002
18106,2011-01-14 12:23:00,330,1,421.9
18108,2011-03-30 13:56:00,255,1,271.0
18109,2011-12-08 11:36:00,2,26,8004.92
18110,2011-11-20 12:34:00,20,1,198.8
18112,2011-11-27 14:43:00,13,2,352.69
18113,2010-12-06 12:31:00,369,1,76.32000000000001
18114,2011-02-22 13:20:00,291,1,220.1
18116,2011-10-03 11:00:00,68,8,1403.1100000000001
18117,2011-11-14 12:47:00,26,1,315.65
18118,2011-11-29 11:32:00,11,26,5625.08
18119,2010-12-07 11:59:00,368,1,180.7
18120,2011-05-09 13:45:00,215,1,111.15
18121,2011-07-13 12:53:00,150,2,653.3000000000001
18122,2011-12-01 13:08:00,9,6,1793.06
18123,2011-11-15 14:23:00,25,2,574.4399999999999
18125,2011-11-10 12:29:00,30,4,1131.75
18126,2011-10-10 12:19:00,61,1,200.92
18127,2011-11-20 14:05:00,20,3,347.08
18129,2011-04-10 14:16:00,244,1,112.55000000000001
18130,2011-11-24 14:40:00,16,3,1059.39
18133,2011-05-11 14:14:00,213,1,931.5
18135,2011-11-10 19:32:00,30,5,681.91
18136,2011-10-07 15:40:00,64,3,784.33
18138,2011-02-17 14:51:00,296,1,152.65
18139,2011-11-22 10:44:00,18,6,8438.34
18142,2011-07-05 13:19:00,158,2,1019.52
18143,2011-08-15 12:07:00,117,2,1000.16
18144,2011-12-02 12:46:00,8,12,2888.75
18145,2011-11-27 11:22:00,13,4,2861.55
18146,2011-07-22 12:08:00,141,2,160.35
18147,2011-10-25 11:46:00,46,2,179.34
18149,2011-10-20 12:04:00,51,3,612.0799999999999
18150,2011-11-07 16:49:00,33,3,566.58
18151,2011-07-28 11:35:00,135,2,653.35
18154,2011-12-06 16:41:00,4,2,399.19
18155,2011-09-25 13:32:00,76,3,371.62
18156,2011-11-27 12:24:00,13,2,675.64
18158,2011-11-30 16:19:00,10,2,453.4
18159,2011-02-11 14:26:00,302,1,530.15
18160,2011-10-13 15:50:00,58,2,638.0600000000001
18161,2011-11-24 16:40:00,16,5,1618.69
18164,2011-11-02 12:56:00,38,1,399.65
18165,2011-06-15 13:23:00,178,1,302.46
18167,2011-11-16 15:56:00,24,3,1384.8600000000001
18168,2011-06-16 19:21:00,177,6,1160.04
18169,2011-10-10 12:18:00,61,1,202.65
18170,2011-11-06 14:35:00,34,3,980.3100000000001
18171,2011-10-12 09:13:00,59,5,1231.31
18172,2011-11-25 11:12:00,15,20,7561.68
18173,2011-09-14 11:26:00,87,4,2106.84
18174,2011-12-02 16:56:00,8,1,104.0
18176,2010-12-16 15:45:00,359,1,476.35
18177,2011-11-08 14:44:00,32,6,1340.8700000000001
18178,2011-08-03 09:30:00,129,4,1590.81
18179,2011-11-30 16:23:00,10,6,1793.17
18180,2011-12-05 08:39:00,5,6,1843.75
18181,2011-11-15 15:08:00,25,1,366.85
18183,2011-04-26 15:26:00,228,2,632.07
18184,2011-11-24 15:28:00,16,1,49.8
18185,2011-04-04 13:42:00,250,1,304.25
18188,2011-11-24 16:46:00,16,3,2001.04
18189,2011-09-23 12:40:00,78,2,1090.24
18190,2011-05-31 14:48:00,193,2,284.46000000000004
18191,2011-03-23 12:08:00,262,1,207.8
18192,2011-09-29 09:53:00,72,1,957.97
18193,2011-06-27 13:58:00,166,1,243.76
18194,2011-09-18 13:29:00,83,1,973.84
18196,2011-09-05 16:22:00,96,2,686.63
18198,2011-12-05 14:49:00,5,17,5425.56
18200,2011-08-25 18:45:00,107,1,150.35
18202,2011-05-24 12:12:00,200,3,1396.99
18203,2011-07-05 13:07:00,158,1,160.42000000000002
18204,2011-09-29 16:44:00,72,3,1975.3500000000001
18205,2011-11-03 13:22:00,37,2,517.36
18209,2011-11-11 12:07:00,29,1,139.10000000000002
18210,2011-12-08 11:02:00,2,6,2621.38
18211,2011-11-14 08:10:00,26,5,600.07
18212,2011-01-17 16:14:00,327,1,216.07
18213,2011-04-17 10:21:00,237,1,232.48000000000002
18215,2011-09-11 16:05:00,90,1,299.34000000000003
18216,2011-11-08 16:55:00,32,1,481.75
18217,2011-11-10 13:18:00,30,2,621.75
18218,2011-05-12 12:53:00,212,2,641.92
18219,2011-12-07 11:43:00,3,10,2069.77
18220,2011-04-27 09:03:00,227,1,305.28
18221,2011-11-17 14:40:00,23,5,1041.61
18222,2011-09-08 10:45:00,93,1,443.0
18223,2011-12-05 09:11:00,5,14,6484.54
18224,2011-03-21 10:30:00,264,1,158.95000000000002
18225,2011-12-06 13:27:00,4,12,5504.96
18226,2011-10-26 13:36:00,45,11,5228.05
18227,2011-05-06 12:23:00,218,1,93.75
18228,2011-10-14 09:21:00,57,2,779.9
18229,2011-11-28 09:48:00,12,20,7276.9
18230,2011-11-30 13:22:00,10,7,2810.2000000000003
18231,2011-05-31 14:18:00,193,5,2071.77
18232,2011-09-19 11:49:00,82,4,592.97
18233,2011-01-18 08:44:00,326,1,440.0
18235,2011-09-29 08:27:00,72,3,1796.48
18236,2011-11-10 08:06:00,30,6,882.24
18237,2011-12-07 12:49:00,3,5,987.1
18239,2011-05-05 12:38:00,219,5,1561.6100000000001
18240,2011-10-24 13:06:00,47,1,422.58
18241,2011-11-30 12:10:00,10,17,2073.09
18242,2011-09-28 13:43:00,73,4,2232.4900000000002
18245,2011-12-02 14:48:00,8,7,2567.06
18246,2011-11-16 11:49:00,24,2,596.1
18248,2011-08-09 10:19:00,123,2,804.02
18249,2011-11-22 15:07:00,18,1,95.34
18250,2011-02-02 13:16:00,311,1,349.27
18251,2011-09-13 15:03:00,88,1,4314.72
18252,2011-10-20 12:43:00,51,2,518.27
18255,2011-09-11 13:16:00,90,1,103.30000000000001
18257,2011-10-31 14:48:00,40,8,2337.63
18259,2011-11-15 12:34:00,25,3,2338.6
18260,2011-06-20 12:37:00,173,6,2628.35
18261,2011-10-27 15:36:00,44,2,324.24
18262,2011-07-22 16:04:00,141,1,149.48
18263,2011-11-14 09:00:00,26,3,1213.16
18265,2011-09-28 14:10:00,73,2,801.51
18268,2011-07-28 19:13:00,135,1,25.5
18269,2010-12-08 13:53:00,367,1,168.60000000000002
18270,2011-11-01 13:57:00,39,2,283.15000000000003
18272,2011-12-07 12:43:00,3,6,3078.58
18273,2011-12-07 13:16:00,3,3,204.0
18274,2011-11-09 17:03:00,31,1,175.92
18276,2011-10-27 10:54:00,44,1,335.86
18277,2011-10-12 15:22:00,59,1,110.38
18278,2011-09-27 11:58:00,74,1,173.9
18280,2011-03-07 09:52:00,278,1,180.60000000000002
18281,2011-06-12 10:53:00,181,1,80.82
18282,2011-12-02 11:43:00,8,2,178.05
18283,2011-12-06 12:02:00,4,16,2045.53
18287,2011-10-28 09:29:00,43,3,1837.28
