CustomerID,Recency_Scaled,Frequency_Scaled,Monetary_Scaled
12346,2.2044088176352705,-0.25,56.50556267377587
12347,-0.3847695390781563,1.25,2.6891586017435745
12348,0.20040080160320642,0.5,0.8335111862729534
12349,-0.2565130260521042,-0.25,0.8042005294971256
12350,2.0841683366733466,-0.25,-0.246781107956119
12352,-0.11222444889779559,1.5,1.3569526960413258
12353,1.2344689378757514,-0.25,-0.42800648393969504
12354,1.4589178356713426,-0.25,0.3033937294838327
12355,1.314629258517034,-0.25,-0.15446989362055663
12356,-0.22444889779559118,0.25,1.582480070008825
12357,-0.13627254509018036,-0.25,4.090568378608908
12358,-0.3927855711422846,0.0,0.3688682275877603
12359,0.056112224448897796,0.5,4.166160185804013
12360,0.01603206412825651,0.25,1.4721718613264014
12361,1.8997995991983967,-0.25,-0.3534928717280291
12362,-0.37675350701402804,2.0,3.3657850330289536
12363,0.4729458917835671,0.0,-0.08608574604077207
12364,-0.34468937875751504,0.5,0.47597877580559994
12365,1.9318637274549098,0.0,-0.020079535342271564
12367,-0.3687374749498998,-0.25,-0.3690011557364036
12370,0.008016032064128256,0.5,2.1219541914829985
12371,-0.04809619238476954,0.0,0.900506973189131
12372,0.1683366733466934,0.25,0.46485712070245144
12373,2.092184368737475,-0.25,-0.22447871857264715
12374,-0.20040080160320642,-0.25,0.054914095183939346
12375,-0.32064128256513025,0.0,-0.1558730240784572
12377,2.124248496993988,0.0,0.7086178057255109
12378,0.6332665330661322,-0.25,2.4665925715319603
12379,0.24849699398797595,0.0,0.13563840589610188
12380,-0.23246492985971945,0.5,1.5185120909228538
12381,-0.3687374749498998,0.75,0.869010386857837
12383,1.0741482965931863,0.75,0.8728874578599306
12384,-0.17635270541082165,0.0,-0.0615161932332188
12386,2.3006012024048097,0.0,-0.19693305221491536
12388,-0.280561122244489,1.0,1.5597567414879834
12390,0.23246492985971945,-0.25,-0.08768088382449056
12391,-0.23246492985971945,-0.25,-0.16904768058842864
12393,0.17635270541082165,0.5,0.6750017539130726
12394,0.10420841683366733,0.0,0.44598132359511566
12395,-0.24849699398797595,2.5,1.7354951388914532
12397,-0.12024048096192384,0.0,1.2859542948715583
12398,-0.04008016032064128,-0.25,0.7141860181742319
12399,0.5531062124248497,0.5,0.3249945536383543
12401,2.0280561122244487,-0.25,-0.43147738559871224
12402,2.188376753507014,-0.25,-0.3271287889137925
12403,-0.008016032064128256,-0.25,-0.1778800175760553
12405,0.7855711422845691,-0.25,0.7693733545526047
12406,-0.22444889779559118,0.0,2.0284318540153534
12407,-0.008016032064128256,0.75,0.7676969829002706
12408,-0.14428857715430862,0.75,1.6394323968052937
12409,0.22444889779559118,0.25,7.683320840548995
12410,2.06813627254509,0.0,0.018285005335588186
12412,0.19238476953907815,0.25,0.4123061926055026
12413,0.1282565130260521,0.25,0.06611698415570316
12414,1.3386773547094188,0.25,-0.07839806811090637
12415,-0.20841683366733466,4.75,91.75436355110165
12417,-0.37675350701402804,1.75,2.201090749308589
12418,0.4969939879759519,-0.25,7.384897146838272e-06
12420,0.10420841683366733,-0.25,-0.050350228747189175
12421,-0.280561122244489,0.5,0.10225867079236249
12422,0.36072144288577157,0.25,0.09968872658526051
12423,-0.40080160320641284,1.5,0.87934924286342
12424,0.8977955911823647,0.0,0.8067187794241996
12425,0.22444889779559118,-0.25,0.0802221377061771
12426,1.154308617234469,-0.25,-0.0633919571085174
12427,-0.23246492985971945,0.25,0.11611273783984377
12428,-0.20040080160320642,1.75,5.382031806752012
12429,-0.3286573146292585,0.5,2.275899757406129
12430,-0.056112224448897796,-0.25,-0.30438330570150995
12431,-0.12024048096192384,3.25,4.247334975242133
12432,-0.06412825651302605,0.75,3.242523714750963
12433,-0.40080160320641284,1.25,9.384210351410333
12434,0.2725450901803607,0.0,0.10159403004914647
12435,0.23246492985971945,0.0,5.288561163564395
12436,0.3927855711422846,-0.25,-0.11783341887505867
12437,-0.3927855711422846,4.0,3.162833289639359
12438,-0.28857715430861725,0.0,1.6529467585840198
12441,2.533066132264529,-0.25,-0.36556717856312065
12442,-0.37675350701402804,-0.25,-0.3666675282380006
12444,-0.23246492985971945,0.75,3.2027486587180563
12445,-0.22444889779559118,-0.25,-0.3952175406077033
12446,0.056112224448897796,-0.25,0.24646355737880465
12447,1.5470941883767535,-0.25,-0.14184910439659856
12448,-0.04809619238476954,-0.25,-0.16181786628166744
12449,-0.22444889779559118,0.5,2.5099197630925
12450,0.8496993987975952,0.0,-0.3475997238048468
12451,-0.32064128256513025,0.75,6.178906518279468
12452,-0.2725450901803607,0.0,-0.17576055209491073
12453,0.6733466933867736,-0.25,0.02844662380964688
12454,0.04809619238476954,-0.25,2.1119107313632894
12455,0.1843687374749499,1.0,1.3280186690199873
12456,-0.04809619238476954,0.25,1.8554332534533626
12457,0.1282565130260521,1.25,1.2514889798872326
12458,0.1683366733466934,0.0,0.20591308714547876
12461,0.3527054108216433,0.0,0.11691030673170297
12462,-0.2565130260521042,0.0,0.3847679111449175
12463,0.02404809619238477,0.5,0.4993741299668049
12464,-0.32064128256513025,1.5,0.40135439013673135
12465,-0.26452905811623245,0.0,0.05436761279507281
12468,1.0981963927855711,0.0,0.04502571790431383
12471,-0.3847695390781563,7.0,14.119982423944794
12472,-0.14428857715430862,1.25,4.359703570228526
12473,-0.1683366733466934,0.75,2.4070924552198303
12474,-0.26452905811623245,4.0,4.915033065876976
12475,0.02404809619238477,-0.25,0.04047662126185734
12476,-0.280561122244489,2.25,4.540123992423097
12477,-0.22444889779559118,1.0,9.268909952256642
12478,-0.37675350701402804,-0.25,0.009172042256381446
12479,-0.312625250501002,-0.25,-0.1044002909649476
12480,-0.17635270541082165,0.5,1.9297179338534765
12481,-0.22444889779559118,2.0,3.626907611244245
12483,-0.26452905811623245,1.5,1.3414001026500704
12484,-0.14428857715430862,1.0,2.8496471865388098
12488,-0.3286573146292585,0.25,0.4653149843255559
12489,2.2925851703406814,-0.25,-0.24638970840733623
12490,-0.36072144288577157,2.0,3.5073535113339718
12491,-0.09619238476953908,-0.25,-0.15373140390587214
12492,0.10420841683366733,0.0,-0.2993541907445085
12493,0.9218436873747495,0.0,-0.1734195396993609
12494,-0.280561122244489,1.25,0.42649996492173853
12497,0.24849699398797595,-0.25,0.27658655284078526
12498,-0.23246492985971945,0.25,-0.1956037707284832
12500,-0.21643286573146292,2.25,2.650624208431337
12501,2.2925851703406814,-0.25,1.1083401335927894
12502,0.36072144288577157,0.75,2.256307625275549
12504,-0.2565130260521042,0.0,-0.1377431015829528
12506,1.4589178356713426,-0.25,-0.43945307451730475
12507,0.6733466933867736,0.25,0.4698566960708655
12508,-0.19238476953907815,0.0,-0.19990178086794702
12509,1.8757515030060121,-0.25,-0.36338863390480136
12510,0.7374749498997996,0.0,0.23188577041093256
12512,0.1282565130260521,0.0,-0.3961184980596184
12513,0.4969939879759519,-0.25,-0.04156220114244366
12514,1.7394789579158316,-0.25,0.2578141442935054
12515,2.428857715430862,-0.25,-0.21037356502217322
12516,0.21643286573146292,0.0,0.4752107465023281
12517,-0.17635270541082165,0.75,1.3389040074144367
12518,-0.40080160320641284,0.75,1.0252600406907832
12519,0.10420841683366733,-0.25,-0.2494101313403958
12520,0.23246492985971945,0.75,1.4516418472581727
12521,0.7374749498997996,-0.25,-0.0508745564446152
12522,-0.08817635270541083,0.0,-0.3514103307326188
12523,-0.24849699398797595,2.25,0.8279946681042599
12524,-0.3286573146292585,1.5,2.8189260144079347
12526,-0.40080160320641284,0.25,0.4786077991898769
12527,0.24849699398797595,0.25,-0.2362133201389838
12528,-0.3286573146292585,1.0,0.9341230250015693
12530,0.07214428857715431,0.5,0.7338446143791333
12531,-0.28857715430861725,-0.25,-0.40125838647382245
12532,-0.16032064128256512,-0.25,-0.23538621165853718
12534,0.6412825651302605,-0.25,0.31061615889344707
12535,0.3286573146292585,0.0,0.03528503856762533
12536,-0.056112224448897796,0.25,8.812589772655944
12538,-0.1683366733466934,-0.25,-0.2249587368871921
12539,-0.22444889779559118,0.5,3.6184371342168142
12540,-0.24849699398797595,3.75,9.402207345757194
12541,-0.1683366733466934,0.25,0.2308592697075211
12544,-0.11222444889779559,-0.25,-0.21849695188370272
12545,0.20040080160320642,0.0,0.24504565712661036
12546,-0.03206412825651302,0.0,0.36402373505943
12547,1.1783567134268538,0.0,-0.3402739058351766
12548,0.9298597194388778,-0.25,-0.4234278477086512
12550,0.23246492985971945,-0.25,0.21878496287242963
12551,2.4609218436873745,-0.25,-0.3696657964796196
12552,-0.09619238476953908,0.0,-0.17040650166344815
12553,-0.3366733466933868,2.0,2.232978735188666
12556,0.0,0.0,-0.05096317521037734
12557,-0.2725450901803607,0.75,8.361468560646625
12558,-0.34468937875751504,-0.25,-0.29436938517038813
12559,2.0841683366733466,0.0,-0.07891501091118555
12560,-0.36072144288577157,0.25,1.0822123674872521
12561,2.0200400801603204,-0.25,-0.31734380019422287
12562,-0.3366733466933868,1.25,2.299044025064341
12564,1.691382765531062,-0.25,-0.15631611790726788
12565,1.907815631262525,-0.25,-0.3859716493798534
12566,0.28857715430861725,-0.25,-0.23404216037781142
12567,-0.22444889779559118,2.0,6.44901651632247
12569,-0.3847695390781563,7.5,2.5523090727153903
12571,-0.08817635270541083,0.0,-0.11000542789940297
12572,-0.3366733466933868,0.0,0.25983760611174095
12573,1.4188376753507015,-0.25,-0.37517492975116595
12574,2.124248496993988,-0.25,-0.33240899037378663
12576,-0.12024048096192384,0.75,0.4779948527266886
12577,-0.12024048096192384,0.25,-0.03099441332530844
12578,-0.23246492985971945,0.0,1.5699848240363636
12579,0.22444889779559118,-0.25,-0.16848642840526845
12580,1.5711422845691383,-0.25,-0.18674189415226927
12581,-0.08817635270541083,-0.25,-0.34772526705634316
12582,1.5070140280561122,0.0,-0.11609796804555009
12583,-0.3847695390781563,3.25,4.883492170162802
12584,-0.37675350701402804,1.75,1.2329676578429456
12585,1.4749498997995991,0.0,1.0128607983812306
12586,-0.26452905811623245,-0.25,-0.3482939041366502
12587,-0.34468937875751504,-0.25,-0.3873895496320476
12588,-0.08817635270541083,-0.25,-0.33503062886091667
12589,-0.17635270541082165,0.0,-0.016165539854443755
12590,1.2905811623246493,0.0,6.7909224844270994
12591,2.1402805611222444,-0.25,-0.15930700125174016
12592,0.3366733466933868,0.0,-0.17056896940067873
12593,0.4649298597194389,0.25,-0.18496951883702645
12594,-0.10420841683366733,2.0,1.9715090668074724
12596,0.008016032064128256,0.0,-0.03714603264863034
12597,-0.24849699398797595,0.5,2.32081470185324
12598,-0.3286573146292585,1.5,1.7387814181217993
12599,-0.1683366733466934,1.25,0.2688176410423043
12600,-0.17635270541082165,2.0,1.4256322395069843
12601,1.1142284569138277,0.75,-0.06757919379077848
12602,0.06412825651302605,-0.25,-0.380654523434125
12603,-0.23246492985971945,-0.25,0.052159528548166065
12604,0.23246492985971945,0.0,-0.30602275286810954
12607,0.08016032064128256,-0.25,0.6727198206946974
12609,0.22444889779559118,0.25,0.33843506644561205
12610,-0.22444889779559118,0.75,1.0567566270220772
12611,0.01603206412825651,-0.25,0.3875224777806907
12612,0.19238476953907815,-0.25,0.02619423017985911
12613,0.056112224448897796,0.75,1.9760581634499288
12614,1.8196392785571143,-0.25,-0.2606647145921876
12615,-0.3847695390781563,0.5,1.1982881808413615
12616,0.36072144288577157,0.0,0.033032644937837564
12617,-0.1683366733466934,-0.25,-0.23305996905728102
12618,-0.23246492985971945,-0.25,-0.3627904572359069
12619,-0.2725450901803607,1.75,2.1952862201511687
12620,-0.28857715430861725,0.25,0.49540844019894925
12621,-0.3927855711422846,4.5,9.615948423878327
12622,1.4589178356713426,-0.25,-0.36073007093193715
12623,1.811623246492986,-0.25,-0.2684188565963748
12624,0.44889779559118237,0.0,-0.02026415777094269
12625,1.2905811623246493,0.0,1.4882413975179363
12626,-0.21643286573146292,1.75,4.395424317727816
12627,-0.32064128256513025,1.25,2.813616273359353
12628,-0.3687374749498998,0.25,0.08706055246415556
12630,-0.3286573146292585,0.0,0.44479974005162054
12631,0.056112224448897796,-0.25,-0.02072940629119392
12633,0.06412825651302605,0.5,1.1043449042363462
12635,0.312625250501002,0.0,0.7537099877041464
12637,0.13627254509018036,1.5,3.939347839732963
12638,-0.13627254509018036,-0.25,0.0023040879098156397
12639,1.5070140280561122,-0.25,-0.13475221823848052
12640,-0.21643286573146292,0.25,0.37368318052750316
12641,0.5210420841683366,-0.25,-0.3564468305867671
12642,-0.20040080160320642,0.25,0.25455001975459984
12643,0.625250501002004,1.0,1.9762501707757467
12644,0.6332665330661322,-0.25,-0.14080044900174662
12645,-0.13627254509018036,0.5,0.8172201031670133
12646,-0.3687374749498998,0.0,0.500991422441964
12647,-0.22444889779559118,2.5,2.255532211075131
12648,0.8336673346693386,-0.25,-0.25885541479121055
12649,0.45691382765531063,0.25,-0.03327634654368356
12650,-0.37675350701402804,-0.25,-0.2615213626612216
12651,2.276553106212425,-0.25,-0.4095442410725826
12652,2.25250501002004,-0.25,0.18566369916882983
12653,0.7855711422845691,0.0,1.1382194274489241
12654,-0.32064128256513025,0.75,-0.049176030100840804
12656,-0.26452905811623245,0.75,2.4980153088917856
12657,-0.312625250501002,0.5,0.7197394608286595
12658,-0.2565130260521042,-0.25,0.01290880021268497
12659,-0.1683366733466934,-0.25,-0.42602733150434063
12660,-0.312625250501002,-0.25,-0.31272823947744477
12662,-0.40080160320641284,2.25,2.349290865251475
12664,-0.3366733466933868,1.75,3.111486099777346
12665,2.1963927855711423,-0.25,-0.447207216521492
12667,0.06412825651302605,-0.25,-0.03577244177931716
12668,-0.312625250501002,0.5,2.3178090487144742
12669,0.8016032064128257,0.25,1.5327058632390897
12670,-0.32064128256513025,0.75,1.7188200411338774
12672,2.2364729458917836,-0.25,-0.32690724199938714
12673,-0.36072144288577157,0.0,-0.04286932793743521
12674,-0.09619238476953908,0.5,0.9615357632106578
12676,-0.20841683366733466,1.0,0.4894857526871796
12678,-0.06412825651302605,2.5,12.524704327180485
12679,0.06412825651302605,0.5,0.32822175369152545
12680,-0.40080160320641284,0.5,0.14344424218031698
12681,-0.28857715430861725,5.0,9.6882244122545
12682,-0.37675350701402804,7.25,8.574788699630387
12683,-0.3687374749498998,3.25,5.766127692256567
12684,-0.34468937875751504,1.25,1.1927051985983468
12685,-0.17635270541082165,1.0,1.6206230637722794
12686,2.5731462925851702,-0.25,-0.4279030953796392
12688,0.5050100200400801,-0.25,3.1055264877798425
12689,-0.20040080160320642,0.0,0.4276150843909123
12690,1.2424849699398797,-0.25,-0.20645218463719855
12691,-0.17635270541082165,1.0,0.27119557792358845
12693,0.6172344689378757,0.5,0.13834866314899397
12694,0.16032064128256512,0.0,0.14851028162305266
12695,-0.34468937875751504,0.5,-0.06385720562876863
12697,-0.17635270541082165,0.25,0.21343829733811384
12700,-0.34468937875751504,0.5,3.154399737097662
12701,0.23246492985971945,0.0,0.09536856175435617
12702,-0.24849699398797595,-0.25,-0.33200282103071016
12703,0.1683366733466934,-0.25,-0.2843333099478258
12704,-0.34468937875751504,1.5,1.2349541951754468
12705,-0.280561122244489,1.75,4.578429453923781
12707,1.9318637274549098,-0.25,-0.04811260491169517
12708,-0.1683366733466934,2.0,1.5097240633181082
12709,-0.280561122244489,3.25,6.674433116832767
12710,0.3687374749498998,0.25,0.35480738342016743
12712,-0.17635270541082165,2.75,2.7527647208693504
12713,-0.40080160320641284,-0.25,0.13291337884891602
12714,-0.3286573146292585,0.75,2.9837126093426334
12715,0.44889779559118237,-0.25,-0.2401642401125459
12716,-0.37675350701402804,0.0,0.2842594609763573
12717,0.8096192384769539,0.0,0.2676360574988092
12718,0.1683366733466934,-0.25,-0.31778689402303356
12719,-0.36072144288577157,0.0,-0.017443127060847868
12720,-0.3847695390781563,5.75,3.7760160695361926
12721,-0.1523046092184369,1.0,1.4677926173183224
12722,0.280561122244489,0.5,0.24300742551408114
12723,-0.37675350701402804,0.75,0.04172466887967419
12724,-0.36072144288577157,0.5,0.26795360807612356
12725,2.5731462925851702,-0.25,-0.1778061686045868
12726,-0.17635270541082165,1.25,1.4330614460367104
12727,-0.32064128256513025,1.25,2.445973938697969
12728,0.1683366733466934,0.5,0.12388903453547152
12729,0.5050100200400801,-0.25,-0.1591888428973906
12731,-0.21643286573146292,2.5,13.460703116057353
12732,1.034068136272545,-0.25,-0.31925648855525574
12733,1.4749498997995991,-0.25,-0.2101889425935021
12734,2.4208416833667337,-0.25,-0.4122028040454468
12735,2.124248496993988,0.0,0.08197235832997929
12736,2.2605210420841684,-0.25,-0.3209254753104427
12738,2.5811623246492985,-0.25,-0.37900769137037854
12739,0.22444889779559118,0.0,0.25438755201736923
12740,0.10420841683366733,-0.25,-0.1779538665475237
12743,0.6733466933867736,0.0,-0.09485161895407707
12744,0.008016032064128256,1.25,15.220804732242096
12747,-0.3847695390781563,2.25,2.6049781591666887
12748,-0.40080160320641284,51.75,23.91570878396592
12749,-0.37675350701402804,0.75,2.527340735461907
12750,0.625250501002004,-0.25,-0.2899975260594559
12752,0.24849699398797595,-0.25,2.7310900477433604
12753,-0.22444889779559118,1.0,15.331652038416237
12754,1.4829659318637274,0.25,1.7296684550425925
12755,1.843687374749499,0.0,2.3213537993449602
12756,0.28857715430861725,-0.25,-0.41096214132477676
12757,-0.280561122244489,2.75,5.292076374606294
12758,0.5290581162324649,0.0,1.5678284340694848
12759,0.01603206412825651,0.25,0.6372206201098135
12762,-0.34468937875751504,0.0,0.9083054245761992
12763,0.7054108216432866,0.0,-0.12885907031529825
12764,2.132264529058116,-0.25,0.7571808893631635
12766,-0.37675350701402804,1.25,4.668037795903599
12769,1.5070140280561122,-0.25,0.3508047691665774
12770,1.282565130260521,-0.25,0.5042998563637505
12772,0.07214428857715431,-0.25,0.16534784711785927
12775,-0.26452905811623245,0.75,0.5298442155946873
12778,-0.24849699398797595,1.0,0.11347632955842007
12779,-0.10420841683366733,1.5,2.446461341909661
12781,0.10420841683366733,0.0,0.11680691817164715
12782,-0.3687374749498998,0.75,1.2276283772057766
12783,-0.3847695390781563,1.0,1.1500795722667572
12784,-0.3286573146292585,0.0,-0.10024997876842072
12785,2.5170340681362724,-0.25,-0.26336020205078603
12787,-0.3286573146292585,0.25,-0.15132392743600068
12789,0.12024048096192384,-0.25,-0.4259017882528442
12790,1.1382765531062125,-0.25,-0.25378199045132804
12791,2.5891783567134268,-0.25,-0.35149894949838095
12792,1.651302605210421,-0.25,-0.19793739822688625
12793,2.276553106212425,0.0,-0.09090069898051499
12794,0.02404809619238477,0.0,0.1416718668650742
12795,-0.2565130260521042,-0.25,-0.17582701616923235
12797,2.5250501002004007,-0.25,-0.3061335263253122
12798,-0.32064128256513025,0.25,4.65874021039572
12802,1.0901803607214429,-0.25,-0.17796863634181742
12808,-0.11222444889779559,0.25,-0.13656151803945754
12809,1.0180360721442885,-0.25,-0.1323816662543433
12811,1.6833667334669338,0.25,-0.11352063894130118
12812,-0.04809619238476954,-0.25,-0.3241452904664671
12814,0.4088176352705411,-0.25,-0.40074144367354336
12815,0.7775551102204409,0.0,0.29162220343176176
12816,0.36072144288577157,0.0,-0.07116825380414515
12817,1.8517034068136273,-0.25,-0.3711132363204012
12818,1.691382765531062,-0.25,0.6450781506740565
12820,-0.37675350701402804,0.5,0.20217632918917525
12821,1.314629258517034,-0.25,-0.42525930220106867
12822,0.16032064128256512,0.0,0.20700605192321184
12823,0.19238476953907815,0.75,0.8056405844407603
12824,0.07214428857715431,-0.25,-0.20046303305110724
12826,-0.3847695390781563,1.25,0.5953334834929087
12827,-0.36072144288577157,0.25,-0.17607071777507827
12828,-0.3847695390781563,1.0,0.2585747886996304
12829,2.2925851703406814,0.0,-0.2773545821440573
12830,-0.10420841683366733,1.0,4.538809480730959
12831,1.6993987975951903,-0.25,-0.33491985540371394
12832,-0.14428857715430862,0.0,-0.21086835313101182
12833,0.7615230460921844,-0.25,-0.1855012314315993
12834,1.8597194388777556,-0.25,-0.26304265147347167
12836,0.07214428857715431,0.5,1.433991943077213
12837,0.9859719438877755,-0.25,-0.3947005978074241
12838,-0.13627254509018036,0.0,0.0024960952356336027
12839,-0.3847695390781563,3.0,3.6354740919345856
12840,0.7454909819639278,0.5,1.5199595307636353
12841,-0.3687374749498998,5.75,2.4540087067937364
12842,0.16032064128256512,0.0,0.3326305372881919
12843,0.12024048096192384,1.5,0.7633694331722196
12844,-0.1683366733466934,0.0,-0.2530139611480562
12845,1.7394789579158316,0.5,-0.2322402454739812
12847,-0.22444889779559118,-0.25,0.12928739434981518
12849,-0.1523046092184369,0.0,0.2523567053019869
12851,0.3687374749498998,-0.25,-0.3963917392540516
12852,1.9559118236472945,-0.25,-0.2636555979366598
12853,0.6733466933867736,1.0,0.9515661520624175
12854,0.22444889779559118,0.25,0.4783050184068562
12855,2.5811623246492985,-0.25,-0.465595610417136
12856,-0.34468937875751504,1.0,1.109366634296201
12857,1.282565130260521,0.0,0.3233329517803142
12863,0.01603206412825651,-0.25,-0.10883122925305459
12864,0.7054108216432866,-0.25,-0.38508546172223196
12865,-0.19238476953907815,0.0,0.6643896567130562
12866,1.8677354709418839,-0.25,-0.08082769927221843
12867,-0.19238476953907815,1.25,2.467124284126533
12868,1.0821643286573146,1.0,0.6930652123342554
12871,0.2725450901803607,0.0,-0.2126333435491078
12872,2.212424849699399,0.0,-0.05066039442735664
12873,1.8597194388777556,-0.25,-0.21753691525461286
12875,0.7454909819639278,0.0,-0.24026024377545485
12876,0.056112224448897796,0.0,1.1442528884178966
12877,-0.37675350701402804,2.5,0.6404182805743973
12878,1.4909819639278556,0.0,0.13766925261148424
12879,-0.04809619238476954,0.25,-0.07041499429516698
12881,1.8036072144288577,-0.25,-0.2736621335706348
12882,-0.3286573146292585,0.0,0.5867079236253937
12883,-0.20841683366733466,0.5,0.025773291042488992
12884,0.3046092184368738,-0.25,-0.26550182222337104
12885,0.10420841683366733,0.25,0.3741558139449013
12886,0.13627254509018036,0.0,0.5242021541744979
12888,1.314629258517034,0.0,-0.2322180907825407
12890,-0.20841683366733466,-0.25,-0.21552822323067106
12891,1.0821643286573146,0.25,-0.2492919729860463
12893,-0.16032064128256512,-0.25,-0.36335170941906714
12895,-0.06412825651302605,0.0,-0.21842310291223424
12897,1.2344689378757514,0.0,-0.33384904531742143
12901,-0.3366733466933868,6.5,12.543964138939458
12902,1.7154308617234468,-0.25,-0.3913183149141692
12904,-0.2565130260521042,0.0,-0.12739686068022293
12906,-0.312625250501002,0.75,1.662517585286331
12908,1.0100200400801602,0.0,0.060135217466758706
12909,-0.08817635270541083,0.75,1.1151933181450617
12910,-0.21643286573146292,1.5,1.7771533436968059
12912,-0.3847695390781563,0.75,0.733859384173427
12913,-0.3687374749498998,0.75,1.3404031415352464
12915,0.7855711422845691,0.0,-0.22518028380159744
12916,0.7054108216432866,0.5,1.6810832167134993
12917,0.625250501002004,-0.25,-0.05506917802402311
12919,-0.3366733466933868,1.0,0.49229201360298064
12920,-0.26452905811623245,-0.25,-0.3735207127902727
12921,-0.3286573146292585,8.75,11.75566329299949
12922,0.8897795591182365,-0.25,-0.19436310800781328
12923,0.11222444889779559,-0.25,-0.36610627605484036
12924,0.3046092184368738,0.5,0.19579577805430118
12925,-0.3687374749498998,0.0,0.01881671793016096
12928,-0.12024048096192384,0.75,1.0295506659331002
12929,2.092184368737475,-0.25,-0.40670105567104725
12930,0.22444889779559118,0.0,-0.1866680451808008
12931,-0.23246492985971945,3.25,30.56416183263608
12933,-0.20841683366733466,0.25,-0.045077412184341865
12935,-0.3847695390781563,1.25,1.101922657972181
12936,-0.26452905811623245,0.5,0.291947138906223
12937,-0.280561122244489,0.5,0.6171558545618356
12938,-0.20040080160320642,-0.25,-0.40944085251252677
12939,0.11222444889779559,1.5,8.059308108986313
12940,0.03206412825651302,0.0,0.17067974285788137
12942,0.6492985971943888,0.25,0.005191582694232007
12944,-0.12024048096192384,0.0,-0.04730765112268904
12945,1.907815631262525,-0.25,-0.1518482551334267
12947,0.7454909819639278,1.0,0.6907980489101739
12948,-0.2725450901803607,1.25,1.0312122677911402
12949,-0.16032064128256512,1.5,2.5837170402809218
12950,-0.3847695390781563,0.25,0.8673044756169158
12951,-0.3366733466933868,1.0,0.2920726821577192
12952,-0.36072144288577157,0.5,0.5311365725953852
12953,-0.3286573146292585,-0.25,-0.2501412361579335
12955,-0.3927855711422846,2.25,3.0193816625618948
12956,2.0521042084168335,-0.25,-0.4139234850806616
12957,-0.3286573146292585,1.5,2.473179899786946
12962,-0.34468937875751504,0.0,-0.2970057934518118
12963,-0.3366733466933868,1.5,0.8773700904280657
12965,0.312625250501002,-0.25,0.07476469871465867
12966,-0.3286573146292585,-0.25,-0.3754407860484524
12967,2.468937875751503,0.0,0.7328254985728688
12968,0.4969939879759519,-0.25,-0.39333439183525787
12970,-0.34468937875751504,0.5,-0.19429664393349166
12971,-0.37675350701402804,21.0,7.769901374698605
12974,1.1783567134268538,-0.25,-0.38679875786029994
12976,1.2905811623246493,-0.25,0.051716434719355435
12977,0.8496993987975952,-0.25,-0.4647537321423957
12980,0.8577154308617234,1.75,4.952555728280096
12981,-0.1683366733466934,0.0,-0.2188514269467513
12982,1.5390781563126252,-0.25,-0.20532229537373123
12984,-0.2565130260521042,-0.25,-0.4217293213648768
12985,-0.40080160320641284,0.0,0.4215373140390588
12987,0.1843687374749499,0.0,-0.0811378649523859
12988,1.939879759519038,-0.25,-0.12018920106490223
12989,-0.37675350701402804,3.25,4.61965194979747
12990,-0.1523046092184369,0.25,-0.19132053038331315
12991,-0.21643286573146292,0.0,-0.1217104898771523
12993,-0.21643286573146292,0.5,-0.1874360744840727
12994,-0.3687374749498998,0.25,0.2258670792362539
12995,0.280561122244489,-0.25,-0.33767442203948717
12997,-0.22444889779559118,0.5,0.4123135775026494
12999,1.1703406813627255,0.25,-0.1570693774162461
13000,0.44889779559118237,0.25,-0.0987508446476112
13001,-0.3687374749498998,2.75,6.733106124664451
13002,2.1482965931863727,-0.25,-0.4044117375555253
13003,0.4408817635270541,0.25,-0.3836601765728908
13004,-0.312625250501002,4.0,3.6830992936345885
13005,0.9859719438877755,0.0,-0.11436990211318834
13006,0.04809619238476954,-0.25,-0.4334934625198008
13008,2.188376753507014,-0.25,-0.32427083371796345
13011,2.5811623246492985,-0.25,-0.45640141346931407
13012,-0.3286573146292585,1.5,0.7224423331844048
13013,-0.3927855711422846,2.75,3.059097639417628
13014,-0.32064128256513025,2.0,2.0660800596699693
13015,0.02404809619238477,0.75,1.972557722202324
13016,0.1843687374749499,0.25,0.08959357218552336
13017,-0.34468937875751504,-0.25,-0.3430801667509777
13018,-0.2725450901803607,6.5,4.880774528012762
13021,-0.3687374749498998,1.75,1.4384376511596138
13023,0.11222444889779559,0.0,0.015751985614220306
13026,-0.3927855711422846,0.75,0.22656125956805737
13027,0.5050100200400801,1.0,4.6107088393526405
13028,-0.22444889779559118,0.0,-0.005354050431462701
13029,-0.16032064128256512,0.25,0.42753385052229687
13030,-0.312625250501002,0.0,0.06193713237058892
13032,0.01603206412825651,0.0,0.25227547143337165
13033,2.4609218436873745,-0.25,-0.35301285341348415
13034,0.03206412825651302,0.0,-0.01905303463886012
13035,0.1843687374749499,0.0,0.18706682962673035
13037,0.7054108216432866,0.25,0.156929064370456
13038,0.24048096192384769,0.25,0.17715629765566443
13040,-0.3366733466933868,0.0,0.00621808339764345
13043,1.7875751503006012,-0.25,-0.11236121008924657
13044,1.9318637274549098,-0.25,-0.07983073815739435
13045,0.3927855711422846,-0.25,-0.2682859284477316
13046,-0.16032064128256512,0.0,-0.028993106198513502
13047,-0.1523046092184369,2.0,1.8971579223330368
13048,-0.28857715430861725,0.5,0.8498835032475087
13049,0.11222444889779559,0.0,-0.008780642707598681
13050,-0.28857715430861725,3.75,3.8167290075067486
13052,1.2985971943887775,-0.25,-0.23662687437920712
13055,0.22444889779559118,0.25,0.40309722586338687
13058,-0.20841683366733466,0.25,-0.2933059599812424
13059,1.595190380761523,-0.25,-0.35829305487347834
13060,1.6272545090180361,-0.25,-0.2666243265896915
13061,0.17635270541082165,-0.25,-0.31013614057890215
13062,1.1302605210420842,-0.25,-0.237490907345388
13064,-0.3046092184368738,0.5,0.32273477511141957
13065,2.5891783567134268,-0.25,-0.3417065758816645
13066,-0.20841683366733466,0.0,-0.14605111087315337
13067,0.2565130260521042,-0.25,-0.40846604608914316
13068,-0.32064128256513025,0.0,-0.23969160669514783
13069,-0.40080160320641284,5.5,2.7788407926948597
13070,1.1382765531062125,-0.25,-0.3247656218268021
13072,1.7314629258517034,-0.25,-0.3629086155902565
13075,0.6332665330661322,-0.25,0.18539045797439657
13077,-0.3927855711422846,0.5,0.0439032135379934
13078,-0.37675350701402804,6.0,8.831871739106356
13079,-0.3687374749498998,0.75,-0.3311904823445572
13080,1.034068136272545,-0.25,-0.45084058591773973
13081,-0.312625250501002,2.25,20.43313160255961
13082,0.6092184368737475,1.75,2.17489651912873
13083,-0.3687374749498998,0.0,-0.26941581771119893
13085,0.8577154308617234,0.0,-0.18646126806068916
13089,-0.3847695390781563,23.75,42.90145962492108
13090,-0.3366733466933868,3.0,6.086816850858311
13091,-0.17635270541082165,-0.25,-0.23834755541442204
13092,0.16032064128256512,0.75,-0.14085952817892136
13093,1.8036072144288577,1.5,5.290466467028282
13094,-0.23246492985971945,2.5,0.9295739283591129
13095,0.16032064128256512,-0.25,-0.4387884337740887
13097,-0.14428857715430862,2.0,3.9395841564416623
13098,-0.3927855711422846,6.5,20.83565280644554
13099,0.3927855711422846,-0.25,-0.34059884130963775
13101,1.4749498997995991,-0.25,-0.41900429431769104
13102,-0.3927855711422846,5.5,4.250392322660927
13103,-0.08817635270541083,-0.25,-0.3135848875464788
13104,-0.37675350701402804,1.0,0.31748411324001286
13106,0.6653306613226453,-0.25,-0.4372376053732513
13107,-0.04809619238476954,0.5,0.6373535482584568
13108,2.5811623246492985,-0.25,-0.23521635902415977
13109,0.07214428857715431,0.0,0.08711963164133027
13110,-0.1523046092184369,1.25,0.6056354150127575
13113,-0.40080160320641284,5.5,8.549783437891172
13115,-0.312625250501002,0.5,1.200939358917079
13116,0.7054108216432866,-0.25,-0.12364533292962569
13117,-0.23246492985971945,1.5,0.2336138363432943
13118,-0.24849699398797595,0.75,0.3908382965996241
13120,1.5070140280561122,-0.25,-0.47113428327726975
13121,1.7555110220440882,-0.25,-0.28420038179918256
13122,0.3527054108216433,0.0,0.18744345938121945
13124,0.312625250501002,0.25,2.280279001414208
13126,-0.3687374749498998,1.5,1.0568304759935456
13127,0.21643286573146292,-0.25,-0.30233768919183385
13130,0.3527054108216433,-0.25,-0.4464687268068075
13131,-0.21643286573146292,0.25,0.29888894222425716
13132,1.691382765531062,-0.25,-0.4366468136015037
13133,1.7875751503006012,0.0,-0.4126458978742575
13134,0.280561122244489,0.5,0.8308083139172079
13135,1.1703406813627255,-0.25,1.792632088116593
13136,0.04809619238476954,0.75,1.4319610963618306
13137,-0.32064128256513025,1.5,2.1672605354788925
13138,-0.22444889779559118,1.0,0.2169830479685994
13139,-0.2725450901803607,1.25,3.246674026947491
13140,0.4649298597194389,0.25,-0.1817423187838552
13141,0.2725450901803607,0.75,1.270335237405981
13142,-0.24849699398797595,-0.25,-0.26694926206415265
13144,2.2605210420841684,-0.25,-0.41179663470237027
13145,-0.08817635270541083,0.5,-0.03696141021995922
13146,-0.19238476953907815,-0.25,-0.3246843879581868
13147,-0.32064128256513025,0.5,0.032663400080495314
13148,-0.1683366733466934,2.5,2.226317557962212
13149,-0.28857715430861725,0.5,0.7440210026474857
13151,1.9639278557114228,-0.25,0.43519198886357524
13153,-0.36072144288577157,-0.25,-0.1346635994727184
13155,-0.13627254509018036,0.5,0.22390269659519316
13157,-0.008016032064128256,0.5,0.7921409924563277
13158,0.3527054108216433,0.5,0.39323838817234874
13159,-0.3366733466933868,0.5,0.561828205137673
13160,-0.22444889779559118,-0.25,-0.4259387127385785
13161,2.1082164328657313,-0.25,-0.4104673532159382
13162,0.5771543086172345,0.5,0.7530527318580771
13165,-0.03206412825651302,0.0,0.26062040520930646
13166,1.8677354709418839,-0.25,-0.1856341595802425
13167,-0.2565130260521042,0.5,0.09065699737466908
13168,-0.11222444889779559,0.5,0.46600177976021234
13169,0.10420841683366733,0.0,0.032722479257670106
13170,-0.19238476953907815,-0.25,-0.41337700269179506
13171,-0.23246492985971945,0.25,-0.1478161012912493
13173,-0.3687374749498998,0.0,-0.2325651809484424
13174,-0.2725450901803607,0.25,1.5318122906843217
13176,-0.03206412825651302,-0.25,-0.13815665582317607
13177,0.11222444889779559,-0.25,-0.28514564863397873
13178,-0.19238476953907815,2.25,3.7344686381880425
13182,-0.04008016032064128,-0.25,-0.4042418849211479
13183,-0.34468937875751504,1.75,2.4290477544374003
13184,-0.28857715430861725,2.0,0.738770340776079
13185,1.7394789579158316,-0.25,-0.44100390291814223
13186,-0.08817635270541083,0.25,0.6700464879275395
13187,2.3006012024048097,-0.25,-0.31943372608678
13188,-0.312625250501002,-0.25,-0.40910114724377183
13189,-0.2565130260521042,0.0,-0.30122256972266026
13192,0.36072144288577157,0.0,0.17972624186276648
13193,0.08817635270541083,-0.25,-0.41096214132477676
13194,0.6813627254509018,-0.25,-0.4489057428652663
13196,-0.312625250501002,0.5,0.833909970718883
13198,-0.32064128256513025,1.0,2.0180486886268896
13199,-0.37675350701402804,9.0,6.756110079276873
13200,-0.24849699398797595,0.5,0.1488204473032202
13203,-0.3286573146292585,0.5,0.14835519878296896
13207,-0.280561122244489,0.0,-0.30891763254967275
13208,0.06412825651302605,1.0,0.40548993253896465
13209,-0.16032064128256512,1.5,3.857161319385725
13210,0.34468937875751504,-0.25,-0.23269072419993878
13211,-0.32064128256513025,0.25,0.31522433471307837
13212,-0.24849699398797595,0.25,0.08733379365858883
13213,0.04809619238476954,0.75,0.6292006218083398
13216,1.7394789579158316,-0.25,-0.2472685111678108
13217,0.5771543086172345,0.25,-0.09939333069938672
13218,0.6172344689378757,-0.25,-0.44747307281877846
13220,0.22444889779559118,0.5,0.11130516979724768
13221,1.5230460921843687,0.0,0.13207150057417572
13223,1.2024048096192386,0.0,-0.3732105471101052
13224,0.08016032064128256,0.0,1.0984148318274296
13225,-0.37675350701402804,1.25,4.279747288819636
13226,1.7875751503006012,-0.25,-0.4138200965206058
13227,1.2104208416833668,-0.25,-0.30342326907242007
13228,0.24849699398797595,-0.25,-0.22935275068956484
13229,1.402805611222445,-0.25,-0.37487214896814536
13230,-0.3687374749498998,3.0,1.54127234392943
13232,-0.3046092184368738,1.25,0.48724074395453854
13233,0.19238476953907815,0.0,-0.046857172396731483
13235,1.2985971943887775,-0.25,0.26770252157313074
13236,-0.20841683366733466,0.0,0.056331995436133556
13238,-0.26452905811623245,0.5,0.02374982922425346
13239,1.691382765531062,-0.25,-0.250355398175192
13240,0.3687374749498998,0.5,-0.003633369396247788
13242,0.4969939879759519,0.25,-0.2940444496959269
13243,1.2264529058116231,-0.25,-0.06162696669042146
13244,0.3366733466933868,-0.25,-0.40382833068092455
13245,0.0,-0.25,-0.17581224637493867
13246,-0.2565130260521042,1.0,0.9548302766013227
13247,-0.26452905811623245,0.5,-0.12366010272391936
13248,0.593186372745491,0.0,-0.149832178212338
13249,0.3366733466933868,0.25,0.03163689937708387
13253,0.8496993987975952,0.0,0.2672077334642923
13255,-0.3286573146292585,0.0,-0.1986980426330113
13258,-0.312625250501002,0.25,0.0031459661845559582
13259,0.08817635270541083,-0.25,-0.284606551142259
13260,0.08817635270541083,-0.25,-0.08193543384424518
13261,1.74749498997996,0.0,0.20347607108701996
13262,1.7074148296593186,-0.25,-0.3458199635924572
13263,-0.3927855711422846,8.25,4.998364245281975
13265,0.02404809619238477,0.75,1.0516758177850478
13266,-0.312625250501002,2.5,2.3378295048795708
13267,-0.3847695390781563,4.25,2.8453417915021992
13268,-0.26452905811623245,2.25,1.8507881531479973
13269,-0.3927855711422846,3.25,3.452225254132774
13270,2.533066132264529,-0.25,-0.05802313688276111
13271,-0.10420841683366733,-0.25,-0.3375488787879908
13272,-0.1523046092184369,0.0,-0.2894953530534704
13273,0.5050100200400801,-0.25,-0.3910967679997638
13276,0.10420841683366733,0.0,-0.05733634144810448
13277,-0.280561122244489,0.5,-0.3029063262721409
13278,-0.08016032064128256,-0.25,-0.09293154569589736
13279,0.22444889779559118,-0.25,-0.39200511034882574
13280,0.5771543086172345,0.25,0.09592242904036954
13282,-0.2565130260521042,0.25,0.34234167703629315
13283,0.07214428857715431,0.0,-0.4245651218692653
13284,2.244488977955912,-0.25,-0.3451553228492411
13285,-0.21643286573146292,0.5,1.506925187299454
13291,0.8416833667334669,-0.25,-0.22705604767689605
13292,-0.09619238476953908,0.0,-0.06619083312717162
13294,1.1142284569138277,0.0,0.1515159347618186
13295,2.476953907815631,-0.25,-0.34514793795209425
13296,0.6973947895791583,-0.25,-0.42918806748319027
13297,-0.34468937875751504,0.5,1.0496006616867843
13298,-0.3927855711422846,-0.25,-0.22787577126019584
13299,1.74749498997996,-0.25,-0.38849728420407437
13300,0.9539078156312625,-0.25,-0.21909512855259716
13301,0.4248496993987976,0.5,-0.03727896079727352
13302,0.8416833667334669,-0.25,-0.4466533492354786
13304,2.4128256513026054,-0.25,-0.27187498846109825
13305,-0.3687374749498998,2.0,0.9838824619770109
13307,0.561122244488978,-0.25,-0.48265472282634797
13308,-0.22444889779559118,0.25,0.5294528160459046
13309,-0.34468937875751504,0.75,0.5820923629086157
13310,-0.17635270541082165,0.25,0.3422604431676778
13311,-0.3687374749498998,0.0,-0.05169428002791492
13313,-0.22444889779559118,0.75,0.6548557544964795
13314,-0.3927855711422846,0.25,0.07929164066567465
13316,-0.10420841683366733,0.5,3.739977771459589
13317,0.1282565130260521,1.0,1.1853572259372358
13318,-0.3927855711422846,0.25,-0.020537398965375958
13319,-0.36072144288577157,6.0,7.515595056549852
13320,0.22444889779559118,0.5,0.6377818722929738
13321,0.17635270541082165,0.0,-0.07474254402321816
13322,-0.26452905811623245,-0.25,-0.3464181402613516
13323,-0.37675350701402804,0.75,0.088087053167567
13324,-0.11222444889779559,2.0,4.765754754950652
13325,0.24849699398797595,-0.25,0.004970035779826606
13327,-0.09619238476953908,1.5,2.185338763694369
13328,2.132264529058116,-0.25,0.47256695332375764
13329,-0.1523046092184369,0.0,0.08893631633945416
13330,0.3366733466933868,0.25,0.3488330016283699
13332,-0.28857715430861725,-0.25,-0.23459602766382476
13334,0.2565130260521042,0.25,2.0926952289871985
13336,0.21643286573146292,-0.25,0.0934558733933233
13338,0.8577154308617234,-0.25,-0.13407280770097083
13339,1.2024048096192386,-0.25,0.14145770484781572
13340,-0.04008016032064128,1.25,7.435047983369213
13341,1.6833667334669338,-0.25,0.07922517659135302
13343,1.0180360721442885,-0.25,-0.232727648685673
13344,0.13627254509018036,0.25,1.3611251629292935
13345,1.8997995991983967,-0.25,-0.20609032467700314
13347,0.16032064128256512,-0.25,-0.2416412195419149
13348,0.11222444889779559,-0.25,-0.321102712841967
13349,-0.32064128256513025,-0.25,-0.3110887923108452
13350,-0.2725450901803607,0.0,0.22933798089527108
13351,0.1282565130260521,-0.25,-0.21758122463749394
13352,0.08016032064128256,-0.25,-0.19982793189647857
13354,0.1683366733466934,-0.25,0.055357189012749976
13355,0.5771543086172345,-0.25,0.004526941951015975
13356,0.24048096192384769,-0.25,0.07360526986260398
13357,1.6593186372745492,-0.25,-0.04369643641788185
13358,1.74749498997996,-0.25,-0.16951292910867988
13359,0.10420841683366733,-0.25,-0.16912152955989712
13362,-0.3286573146292585,0.5,1.7887476322173526
13363,-0.26452905811623245,0.0,0.23921897327774969
13364,0.1683366733466934,-0.25,-0.39406549665279544
13365,-0.13627254509018036,0.0,1.1496807878208275
13366,0.0,-0.25,-0.452258486169934
13368,1.651302605210421,0.0,-0.033357580412298866
13369,2.5250501002004007,-0.25,-0.2660704593036781
13370,2.5731462925851702,-0.25,0.06373166237727222
13372,0.312625250501002,-0.25,-0.2141103229784768
13373,0.08016032064128256,0.25,1.9523304889171158
13375,0.3046092184368738,-0.25,0.08129294779246958
13376,0.3927855711422846,0.25,0.2593502029000491
13379,-0.19238476953907815,0.25,-0.07090239750685881
13381,-0.1523046092184369,1.0,2.193860935001828
13382,1.843687374749499,-0.25,-0.329056247069119
13384,-0.16032064128256512,1.25,2.572425532543396
13385,2.2364729458917836,-0.25,-0.09895762176772284
13388,0.6492985971943888,0.0,0.006299317266258755
13389,-0.312625250501002,0.25,0.0955531841830273
13390,0.19238476953907815,-0.25,-0.09193458458107327
13391,1.2264529058116231,-0.25,-0.44957038360848245
13394,-0.3927855711422846,1.5,1.3672767822526153
13395,1.0821643286573146,-0.25,-0.26648401354390144
13396,-0.1683366733466934,0.0,0.5113450482418407
13397,0.17635270541082165,0.75,0.6465920545891598
13398,1.1382765531062125,-0.25,-0.1559911824328067
13402,0.6172344689378757,0.0,-0.0349601030931642
13403,-0.26452905811623245,-0.25,-0.438345339945278
13404,-0.3927855711422846,0.0,-0.3072708004859263
13405,0.19238476953907815,0.25,-0.07098289288575936
13408,-0.3927855711422846,15.0,20.270412778826028
13410,-0.20841683366733466,0.75,0.24701742466481794
13411,0.45691382765531063,-0.25,-0.33602758997574067
13414,0.6653306613226453,0.25,0.5331378797221802
13416,-0.056112224448897796,0.0,0.032441853166089996
13417,-0.3687374749498998,0.0,-0.020485704685348004
13418,-0.312625250501002,4.0,4.031311963902624
13419,0.10420841683366733,-0.25,-0.3304815322184601
13420,0.7935871743486974,0.0,-0.3756844876542983
13421,-0.08016032064128256,0.0,0.8604439061674969
13422,0.11222444889779559,-0.25,1.445763469129284
13425,0.4649298597194389,0.25,0.7057303109410945
13426,-0.40080160320641284,2.0,2.195345299328344
13427,-0.24849699398797595,0.25,-0.06348796077142639
13428,-0.32064128256513025,-0.25,-0.34471961391757727
13429,-0.32064128256513025,0.5,0.24977937619773796
13430,-0.2565130260521042,0.0,0.008034768095767345
13431,0.13627254509018036,0.0,0.443485228359482
13434,0.19238476953907815,0.0,-0.09920132337356877
13435,-0.36072144288577157,1.25,2.31983251053271
13436,-0.3927855711422846,-0.25,-0.34833082862238446
13437,-0.28857715430861725,1.25,2.0230851884810375
13439,1.6432865731462927,-0.25,-0.28421515159347627
13441,0.3286573146292585,-0.25,-0.2746664795826057
13447,-0.21643286573146292,0.25,0.3401262078922397
13448,-0.2725450901803607,1.0,2.116600141051536
13449,-0.21643286573146292,-0.25,-0.27818169062450393
13450,-0.19238476953907815,1.0,1.0155341311483888
13451,-0.19238476953907815,0.75,1.64660313193488
13452,1.6753507014028055,0.0,-0.05802313688276111
13453,0.9218436873747495,0.0,-0.23010601019854302
13455,-0.20841683366733466,0.0,0.287841136092577
13456,-0.26452905811623245,1.0,0.8109724801807825
13458,-0.34468937875751504,3.0,6.630160658437431
13460,-0.1683366733466934,0.0,-0.358263515284891
13461,-0.09619238476953908,0.25,0.5733855691724854
13462,1.6192384769539079,-0.25,-0.38185087677191387
13464,0.06412825651302605,-0.25,0.004512172156722214
13466,1.0741482965931863,-0.25,-0.2663510853952582
13467,-0.32064128256513025,0.0,0.2978624415208458
13468,-0.3927855711422846,8.75,3.7193295990370103
13470,0.3927855711422846,0.0,-0.37188126562367313
13471,-0.3927855711422846,0.5,1.3538510392396512
13473,0.08016032064128256,0.0,-0.18161677553235886
13474,1.4909819639278556,-0.25,-0.3262130616675837
13475,1.1302605210420842,0.5,0.5636227351443563
13476,1.0260521042084167,0.0,0.42086528839869586
13477,-0.10420841683366733,1.0,0.5804603006391629
13479,1.2024048096192386,0.0,-0.2714835889123155
13481,-0.04008016032064128,0.75,0.8389169309844436
13482,1.4589178356713426,-0.25,-0.3573773276272696
13483,0.12024048096192384,-0.25,-0.3900924219877928
13484,1.531062124248497,-0.25,-0.2619939960786197
13485,1.4669338677354709,-0.25,-0.15828050054832868
13486,0.22444889779559118,0.25,0.335156172112413
13487,0.056112224448897796,0.25,-0.06880508671715481
13488,-0.26452905811623245,2.75,6.129272624555522
13489,0.4408817635270541,0.5,-0.16176617200163954
13491,0.008016032064128256,2.0,0.4041384963610919
13492,0.6893787575150301,0.25,0.4440317107483485
13493,1.8036072144288577,0.0,-0.03688017635134391
13494,2.092184368737475,-0.25,-0.26017731138049577
13495,-0.34468937875751504,0.75,1.0163833943202758
13496,-0.32064128256513025,0.0,-0.01125458325179177
13497,1.8597194388777556,0.0,-0.2367007233506756
13499,-0.26452905811623245,0.75,0.3622587446413341
13500,-0.21643286573146292,0.25,0.3679155758558173
13501,1.907815631262525,-0.25,0.49608046583931203
13502,-0.2725450901803607,0.25,-0.27809307185874177
13503,0.1683366733466934,-0.25,-0.33359057391728186
13504,0.11222444889779559,-0.25,-0.2751908072800317
13505,0.17635270541082165,0.5,2.7509184965826394
13506,2.132264529058116,0.0,-0.15511976456947904
13507,-0.37675350701402804,0.5,1.3371020925106065
13508,1.5470941883767535,-0.25,-0.41178186490807656
13509,-0.3366733466933868,1.25,0.2297810747240818
13510,-0.3927855711422846,0.5,0.8293165646935452
13512,1.6833667334669338,-0.25,-0.30821606732072243
13513,0.6092184368737475,-0.25,-0.3422678280648247
13514,0.1843687374749499,-0.25,-0.3813339339716347
13515,0.17635270541082165,0.5,0.16435088600303518
13516,-0.23246492985971945,0.25,0.5323329259331742
13517,0.07214428857715431,0.25,1.0780842099821655
13518,0.280561122244489,-0.25,-0.03058085908508516
13519,0.22444889779559118,-0.25,-0.4030824560690932
13520,0.06412825651302605,1.0,2.182813128870148
13521,-0.3927855711422846,0.25,0.29772951337220255
13522,-0.16032064128256512,-0.25,-0.4008300624393054
13523,-0.13627254509018036,0.75,2.4342910314116604
13524,-0.08016032064128256,0.75,0.008573865587487042
13525,-0.28857715430861725,0.0,-0.029384505747296265
13527,-0.13627254509018036,1.25,1.1622277280733173
13529,0.22444889779559118,0.0,-0.2664544739553141
13531,1.2424849699398797,0.0,-0.13645074458225487
13532,-0.13627254509018036,-0.25,-0.33842029665131845
13533,1.0581162324649298,0.25,-0.29501187122216366
13534,-0.3847695390781563,5.75,3.841261635828568
13536,-0.3927855711422846,1.25,2.0499145198155255
13538,-0.056112224448897796,1.25,0.45216248250702484
13539,0.280561122244489,0.25,-0.027493972077703904
13544,-0.08817635270541083,0.0,-0.2898645979108127
13546,-0.3046092184368738,0.25,-0.03506349165322002
13548,0.3687374749498998,0.0,0.0070821163638242835
13549,-0.20040080160320642,1.25,0.18434918747669143
13551,2.156312625250501,-0.25,-0.42593871273857836
13552,0.1282565130260521,2.5,2.2682711586534383
13555,0.1843687374749499,0.5,2.5332486531793834
13557,-0.17635270541082165,0.0,-0.062409765787986994
13558,-0.36072144288577157,0.5,-0.05468516337238719
13560,-0.34468937875751504,-0.25,-0.36714016165539864
13561,1.3226452905811623,-0.25,-0.3889699176214724
13562,0.24849699398797595,0.25,0.8350546297766441
13563,0.2725450901803607,0.0,0.08046583931202293
13564,0.7535070140280561,0.25,0.7799189876782991
13565,-0.24849699398797595,0.0,-0.3163320692851051
13566,-0.08016032064128256,0.0,0.13903545858365057
13568,0.9859719438877755,-0.25,-0.3555975674148799
13569,-0.26452905811623245,0.0,-0.24366468136015043
13570,1.5470941883767535,-0.25,-0.3168711667768248
13571,-0.3046092184368738,2.5,1.0489286360464216
13572,1.2424849699398797,-0.25,0.5285223190054021
13573,0.0,0.0,-0.2793854288594396
13575,-0.21643286573146292,0.75,0.04689409688246568
13576,-0.32064128256513025,4.0,4.466954431492156
13577,-0.20040080160320642,0.5,0.752543173954945
13579,-0.28857715430861725,0.0,-0.14882783220036708
13581,2.0761523046092183,-0.25,-0.4065902822138446
13583,0.8416833667334669,-0.25,0.08305055331341868
13584,2.0521042084168335,-0.25,-0.3885711331755428
13587,0.10420841683366733,-0.25,0.03236800419462153
13588,-0.280561122244489,1.75,1.3369470096705227
13589,-0.28857715430861725,0.0,-0.21336444836664545
13590,-0.312625250501002,1.0,0.9698954667808865
13591,0.11222444889779559,0.25,0.3312569464188789
13592,-0.12024048096192384,0.5,-0.3106161588934471
13593,0.4649298597194389,0.75,0.9920206186328341
13594,0.01603206412825651,-0.25,-0.20057380650830992
13596,-0.36072144288577157,0.0,-0.0032936641274928916
13598,-0.02404809619238477,-0.25,-0.37554417460850825
13599,-0.3927855711422846,4.75,3.309430882901379
13600,2.100200400801603,-0.25,-0.33161880637907426
13601,-0.04008016032064128,0.0,0.018277620438441347
13602,0.11222444889779559,-0.25,-0.17700121481558073
13603,-0.19238476953907815,-0.25,-0.37236866883536485
13606,-0.1683366733466934,0.25,-0.28935504000768036
13607,-0.08016032064128256,-0.25,0.005125118619910379
13610,-0.3046092184368738,1.25,0.30555750434785817
13611,0.312625250501002,0.25,0.3587804580851701
13614,-0.20841683366733466,0.5,0.6771138344970702
13615,2.1482965931863727,-0.25,-0.1852722996200471
13617,-0.08016032064128256,0.25,-0.09186073560960488
13618,0.9859719438877755,-0.25,-0.3627683025444664
13621,0.5290581162324649,-0.25,-0.3358060430613353
13623,-0.16032064128256512,0.75,0.04369643641788177
13626,1.6192384769539079,-0.25,-0.3037703592383218
13627,0.07214428857715431,0.75,0.7162611742724955
13629,-0.21643286573146292,2.25,5.260845644572286
13630,-0.36072144288577157,1.25,1.0067165639550557
13631,0.3927855711422846,2.25,1.7737415212149634
13632,-0.20841683366733466,0.75,1.0710759425898095
13634,-0.13627254509018036,0.75,0.6489773763675908
13635,0.13627254509018036,-0.25,0.29721257057192335
13636,-0.11222444889779559,0.75,0.20718328945473613
13637,0.01603206412825651,0.25,0.10023520897412695
13638,-0.280561122244489,-0.25,-0.4031636899377085
13639,0.19238476953907815,-0.25,0.26937889322546454
13642,1.3226452905811623,-0.25,-0.26311650044494017
13643,-0.1523046092184369,0.25,-0.11013097115089931
13644,-0.2725450901803607,0.5,1.4442569501113276
13645,0.561122244488978,-0.25,-0.30755881147465325
13647,-0.3286573146292585,0.5,0.7233876000192009
13649,1.651302605210421,0.0,-0.2377715334369681
13650,-0.2725450901803607,1.0,0.8623861341171172
13651,-0.12024048096192384,0.0,-0.4241663374233356
13652,-0.04008016032064128,0.25,0.3149732482100855
13654,-0.056112224448897796,1.0,1.5056032907101686
13655,0.5130260521042084,0.0,0.19525668056258147
13656,0.9138276553106213,0.0,-0.21336444836664545
13657,-0.32064128256513025,0.0,-0.21152560897708106
13658,-0.3286573146292585,0.75,1.4552678317572734
13659,1.2424849699398797,0.0,0.6605273555052563
13662,0.280561122244489,0.25,0.15706937741624602
13663,1.034068136272545,-0.25,-0.35381042230534343
13666,0.08016032064128256,0.25,-0.4312189141985726
13667,0.7935871743486974,-0.25,-0.272886719370216
13668,-0.3847695390781563,4.75,4.166012487861076
13669,0.0,0.0,-0.3323351414023182
13670,0.20040080160320642,-0.25,-0.2354822153214462
13672,2.012024048096192,0.0,-0.3560849706265717
13673,-0.2565130260521042,0.0,-0.2076116134892532
13675,0.8096192384769539,0.0,-0.13422050564390767
13678,0.8096192384769539,-0.25,-0.32195936091100097
13680,-0.3927855711422846,0.5,2.252799799130798
13681,-0.26452905811623245,0.5,0.11761187196065329
13682,1.0981963927855711,-0.25,-0.44979193052288774
13684,1.8837675350701404,-0.25,-0.44563423342921404
13685,-0.3847695390781563,1.25,1.8099422870287976
13686,1.0581162324649298,-0.25,-0.44056080908933154
13689,0.10420841683366733,-0.25,0.17829357181627853
13690,0.07214428857715431,-0.25,-0.3665272151922105
13692,-0.20841683366733466,0.25,0.6053769436126178
13694,-0.37675350701402804,12.0,47.537358348441614
13695,-0.1523046092184369,3.25,1.3555421806862786
13697,-0.09619238476953908,-0.25,-0.3819985747148507
13699,0.8416833667334669,-0.25,-0.2658489123892728
13700,-0.19238476953907815,2.0,1.1668580585843893
13703,2.1482965931863727,-0.25,-0.4202523419355078
13704,-0.36072144288577157,1.75,1.2107465023280888
13705,-0.34468937875751504,0.25,0.03196921974869193
13706,2.0200400801603204,-0.25,-0.24944705582613005
13707,1.7394789579158316,0.0,0.10179342227211126
13708,1.7715430861723447,-0.25,-0.2830187982556874
13709,-0.37675350701402804,2.75,4.164402580283064
13710,-0.1523046092184369,-0.25,-0.36044944484035707
13711,1.346693386773547,0.0,-0.3075883510632407
13712,1.5711422845691383,-0.25,-0.3247360822382147
13715,1.8517034068136273,0.75,0.30190936515731687
13716,1.7555110220440882,-0.25,-0.391613710800043
13717,-0.14428857715430862,1.0,0.5733929540696322
13718,1.5711422845691383,0.0,-0.2673480465100823
13719,-0.280561122244489,0.75,0.2755378974459334
13720,0.5290581162324649,0.5,0.09698585422951518
13721,-0.11222444889779559,-0.25,-0.10666006949188221
13722,0.6492985971943888,0.25,1.2604837846120898
13723,1.3386773547094188,-0.25,-0.3461448990669183
13725,-0.008016032064128256,1.5,0.9688911207689155
13726,-0.09619238476953908,0.0,0.3035857368096507
13727,-0.17635270541082165,0.0,-0.24746051849362874
13728,-0.11222444889779559,1.0,0.2566768701328912
13730,0.6813627254509018,0.0,0.06205529072493842
13731,1.3547094188376754,0.0,-0.042817633657407254
13732,-0.17635270541082165,-0.25,-0.1304985174818978
13735,-0.20841683366733466,0.5,1.6357325633347242
13736,-0.36072144288577157,0.0,0.045217725230131796
13737,1.2024048096192386,-0.25,-0.2429409614397596
13739,-0.2565130260521042,-0.25,-0.33355364943154764
13740,1.5230460921843687,-0.25,-0.23470680112102746
13741,0.1683366733466934,0.25,-0.00010338856005581976
13742,-0.2725450901803607,2.5,1.8013979610298978
13743,-0.3847695390781563,1.25,0.49702573267410816
13744,0.36072144288577157,0.0,0.30422083796427923
13745,0.8977955911823647,-0.25,-0.2721556145526784
13747,2.5891783567134268,-0.25,-0.4349482872577293
13748,0.36072144288577157,0.75,0.2065408034029606
13750,0.02404809619238477,0.75,0.7227524988645722
13751,1.907815631262525,-0.25,-0.27495449057133264
13752,0.593186372745491,1.0,0.3742739722992509
13753,1.8997995991983967,-0.25,0.053680817360416175
13754,0.8096192384769539,0.0,-0.28503487517677606
13755,-0.37675350701402804,1.75,1.0630485593911891
13756,-0.3847695390781563,3.0,3.3386750756028856
13758,-0.312625250501002,1.25,1.8624562906400124
13759,-0.13627254509018036,0.0,-0.006764565786509986
13760,0.03206412825651302,0.0,-0.281940603272248
13761,0.0,0.0,0.2969319444803433
13762,1.346693386773547,-0.25,-0.26722250325858593
13763,0.10420841683366733,-0.25,0.7727482525487127
13764,0.16032064128256512,0.25,0.6283439737393058
13767,-0.3847695390781563,8.75,12.223326674617741
13769,-0.3847695390781563,2.0,1.5714618034657326
13771,0.11222444889779559,0.5,1.4517821603039625
13772,-0.13627254509018036,0.25,0.3353186398496436
13774,0.24849699398797595,-0.25,-0.23895311698046334
13777,-0.40080160320641284,7.75,18.69013340816696
13778,0.4248496993987976,-0.25,-0.3617639565324955
13780,-0.34468937875751504,0.0,-0.227868386363049
13781,1.6032064128256514,-0.25,-0.39932354342134907
13782,-0.3046092184368738,1.0,0.1774516935415382
13784,-0.3286573146292585,2.25,1.3250130158812214
13786,2.541082164328657,-0.25,-0.3235840382833069
13787,0.20040080160320642,0.0,-0.2655092071205179
13790,-0.3687374749498998,-0.25,-0.23614685606466226
13791,0.6172344689378757,0.0,0.6258183389150849
13792,0.1282565130260521,0.0,-0.34932040484006166
13798,-0.3927855711422846,13.75,26.944004017384053
13799,0.5290581162324649,0.0,0.014983956310948454
13800,2.0761523046092183,-0.25,-0.081418491043966
13801,0.1282565130260521,-0.25,-0.2538706092170902
13802,0.7054108216432866,0.25,2.9028922949675624
13803,1.6432865731462927,-0.25,-0.28911872329898136
13804,-0.16032064128256512,1.25,1.4177673240455944
13805,0.01603206412825651,0.0,0.18907552165067212
13806,0.10420841683366733,-0.25,-0.3043980754958036
13807,2.541082164328657,-0.25,-0.41057812667314086
13808,-0.36072144288577157,0.75,0.796896866218896
13809,2.0440881763527052,-0.25,-0.37922923828478383
13810,-0.17635270541082165,0.25,0.6132713986625952
13811,1.066132264529058,0.25,0.10776780406390889
13812,-0.06412825651302605,0.25,-0.09568611233167056
13813,-0.08817635270541083,0.5,0.5156799828670388
13814,0.3366733466933868,0.0,0.6724318097059703
13815,-0.22444889779559118,0.5,2.4804318687851477
13816,-0.21643286573146292,0.0,-0.07155965335292792
13817,-0.1683366733466934,0.0,-0.21090527761674605
13819,2.012024048096192,0.25,0.34840467759385274
13821,0.7535070140280561,0.0,-0.2089408949756853
13822,-0.36072144288577157,0.0,-0.02700656886601216
13823,-0.2565130260521042,0.0,0.21348999161814172
13824,-0.14428857715430862,0.75,0.760917647319467
13826,1.0100200400801602,-0.25,-0.3537882676139029
13827,0.056112224448897796,0.25,-0.1910989834689078
13828,-0.22444889779559118,-0.25,-0.33902585821735975
13831,-0.2725450901803607,1.0,1.1298006447015208
13832,-0.24849699398797595,-0.25,-0.45518290544008455
13833,0.87374749498998,-0.25,-0.21026279156497052
13835,-0.20040080160320642,0.5,0.12258929263762681
13837,1.2905811623246493,0.0,-0.2968580955088749
13838,-0.36072144288577157,0.5,0.004615560716778118
13841,1.6192384769539079,-0.25,-0.43096044279843304
13842,0.06412825651302605,1.75,2.0065134792835173
13844,-0.312625250501002,-0.25,-0.22667941792240695
13845,0.11222444889779559,-0.25,-0.262599557644661
13846,-0.20841683366733466,0.25,0.1451058440383572
13848,0.3366733466933868,0.25,0.43307252338243063
13849,0.008016032064128256,0.0,0.6420281881524096
13850,0.6332665330661322,-0.25,0.6845135014382088
13851,0.36072144288577157,0.25,1.4643438703507459
13853,0.056112224448897796,-0.25,0.311325109019544
13854,-0.3366733466933868,5.75,5.495065042481621
13856,0.9458917835671342,0.25,-0.20682881439168763
13858,0.056112224448897796,-0.25,-0.3340927469232673
13859,2.212424849699399,-0.25,-0.3451774775406817
13860,-0.3927855711422846,0.75,0.42635226697880174
13862,-0.2565130260521042,1.5,1.137857567488729
13863,1.5791583166332666,-0.25,-0.2679166835903894
13865,0.06412825651302605,0.5,-0.12333516724945819
13866,0.19238476953907815,-0.25,-0.3861562718085245
13867,-0.1523046092184369,0.25,0.24851655878562753
13868,-0.34468937875751504,0.0,1.8639258851722345
13869,0.5851703406813628,0.5,1.7835117401402394
13870,-0.3847695390781563,1.5,1.5525786214612498
13871,-0.22444889779559118,2.75,4.235002197006902
13873,0.5531062124248497,0.25,-0.20601647570553466
13874,2.468937875751503,-0.25,-0.094615302245378
13875,0.02404809619238477,0.75,0.8257939687545002
13876,0.10420841683366733,-0.25,-0.4031193805548274
13877,0.28857715430861725,-0.25,-0.4071515343970048
13878,0.03206412825651302,-0.25,0.4453092979547527
13880,-0.23246492985971945,2.75,1.8840349601030932
13881,-0.37675350701402804,4.5,12.178396960376336
13882,-0.3847695390781563,0.75,0.38590518530553175
13883,-0.32064128256513025,0.75,1.481343903582783
13884,-0.34468937875751504,0.75,0.08790243073889588
13885,1.1142284569138277,0.0,-0.1194654811445114
13886,0.1683366733466934,-0.25,-0.31386551363805887
13887,1.2344689378757514,-0.25,-0.23559298877864884
13888,0.5531062124248497,0.0,-0.05383590020050003
13889,0.3366733466933868,-0.25,-0.18585570649464783
13890,-0.3927855711422846,2.0,0.8974422408731902
13892,-0.19238476953907815,0.5,-0.026290233842768174
13893,1.9799599198396793,-0.25,0.11264183618082659
13894,-0.21643286573146292,0.25,-0.07676600584145368
13895,-0.17635270541082165,0.5,1.421223455910318
13897,0.0,-0.25,-0.26394360892538676
13898,2.2044088176352705,-0.25,-0.37857936733586156
13899,-0.2725450901803607,0.0,-0.20681404459739394
13900,1.066132264529058,0.25,0.05345188554886402
13901,0.17635270541082165,0.75,1.6236656413967798
13904,-0.10420841683366733,0.0,-0.24808084985396375
13908,0.23246492985971945,0.5,1.256156234884039
13911,0.056112224448897796,1.75,1.4122434209797543
13914,-0.312625250501002,0.0,-0.031105186782511094
13917,-0.008016032064128256,0.0,-0.29283332656384436
13918,-0.008016032064128256,0.0,0.40193779701133225
13919,0.07214428857715431,0.0,-0.20955384143887343
13922,2.4128256513026054,-0.25,-0.3665272151922105
13923,0.02404809619238477,-0.25,-0.23442617502944735
13924,-0.3927855711422846,1.0,0.8642397433009754
13925,0.3366733466933868,0.5,0.007148580438145912
13926,-0.21643286573146292,-0.25,-0.32842114591449034
13927,0.19238476953907815,-0.25,-0.23600654301887217
13928,-0.32064128256513025,0.5,-0.1506519017956378
13929,0.9539078156312625,0.0,0.12855628953227752
13930,0.056112224448897796,0.0,-0.2446099481949466
13931,0.36072144288577157,0.0,0.4201711080668924
13932,1.9559118236472945,-0.25,-0.2667203302526005
13933,0.4729458917835671,0.0,-0.04414691514383941
13934,1.7074148296593186,-0.25,0.18722929736396096
13936,1.034068136272545,-0.25,-0.21563161179072687
13937,0.9539078156312625,-0.25,-0.3764229773689828
13938,-0.12024048096192384,-0.25,-0.44081189559232425
13939,-0.21643286573146292,0.25,-0.07386374126274364
13940,-0.26452905811623245,0.5,0.12596419063373493
13941,-0.23246492985971945,0.75,3.28213630304664
13946,0.23246492985971945,0.25,-0.07901839947124138
13947,0.12024048096192384,-0.25,-0.4268249003961998
13948,2.4849699398797593,-0.25,-0.41840611764879654
13949,-0.3847695390781563,1.0,1.2988187857013624
13950,-0.312625250501002,0.5,0.05648707827621732
13951,1.0100200400801602,0.25,0.0043423195223448495
13952,1.3386773547094188,0.0,1.9071504266624328
13953,-0.34468937875751504,1.25,2.1025614515753834
13954,-0.3927855711422846,0.0,-0.1688556732626107
13955,0.8336673346693386,0.0,-0.2552294302921097
13956,-0.36072144288577157,0.75,0.2589883429398537
13959,0.23246492985971945,0.25,-0.055039638435435766
13960,-0.23246492985971945,0.0,-0.3237169664319501
13962,-0.23246492985971945,0.0,-0.3685211374218587
13963,2.06813627254509,0.5,-0.0029761135501785944
13967,0.7615230460921844,-0.25,-0.43413594857157634
13969,-0.34468937875751504,4.0,6.170524660017799
13971,-0.2565130260521042,1.5,1.5432145718790504
13972,0.16032064128256512,0.0,-0.35323440032788955
13973,1.8997995991983967,-0.25,-0.2982538410696286
13974,-0.008016032064128256,-0.25,-0.18830010745025352
13975,-0.1523046092184369,1.0,1.3238683568234606
13976,1.250501002004008,-0.25,-0.22936752048385853
13978,-0.28857715430861725,0.0,-0.3484046775938529
13979,0.1843687374749499,-0.25,0.14865797956598958
13980,0.08016032064128256,-0.25,-0.3459307370496598
13982,-0.08817635270541083,0.5,0.8885803642969763
13983,-0.1683366733466934,2.5,1.4288742093544493
13984,-0.19238476953907815,0.75,0.1860550987176126
13985,-0.3687374749498998,3.25,4.720101320788856
13986,-0.26452905811623245,-0.25,-0.2570756545788209
13988,-0.24849699398797595,1.0,2.5694937283760986
13989,0.12024048096192384,0.0,0.44125498942113484
13990,1.3066132264529058,-0.25,-0.26384022036533095
13991,-0.3046092184368738,1.0,0.13611103931349994
13992,-0.16032064128256512,-0.25,-0.43701605845884595
13993,-0.06412825651302605,1.75,2.066139138847144
13994,-0.37675350701402804,1.0,1.1856969312059906
13995,-0.280561122244489,0.75,0.5354936619120239
13999,-0.32064128256513025,2.5,2.387714485106509
14000,1.2905811623246493,-0.25,-0.02430369651026692
14001,-0.04008016032064128,0.25,1.0150614977309906
14002,0.6733466933867736,0.0,-0.10253191198679584
14004,-0.056112224448897796,1.25,2.8905004375551564
14005,-0.3286573146292585,0.75,1.6292190840512069
14006,0.5210420841683366,0.25,0.21683535002566257
14009,1.186372745490982,0.0,0.019968761885068822
14012,1.8196392785571143,-0.25,-0.2509166503583522
14013,0.48096192384769537,0.25,-0.1444116637065538
14014,0.21643286573146292,-0.25,-0.12066183448230029
14015,0.01603206412825651,-0.25,0.18371408632206276
14016,0.8897795591182365,0.5,2.7122068657388776
14019,-0.03206412825651302,0.25,0.5561122947460151
14020,-0.2725450901803607,0.0,-0.019030879947419605
14021,0.8416833667334669,0.25,-0.027080417837480626
14022,1.402805611222445,-0.25,-0.16879659408543593
14023,-0.34468937875751504,0.0,-0.06240238089084015
14024,0.5691382765531062,0.0,-0.2517289890445052
14027,0.08016032064128256,-0.25,-0.4163235766533862
14029,0.10420841683366733,0.0,-0.14836996857726267
14030,-0.2565130260521042,1.5,1.2482470100397678
14031,-0.34468937875751504,4.25,12.27243624064426
14032,-0.3847695390781563,2.25,1.7037105415714324
14034,-0.22444889779559118,0.25,-0.014533477584990984
14035,-0.17635270541082165,0.75,0.5608460138171426
14036,1.8757515030060121,-0.25,-0.030957488839574245
14037,1.0100200400801602,0.0,-0.38502638254505717
14038,0.22444889779559118,0.25,0.6585925124527829
14039,-0.13627254509018036,-0.25,-0.3813339339716348
14040,-0.08016032064128256,2.5,2.1355276324388996
14041,1.7314629258517034,-0.25,-0.3893022379930805
14044,-0.19238476953907815,0.5,-0.016357547180261715
14045,0.4729458917835671,0.5,0.7319762354009816
14046,1.8757515030060121,-0.25,-0.37927354766766497
14047,-0.3366733466933868,0.75,0.4726629569866667
14048,2.0440881763527052,-0.25,-0.1910029798059988
14049,-0.2725450901803607,0.5,3.6260952725580924
14050,-0.1523046092184369,0.0,0.057447114905307135
14051,-0.40080160320641284,5.25,11.03438038866714
14052,-0.24849699398797595,-0.25,-0.32730602644531676
14053,0.593186372745491,0.0,-0.3015401202999746
14054,0.12024048096192384,-0.25,-0.42545130952688665
14055,0.44889779559118237,-0.25,0.04214560801704439
14056,-0.3927855711422846,5.25,5.526960413258846
14057,-0.21643286573146292,3.75,4.093514952570499
14059,1.7314629258517034,-0.25,-0.35814535693054145
14060,-0.3687374749498998,4.25,4.040904945296376
14062,-0.3286573146292585,2.5,7.234452022169463
14064,-0.1683366733466934,0.75,0.4916642973454987
14066,1.7314629258517034,-0.25,-0.3810754625714951
14067,0.10420841683366733,0.0,-0.21701997245433371
14068,2.164328657314629,-0.25,-0.2974045778977414
14071,-0.37675350701402804,1.5,0.5678985905923796
14073,-0.14428857715430862,-0.25,-0.38219058204066875
14075,-0.3687374749498998,0.25,0.20211725001200045
14076,0.6332665330661322,-0.25,-0.406095494105006
14077,-0.08016032064128256,0.75,-0.124915535238883
14078,0.4088176352705411,1.0,0.28121688335185707
14079,0.593186372745491,-0.25,-0.2167245765684599
14080,-0.14428857715430862,-0.25,-0.4600569375570023
14081,2.0200400801603204,0.0,0.1868748223009124
14082,2.5170340681362724,-0.25,-0.3591423180453655
14083,-0.3687374749498998,1.75,0.24689926631046843
14085,-0.3847695390781563,4.0,2.7713451220908123
14087,-0.3847695390781563,-0.25,-0.3523334428759744
14088,-0.32064128256513025,2.75,36.79395029225731
14089,0.04809619238476954,-0.25,-0.37649682634045123
14090,2.1963927855711423,-0.25,-0.4373705335218944
14092,-0.34468937875751504,3.0,2.5170240341477648
14093,-0.3046092184368738,-0.25,-0.17333092093359875
14096,-0.3687374749498998,3.75,47.629795106028666
14098,-0.11222444889779559,-0.25,-0.3849156090878545
14099,-0.2725450901803607,2.25,1.7986655490855654
14100,0.6973947895791583,-0.25,-0.35197896781292587
14101,0.1843687374749499,1.0,3.920065873282551
14102,-0.36072144288577157,0.75,0.32294893712867806
14104,0.8336673346693386,0.0,-0.3340632073346799
14105,1.5150300601202404,-0.25,0.44136576287833756
14107,0.008016032064128256,1.25,1.5025754828799622
14108,-0.16032064128256512,0.0,-0.05218168323960675
14109,0.17635270541082165,-0.25,-0.38724185168911074
14110,-0.37675350701402804,2.5,3.7032157534625942
14111,-0.28857715430861725,0.5,0.017930530272539612
14112,-0.22444889779559118,1.25,1.6590762232159013
14113,-0.37675350701402804,0.5,0.8653991721530299
14114,1.7875751503006012,0.0,-0.20828363912961612
14116,-0.24849699398797595,0.75,0.5274071995362285
14117,0.7454909819639278,-0.25,-0.42726799422501055
14121,-0.37675350701402804,0.5,1.559380111733494
14124,0.2725450901803607,-0.25,-0.18387655405929343
14125,-0.32064128256513025,0.25,1.5154252039154728
14126,-0.34468937875751504,0.25,0.027737673683549822
14127,0.5771543086172345,0.25,0.030381466862120274
14128,0.08016032064128256,0.0,-0.022944875435247418
14129,-0.3927855711422846,0.75,0.33622698219870556
14130,2.156312625250501,-0.25,-0.13858497985769308
14132,-0.3847695390781563,2.25,2.154514203003438
14133,0.6332665330661322,0.25,-0.04647315774509556
14135,-0.3927855711422846,3.25,2.9700136251352367
14138,-0.3927855711422846,0.0,0.2195603770728483
14139,-0.03206412825651302,-0.25,-0.18665327538650714
14140,-0.37675350701402804,0.0,0.19679273916912518
14141,-0.3847695390781563,0.5,0.18208202405261
14142,2.5891783567134268,-0.25,-0.26346359061084185
14143,0.6653306613226453,-0.25,-0.4082149595861505
14145,-0.03206412825651302,0.5,2.269844141745716
14146,-0.3366733466933868,0.75,2.601278325696119
14147,0.22444889779559118,0.0,-0.13674614046812872
14148,1.4669338677354709,-0.25,-0.37764148539821224
14149,1.3627254509018036,-0.25,-0.16390779217422455
14150,-0.12024048096192384,0.0,-0.00733320286681712
14152,0.20040080160320642,0.0,-0.034915793710283166
14154,1.5150300601202404,0.0,0.4999944613271398
14155,1.7314629258517034,-0.25,-0.4060364149278312
14156,-0.3286573146292585,13.25,86.06470646880067
14157,-0.24849699398797595,0.0,-0.17995517367431868
14158,-0.08016032064128256,-0.25,-0.11883037998988277
14159,-0.24849699398797595,2.25,2.925733781842754
14161,1.3226452905811623,0.25,0.3168490120853843
14162,0.9859719438877755,0.0,-0.28004268470550886
14163,0.2965931863727455,0.5,1.312547309497347
14164,0.16032064128256512,0.0,0.7113132931841093
14165,1.8036072144288577,-0.25,-0.40478836731001444
14167,-0.08817635270541083,0.5,-0.0782651399622632
14171,0.3847695390781563,-0.25,-0.2250768952415416
14173,-0.32064128256513025,0.5,-0.160791365578256
14174,-0.13627254509018036,-0.25,-0.3944347415101377
14175,0.07214428857715431,0.25,1.8859033390812452
14176,1.9799599198396793,0.5,-0.06769735214512798
14177,0.28857715430861725,0.5,-0.08796150991607067
14178,-0.3366733466933868,1.25,0.6880434822744007
14179,-0.08016032064128256,0.0,0.024370160584588463
14180,-0.32064128256513025,5.75,3.0130011114270214
14184,0.1282565130260521,-0.25,-0.15927746166315276
14185,2.25250501002004,-0.25,-0.34776957643922424
14188,-0.16032064128256512,1.0,1.0233916617126317
14189,-0.3847695390781563,3.25,2.943258142772217
14191,-0.3927855711422846,2.75,2.9659150072187375
14193,0.13627254509018036,0.0,0.13648766906798904
14194,-0.3687374749498998,4.75,7.8877717180593985
14195,1.2104208416833668,0.0,0.2536195227140974
14196,0.44889779559118237,-0.25,-0.2459539994756724
14198,-0.2565130260521042,0.5,0.024244617333092043
14199,1.346693386773547,-0.25,-0.35681607544410937
14201,0.08016032064128256,1.25,0.05824468379716643
14204,-0.3847695390781563,-0.25,-0.38250813261798305
14205,-0.2725450901803607,0.0,-0.14907891870335982
14206,1.5150300601202404,-0.25,-0.2513892837757503
14208,0.3527054108216433,-0.25,-0.38167363924038955
14209,-0.32064128256513025,1.0,1.0374746605716647
14210,0.4408817635270541,1.0,0.9137111692876899
14211,0.02404809619238477,1.75,1.1612972310328147
14212,0.312625250501002,-0.25,0.2968064012288469
14214,-0.16032064128256512,0.75,0.2479922310882015
14215,-0.312625250501002,1.0,0.8279577436185259
14216,-0.37675350701402804,0.5,0.8645720636725833
14217,-0.3927855711422846,3.75,0.986925039601511
14218,-0.06412825651302605,-0.25,-0.36857283170188654
14219,-0.3687374749498998,-0.25,-0.42731230360789163
14220,1.5791583166332666,0.0,-0.026711172980138292
14221,-0.06412825651302605,1.75,2.041355424022332
14222,1.0180360721442885,-0.25,0.010781949834393616
14223,0.3366733466933868,0.25,0.23820724236863192
14224,0.48096192384769537,0.5,0.2519431510617636
14226,-0.17635270541082165,0.75,1.1418675666394658
14227,-0.19238476953907815,2.0,1.9809174257725528
14229,0.008016032064128256,0.25,0.6488592180132412
14231,1.066132264529058,0.25,0.18989524523397203
14232,-0.06412825651302605,0.75,1.0187465614072662
14233,-0.008016032064128256,0.5,0.5864716069166948
14234,-0.22444889779559118,0.5,0.06317779509125884
14235,0.20040080160320642,0.75,1.8287146955760776
14236,0.24048096192384769,0.0,-0.13123700719658232
14237,2.5891783567134268,-0.25,-0.37483522448241113
14238,2.212424849699399,-0.25,-0.38528485394519674
14239,-0.056112224448897796,2.25,1.2645011686599734
14240,-0.16032064128256512,0.0,0.1637748640255813
14241,1.066132264529058,-0.25,-0.335916816518538
14242,1.4749498997995991,0.0,-0.28654877909187926
14243,-0.3366733466933868,2.0,1.4180479501371746
14245,1.3547094188376754,0.0,0.7568633387858492
14246,0.48096192384769537,0.25,0.5948460802812169
14247,1.8276553106212425,-0.25,-0.39272883026921657
14248,2.1482965931863727,-0.25,-0.2702798506773798
14250,-0.34468937875751504,0.25,0.9123892726984046
14251,-0.3927855711422846,0.75,1.6328967628303361
14256,1.6833667334669338,0.0,0.22190877436554507
14257,0.11222444889779559,0.75,1.7953792698552193
14258,-0.3286573146292585,1.75,8.86291784671169
14259,0.7294589178356713,-0.25,-0.40511330278447555
14261,0.0,0.0,0.3654637900030648
14262,-0.3366733466933868,1.5,1.43980385713178
14264,0.8336673346693386,0.0,-0.24709865853343332
14265,0.4729458917835671,0.0,-0.10219959161518787
14267,0.8977955911823647,0.25,0.6259955764466091
14270,2.25250501002004,-0.25,-0.12991511060729705
14271,1.402805611222445,-0.25,-0.4107849037932525
14272,0.1843687374749499,0.0,-0.17030311310339233
14273,0.008016032064128256,0.5,-0.08019998301473659
14276,0.3847695390781563,0.25,0.33318440457420534
14277,-0.280561122244489,0.25,2.5990628565520657
14280,1.1703406813627255,-0.25,-0.39474490719030525
14282,-0.37675350701402804,3.25,2.239743300975176
14284,-0.16032064128256512,0.0,-0.05414606588066749
14285,-0.23246492985971945,0.5,0.9167906713979243
14286,-0.21643286573146292,0.25,2.9245521982992586
14287,-0.3366733466933868,0.25,-0.3632926302418924
14288,1.3066132264529058,-0.25,-0.1786923562622082
14289,-0.3366733466933868,1.0,0.179224068856781
14290,-0.312625250501002,0.75,1.2156131495478597
14291,-0.3927855711422846,2.25,2.374008116001965
14292,-0.34468937875751504,1.75,3.1041381271162356
14293,-0.37675350701402804,0.5,0.27914172725359365
14295,-0.08016032064128256,-0.25,-0.3709950779660517
14297,-0.26452905811623245,0.5,0.4702407107225014
14298,-0.3366733466933868,10.5,37.558649006915964
14299,-0.3366733466933868,1.75,2.434837513800527
14300,-0.2565130260521042,-0.25,-0.46182931287224505
14301,0.5370741482965932,-0.25,-0.02099526258848035
14304,1.3787575150300602,-0.25,-0.21055818745084437
14305,0.1683366733466934,0.25,0.8790907714632805
14306,0.008016032064128256,0.0,1.0521632209967398
14307,0.3046092184368738,1.0,1.7185763395280316
14309,-0.3366733466933868,1.75,1.2435871399401086
14311,1.5390781563126252,-0.25,-0.2646082496686028
14312,-0.03206412825651302,1.0,0.6964105707417761
14314,0.44889779559118237,-0.25,-0.40511330278447555
14315,-0.04809619238476954,1.0,1.3385569172485352
14317,0.11222444889779559,-0.25,-0.11815096945237302
14320,1.250501002004008,0.0,-0.1408890677675087
14321,-0.32064128256513025,0.75,0.6367110622066812
14323,0.5130260521042084,0.0,-0.046901481779612515
14326,1.5390781563126252,-0.25,-0.3579607345018703
14327,0.905811623246493,-0.25,-0.2635817489651913
14329,-0.26452905811623245,1.25,3.180431499540291
14331,0.593186372745491,0.0,-0.15206241715068516
14332,-0.22444889779559118,0.25,0.12675437462844738
14333,0.13627254509018036,-0.25,-0.18711113900961152
14334,-0.2725450901803607,1.5,1.3910487661683093
14335,-0.2725450901803607,0.0,-0.15782263692522427
14336,-0.2725450901803607,0.5,0.6988623565945287
14338,0.8897795591182365,0.0,-0.0593376485748995
14339,1.5390781563126252,-0.25,-0.2651547320574693
14340,1.346693386773547,-0.25,-0.3942575039786135
14341,-0.04008016032064128,1.5,1.1065603733804
14342,-0.23246492985971945,0.5,-7.384897146838272e-06
14344,0.6172344689378757,1.5,0.16347208324256068
14345,-0.09619238476953908,-0.25,-0.41325145944029873
14346,0.561122244488978,0.0,0.2606942541807749
14348,1.6833667334669338,-0.25,-0.19126883610328524
14349,-0.32064128256513025,-0.25,-0.39514369163623486
14350,1.7955911823647295,-0.25,-0.28479117357093015
14351,0.9138276553106213,-0.25,-0.456069093097706
14352,0.8577154308617234,0.5,0.3030687940093715
14353,1.3226452905811623,-0.25,-0.4268249003961998
14354,-0.36072144288577157,0.0,-0.37290038142993776
14355,2.5250501002004007,-0.25,-0.36493946230563884
14356,0.23246492985971945,0.0,0.02411907408159571
14357,-0.056112224448897796,-0.25,-0.327483263976841
14359,-0.24849699398797595,0.25,0.17990347939429077
14360,-0.1523046092184369,0.5,1.0704113018465937
14362,-0.22444889779559118,-0.25,-0.38185087677191387
14364,0.4649298597194389,1.5,2.2514926723358064
14367,-0.3366733466933868,3.5,6.320918090413297
14368,2.156312625250501,-0.25,-0.3792661627705181
14371,1.9639278557114228,-0.25,-0.4195138522208233
14373,2.468937875751503,-0.25,-0.43720068088751707
14375,1.0821643286573146,-0.25,-0.3197734313555349
14377,1.1302605210420842,0.0,-0.03804699010054545
14379,-0.04809619238476954,0.0,-0.23666379886494138
14381,0.01603206412825651,-0.25,-0.3440549731743612
14382,-0.19238476953907815,-0.25,-0.039199034055453226
14383,-0.09619238476953908,0.25,0.42767416356808696
14385,-0.3286573146292585,0.25,-0.34447591231173136
14386,1.971943887775551,-0.25,-0.3885711331755428
14387,-0.14428857715430862,0.25,0.7820827625423247
14388,-0.32064128256513025,1.5,1.87891722638033
14389,0.12024048096192384,0.0,0.27685240913807174
14390,-0.32064128256513025,1.75,2.934758126156198
14393,1.346693386773547,-0.25,-0.4435516924338037
14395,-0.3847695390781563,1.75,2.076145674481119
14396,0.12024048096192384,0.0,-0.13335647267772682
14397,-0.3847695390781563,4.25,1.4359120163353927
14400,0.7935871743486974,-0.25,-0.06932202951743391
14401,-0.3687374749498998,2.75,2.498244240703338
14403,0.6412825651302605,0.5,0.5961384372819147
14404,-0.13627254509018036,1.0,0.5765758447399224
14406,0.5531062124248497,-0.25,-0.37797380576982026
14407,0.45691382765531063,1.0,1.0997293435195683
14408,-0.32064128256513025,1.25,1.4256248546098378
14409,0.1683366733466934,1.0,1.027150574360376
14410,0.3366733466933868,1.75,0.3188060098292981
14411,2.0841683366733466,-0.25,0.29128249816300683
14412,-0.06412825651302605,0.0,0.0749271664518892
14413,2.501002004008016,-0.25,-0.4043378885840569
14414,0.3286573146292585,1.25,0.6117722645417857
14415,-0.3927855711422846,2.75,3.8305461500684954
14416,-0.22444889779559118,0.0,-0.13170964061398038
14418,-0.37675350701402804,0.25,0.9369071312259298
14419,-0.32064128256513025,1.0,0.2830040284613936
14420,0.3927855711422846,-0.25,-0.20755253431207846
14421,0.056112224448897796,0.0,0.10674130336049743
14422,-0.40080160320641284,1.0,2.6549222185708015
14423,1.346693386773547,-0.25,-0.29788459621228636
14424,-0.26452905811623245,-0.25,-0.25587930124103203
14426,-0.21643286573146292,2.0,2.8159351310634624
14427,0.0,0.0,-0.2254092156131496
14428,-0.34468937875751504,0.75,0.41022365161009217
14431,2.0200400801603204,-0.25,-0.14637604634761456
14432,-0.3286573146292585,1.0,1.16676205492148
14434,-0.23246492985971945,1.0,0.5200666117722645
14436,0.3847695390781563,-0.25,-0.4279621745568139
14437,2.5250501002004007,-0.25,-0.447207216521492
14438,2.0521042084168335,-0.25,-0.39632527517973004
14439,2.156312625250501,-0.25,1.47156629976036
14440,-0.3366733466933868,0.75,1.2473903619707336
14441,-0.40080160320641284,0.5,0.7712195788393159
14442,1.2344689378757514,0.0,0.6803336496530945
14443,0.02404809619238477,0.5,0.5550710242483099
14446,-0.40080160320641284,0.5,0.252401014684868
14447,-0.2565130260521042,0.75,0.36530132226583417
14448,-0.3286573146292585,0.0,-0.21653995413978877
14449,-0.2565130260521042,0.5,0.1604221207209136
14450,1.0420841683366733,0.25,-0.13685691392533136
14451,0.08016032064128256,0.0,-0.01821854126126664
14452,-0.32064128256513025,0.0,-0.302426307957596
14453,1.122244488977956,-0.25,-0.40516499706450354
14456,-0.36072144288577157,1.75,1.7344981777766293
14457,2.0841683366733466,-0.25,-0.409810097369869
14459,0.8416833667334669,-0.25,0.8635529478663186
14460,0.48096192384769537,0.25,-0.17297644587055022
14461,0.7855711422845691,0.25,1.0593561108177667
14462,0.1282565130260521,2.25,0.9688985056660625
14463,0.3847695390781563,0.25,-0.10261314585541115
14465,1.5711422845691383,0.25,0.2731451907703556
14466,-0.1683366733466934,1.25,1.1844119591024398
14467,-0.26452905811623245,0.5,-0.053400191268836154
14470,-0.312625250501002,0.0,-0.1531479970312714
14472,0.4248496993987976,1.5,0.874445671157915
14473,0.19238476953907815,0.0,-0.32067438880745
14474,-0.03206412825651302,-0.25,-0.08929079140250282
14475,0.1683366733466934,0.25,0.18999863379402784
14476,1.6593186372745492,-0.25,-0.35120355361250716
14477,-0.24849699398797595,0.5,0.4733940618042042
14479,1.6272545090180361,0.0,-0.2601846962776427
14480,-0.312625250501002,-0.25,-0.28765651366390604
14481,0.9138276553106213,0.0,-0.023675980252785077
14482,-0.2565130260521042,1.0,1.0000923112143356
14483,1.8517034068136273,-0.25,-0.3924851286633706
14484,0.0,-0.25,-0.25599745959538156
14485,-0.09619238476953908,-0.25,-0.373505942995979
14487,-0.19238476953907815,1.0,0.3669629241238743
14488,0.13627254509018036,-0.25,0.292227764997803
14489,1.2585170340681362,-0.25,-0.15153070455611237
14491,1.002004008016032,0.0,-0.24195877011922923
14493,-0.34468937875751504,0.75,1.2662661590780697
14494,-0.20040080160320642,-0.25,-0.39066844396524675
14495,0.0,0.0,-0.40230704186867444
14496,2.092184368737475,0.0,-0.09582642537746057
14497,2.0761523046092183,-0.25,-0.1426762128770452
14498,-0.06412825651302605,0.75,0.9517286197996478
14499,-0.19238476953907815,0.25,0.10329255639292086
14500,0.3046092184368738,0.25,-0.230202013861452
14501,1.066132264529058,0.0,-0.30821606732072243
14502,-0.24849699398797595,2.25,1.3006723948852204
14503,-0.37675350701402804,1.0,2.122928997906382
14504,-0.02404809619238477,0.5,0.003463516761870256
14505,-0.26452905811623245,1.5,3.833396720367178
14506,-0.26452905811623245,0.75,0.9541877905495473
14507,-0.21643286573146292,1.0,0.516433242376017
14508,-0.22444889779559118,0.0,-0.2957799005254355
14511,-0.312625250501002,0.75,0.4772415932177105
14512,1.0981963927855711,0.0,-0.2904406198882666
14513,0.40080160320641284,0.25,-0.15728353943350457
14514,0.08817635270541083,0.25,0.23752044693397537
14515,-0.26452905811623245,1.0,1.0400298349844732
14517,-0.13627254509018036,0.0,-0.2496981423291228
14518,0.11222444889779559,-0.25,-0.36496161699707935
14520,-0.3927855711422846,0.0,-0.29389675175299
14522,-0.20841683366733466,0.5,0.22595569800201604
14523,0.4649298597194389,-0.25,-0.3156895832333296
14524,-0.1523046092184369,1.75,0.8679174220801039
14525,-0.24849699398797595,1.75,2.619666719591763
14527,-0.3847695390781563,13.25,5.788695937937325
14528,-0.10420841683366733,-0.25,-0.22475934466422728
14529,0.08016032064128256,0.25,-0.06643453473301754
14530,-0.20040080160320642,1.0,1.6199067287490356
14532,1.4909819639278556,0.5,0.19516806179681934
14533,-0.20841683366733466,1.25,0.9461160979680457
14534,-0.3847695390781563,4.0,2.7536287538355313
14535,0.08016032064128256,0.25,1.6145379085232794
14536,1.6753507014028055,-0.25,-0.3674872518213004
14537,0.056112224448897796,-0.25,-0.231154665593395
14538,0.11222444889779559,0.0,-0.20701343682035875
14539,-0.280561122244489,0.0,-0.09680861669799098
14540,-0.3286573146292585,0.25,0.20979754304471923
14541,0.06412825651302605,1.5,0.5795519582901009
14542,1.0821643286573146,-0.25,-0.41748300550544093
14543,-0.17635270541082165,3.5,2.1646315120946156
14544,-0.20841683366733466,0.0,0.9864228665955257
14546,-0.36072144288577157,0.75,1.4070887627712565
14547,-0.37675350701402804,1.5,2.4415799248955965
14548,0.8016032064128257,0.0,-0.011645982800574618
14549,2.092184368737475,-0.25,-0.28013130347127096
14550,-0.32064128256513025,0.0,0.06557788666398347
14551,-0.2565130260521042,0.0,-0.3562031289809212
14552,0.8096192384769539,-0.25,-0.372457287601127
14553,-0.24849699398797595,0.75,0.14082998859033388
14554,-0.32064128256513025,0.5,1.189647851179553
14555,0.056112224448897796,0.0,-0.26292449311912214
14557,0.280561122244489,-0.25,0.08847845271634977
14560,-0.34468937875751504,5.0,1.1588380602829154
14561,0.20040080160320642,0.25,0.30439807549580356
14562,-0.37675350701402804,4.0,3.2037160802442934
14565,0.36072144288577157,0.5,1.7949361760264084
14566,0.48096192384769537,-0.25,0.563785202881587
14567,0.04809619238476954,0.0,0.6364230512179543
14569,-0.3927855711422846,-0.25,-0.32580689232450727
14570,1.843687374749499,0.0,-0.3326970013625136
14572,-0.37675350701402804,1.25,1.5773918758746488
14573,1.034068136272545,1.75,0.7172581353873194
14576,2.5811623246492985,-0.25,-0.4675895326467842
14577,-0.3046092184368738,0.5,0.1411549240647951
14578,-0.37675350701402804,-0.25,-0.3692005479593684
14581,-0.2725450901803607,-0.25,-0.39137739409134387
14582,-0.08016032064128256,-0.25,-0.4094630072039673
14583,-0.36072144288577157,0.75,0.23512774025839758
14584,0.9539078156312625,0.5,0.2691721161053529
14585,0.0,-0.25,-0.37775225885541486
14586,1.811623246492986,-0.25,-0.3184441498691028
14587,-0.2565130260521042,1.75,0.6732958426721513
14589,2.5731462925851702,-0.25,-0.4643771023879066
14591,-0.280561122244489,0.5,0.4812294376770068
14592,-0.12024048096192384,0.25,-0.0816991171355461
14593,-0.23246492985971945,0.25,-0.03797314112907699
14594,-0.34468937875751504,0.0,-0.22541660051029647
14595,-0.24849699398797595,1.0,0.7916831288332234
14597,-0.312625250501002,0.0,0.14597726190168486
14598,-0.04809619238476954,-0.25,-0.3298095065780972
14600,2.0440881763527052,-0.25,-0.20326190906976146
14601,-0.32064128256513025,-0.25,-0.33572480919272
14603,1.7955911823647295,-0.25,-0.006328856854846192
14606,-0.3927855711422846,22.75,8.424380499440595
14607,-0.280561122244489,3.0,11.47681696163177
14608,-0.3687374749498998,0.5,0.8245828456224177
14609,0.17635270541082165,0.5,-0.049486195781008345
14616,1.5390781563126252,0.25,-0.19384616520753412
14618,-0.3286573146292585,0.25,-0.08502232085162635
14619,1.56312625250501,-0.25,-0.2024421854864617
14620,1.2424849699398797,0.0,-0.18889828411914797
14621,-0.3927855711422846,0.75,0.826953397606555
14622,1.0741482965931863,-0.25,-0.25698703581305876
14623,-0.14428857715430862,0.75,0.16108676146412973
14624,0.056112224448897796,0.0,-0.32694416648512137
14625,1.1703406813627255,0.0,0.17063543347500026
14626,-0.21643286573146292,0.5,1.5675921173607856
14628,0.3286573146292585,0.0,0.002503480132780441
14629,-0.3687374749498998,0.0,0.21171761630289893
14631,0.0,0.25,0.24991230434638123
14632,1.6993987975951903,-0.25,-0.4091306868323592
14633,1.7314629258517034,-0.25,-0.23902696595193176
14636,-0.11222444889779559,0.0,-0.04336411604627379
14638,0.0,-0.25,-0.16613803111257172
14639,0.01603206412825651,1.0,1.7102831000321246
14640,-0.20841683366733466,1.0,1.0625463863852038
14641,-0.23246492985971945,-0.25,-0.41215849466256566
14642,0.06412825651302605,-0.25,-0.4227484371711414
14643,0.9619238476953907,0.0,0.01863948039863676
14644,0.13627254509018036,0.0,0.11977564682467882
14645,0.8496993987975952,0.0,-0.05278724480564799
14646,-0.3927855711422846,17.75,206.43553169413238
14647,1.2104208416833668,-0.25,-0.3194189562924863
14649,-0.3687374749498998,0.5,0.5420662203727158
14651,0.13627254509018036,0.0,-0.01094441757162431
14652,0.21643286573146292,-0.25,-0.4094113129239394
14653,-0.3927855711422846,1.25,0.9290791402502743
14655,-0.3366733466933868,0.5,0.9331999128582137
14656,0.9539078156312625,0.0,-0.27879463708769203
14657,-0.26452905811623245,0.5,0.1326696772430702
14658,-0.36072144288577157,0.0,-0.31121433556234157
14659,-0.3366733466933868,1.75,1.3745952153251386
14660,0.28857715430861725,0.0,-0.2827160174726667
14661,-0.19238476953907815,-0.25,-0.41401210384642373
14662,-0.17635270541082165,0.5,0.05376205122903148
14664,-0.24849699398797595,0.0,-0.02387537247574988
14665,0.08016032064128256,0.75,0.8619135006997192
14666,-0.20841683366733466,-0.25,-0.349541951754467
14667,-0.32064128256513025,5.75,6.28194060327225
14669,1.531062124248497,0.25,0.4362037197726929
14670,1.843687374749499,0.0,-0.2036089992356632
14672,1.4749498997995991,0.0,0.07161873253010272
14673,-0.37675350701402804,0.75,0.7885814720315484
14675,-0.2725450901803607,-0.25,-0.05332634229736769
14676,-0.1523046092184369,1.0,1.388116962001012
14680,-0.20040080160320642,3.5,20.74088242136008
14681,0.1683366733466934,0.25,-0.12526262540478475
14682,1.0981963927855711,0.0,-0.4553306033830215
14684,-0.20040080160320642,0.75,0.39357070854395676
14687,0.44889779559118237,-0.25,-0.02967990163317005
14688,-0.34468937875751504,4.75,3.626375898649673
14689,1.2665330661322645,-0.25,-0.4104304287302039
14690,-0.04809619238476954,0.0,-0.2315312953478841
14691,-0.16032064128256512,0.75,1.067678889902261
14692,0.6973947895791583,0.5,-0.05687847782500017
14693,1.7154308617234468,-0.25,-0.3660471968776656
14696,-0.3687374749498998,1.25,1.0415511237967232
14697,1.346693386773547,0.0,-0.3544455234599721
14698,-0.3927855711422846,0.75,0.40520930644738445
14699,1.314629258517034,-0.25,-0.41314068598309606
14700,-0.14428857715430862,0.25,1.1273267041573278
14701,-0.32064128256513025,1.75,1.3717594148207504
14702,-0.3927855711422846,3.75,1.9076814007672909
14703,-0.28857715430861725,-0.25,-0.25876679602544844
14704,-0.312625250501002,1.75,0.6095420256034385
14705,1.186372745490982,-0.25,-0.36154240961809014
14708,-0.3847695390781563,0.25,0.33808059138256363
14709,-0.280561122244489,2.75,3.140405357004391
14710,-0.28857715430861725,0.5,-0.05102225438755205
14711,-0.32064128256513025,2.25,1.6032980950657811
14712,-0.1683366733466934,0.25,0.18351469409909796
14713,-0.3286573146292585,2.25,1.472275249886457
14714,-0.20841683366733466,-0.25,-0.3754334011513056
14715,-0.20841683366733466,0.5,0.14681914017642517
14716,-0.056112224448897796,0.0,-0.2666390963839852
14719,-0.3927855711422846,0.75,0.6744405017299122
14720,-0.36072144288577157,0.25,-0.003515211041898292
14722,0.7775551102204409,-0.25,-0.3604937542232382
14723,-0.32064128256513025,1.0,0.3351192476266786
14725,-0.20841683366733466,-0.25,-0.009592981393751646
14727,1.7955911823647295,-0.25,-0.29538850097665276
14729,2.5891783567134268,-0.25,-0.2622229278901719
14730,-0.3927855711422846,1.5,0.9076038593472491
14731,-0.02404809619238477,0.25,-0.2130912071722122
14732,-0.3366733466933868,1.5,1.502029000491096
14733,-0.2725450901803607,2.5,6.5853638723446695
14735,-0.37675350701402804,7.5,3.985717608918003
14737,-0.37675350701402804,0.25,0.36627612868921766
14738,-0.06412825651302605,1.25,0.4769757369204241
14739,-0.3687374749498998,1.25,2.3880615752724106
14740,1.1783567134268538,0.25,0.5757561211566227
14741,-0.312625250501002,1.0,0.5404046185146758
14744,-0.2725450901803607,1.25,0.31859184781203964
14745,0.4969939879759519,0.75,0.4074173906942911
14747,1.595190380761523,-0.25,-0.2513597441871629
14748,-0.1683366733466934,0.75,0.5517847450179638
14752,-0.056112224448897796,-0.25,-0.20598693611694727
14753,0.2965931863727455,-0.25,-0.07785158572203993
14754,-0.04809619238476954,0.0,-0.022538706092170974
14755,-0.3286573146292585,2.25,3.2063081791428356
14756,-0.280561122244489,-0.25,0.05198229101664186
14757,0.20040080160320642,-0.25,-0.18319714352178368
14758,0.7535070140280561,0.5,0.6022309774280619
14759,-0.3687374749498998,0.25,0.7070300528389392
14760,1.9799599198396793,-0.25,-0.4278587859967581
14761,0.06412825651302605,0.0,-0.3047525505588522
14762,1.7074148296593186,-0.25,-0.27180113948962986
14764,-0.03206412825651302,-0.25,-0.2882103809499194
14765,-0.1683366733466934,0.25,-0.3060744471481374
14766,-0.3366733466933868,1.0,1.3328262370625834
14768,-0.26452905811623245,0.0,-0.35149894949838095
14769,-0.3847695390781563,1.5,7.199100519527516
14770,1.4589178356713426,0.0,0.1534950871971731
14772,0.4969939879759519,-0.25,-0.39088999087965215
14775,0.06412825651302605,0.25,0.25354567374262893
14776,0.008016032064128256,2.25,1.3807763742370478
14778,0.6172344689378757,0.0,0.046000524327697405
14779,1.843687374749499,0.25,-0.20856426522119623
14780,0.03206412825651302,0.0,-0.16312499307665898
14782,2.156312625250501,-0.25,-0.3459602766382472
14784,-0.19238476953907815,0.0,-0.2795774361852576
14785,-0.32064128256513025,0.0,-0.43657296463003525
14788,-0.34468937875751504,0.0,0.008027383198620506
14789,-0.17635270541082165,-0.25,-0.3477769613363711
14790,-0.2725450901803607,0.5,0.05648707827621724
14792,0.10420841683366733,-0.25,-0.4891534323155715
14793,-0.23246492985971945,-0.25,-0.32462530878101203
14794,-0.3847695390781563,1.25,0.48100789076260153
14795,0.9298597194388778,-0.25,-0.396657595551338
14796,-0.3927855711422846,3.75,5.3960852660224585
14798,0.01603206412825651,0.25,-0.3654268655173306
14799,0.008016032064128256,-0.25,-0.37727224054087
14800,-0.02404809619238477,2.5,2.7052502926265496
14801,0.08817635270541083,-0.25,-0.3539064259682524
14803,0.8977955911823647,0.25,0.1306979097048626
14804,-0.3366733466933868,-0.25,-0.23284580704002253
14805,-0.280561122244489,0.5,-0.09022128844300528
14806,0.20040080160320642,-0.25,-0.3509155426237802
14808,-0.08817635270541083,1.5,1.513926069794663
14810,-0.08016032064128256,2.25,1.0462626881764103
14813,2.5571142284569137,0.0,-0.38083176096564925
14815,-0.11222444889779559,0.0,0.08118217433526692
14816,1.1783567134268538,-0.25,-0.2929736396096344
14817,1.2024048096192386,0.0,0.32624260125617094
14818,0.1843687374749499,0.25,-0.007953534227152123
14819,0.11222444889779559,0.0,-0.29281117187240385
14820,-0.23246492985971945,0.5,-0.119103621184316
14821,2.533066132264529,-0.25,-0.4576937704700119
14823,1.0420841683366733,0.25,-0.25635931955557695
14824,-0.32064128256513025,0.5,0.3390701676002408
14825,-0.37675350701402804,2.5,1.1464609726648034
14828,1.1703406813627255,0.25,1.0864586833466878
14829,-0.1683366733466934,0.5,0.021401431931556705
14830,0.02404809619238477,-0.25,-0.35424613123700727
14834,-0.26452905811623245,1.0,0.776691787625128
14836,-0.32064128256513025,0.25,-0.4180737972771885
14837,0.312625250501002,0.5,0.7244067158254655
14840,1.7394789579158316,-0.25,-0.44731798997869465
14841,0.02404809619238477,1.0,1.9401527935219687
14842,-0.056112224448897796,0.5,1.5922724436255415
14844,0.10420841683366733,0.5,1.8619098082511458
14847,0.7855711422845691,-0.25,-0.26524335082323147
14849,-0.23246492985971945,5.75,5.36289015334739
14850,2.092184368737475,-0.25,-0.25316904398813994
14851,-0.21643286573146292,0.0,-0.11610535294269693
14852,0.06412825651302605,1.0,1.6011343202017556
14853,-0.20841683366733466,0.0,-0.14235866229973088
14854,0.22444889779559118,1.25,1.529751904380352
14855,0.5531062124248497,0.0,-0.01692618426056877
14856,-0.11222444889779559,0.25,0.4593110629451708
14857,0.07214428857715431,0.0,0.37260498554406396
14859,-0.3046092184368738,0.5,0.505990997810378
14860,-0.24849699398797595,-0.25,-0.3679525003415516
14861,0.01603206412825651,-0.25,-0.4008374473364523
14862,-0.20040080160320642,0.0,0.12748547944598504
14863,-0.1683366733466934,-0.25,-0.29673255225737855
14865,-0.34468937875751504,0.0,-0.45518290544008455
14866,-0.32064128256513025,2.5,10.133061076791854
14867,1.0821643286573146,0.25,0.03080240599949039
14868,-0.37675350701402804,1.5,1.6874637678483735
14869,-0.3366733466933868,0.0,0.039051336112516294
14870,1.691382765531062,-0.25,-0.2520613094161132
14871,-0.37675350701402804,0.5,-0.12354194436956983
14873,1.282565130260521,-0.25,-0.1099537336193751
14875,0.45691382765531063,0.0,0.5883916801748744
14878,-0.3046092184368738,1.75,0.5963452144020264
14880,0.21643286573146292,0.25,0.01626154351735265
14881,-0.24849699398797595,-0.25,-0.30512179541619444
14882,-0.19238476953907815,0.0,-0.05824468379716643
14883,-0.2565130260521042,1.0,0.06869431325995207
14885,0.6492985971943888,-0.25,0.07144887989572518
14886,1.6192384769539079,-0.25,-0.22433102062971025
14887,0.23246492985971945,-0.25,0.8813357801959213
14888,1.2585170340681362,-0.25,-0.22108166588509848
14889,2.2925851703406814,-0.25,-0.39337131632099204
14890,1.6272545090180361,-0.25,-0.4009408358965082
14891,0.7855711422845691,0.0,-0.08432814051982296
14893,-0.3286573146292585,0.0,0.42040742477559156
14894,0.280561122244489,-0.25,-0.009467438142255312
14895,-0.34468937875751504,4.5,7.73209070130676
14896,1.2344689378757514,0.0,-0.14755024499396288
14897,-0.34468937875751504,0.5,0.5153255078039902
14898,-0.21643286573146292,1.0,0.44364031119956576
14901,-0.312625250501002,1.75,0.5558759780373159
14902,-0.20040080160320642,-0.25,-0.24806608005967004
14903,-0.23246492985971945,0.75,1.5705903856024046
14904,-0.3847695390781563,0.0,0.2635448244794571
14905,0.8577154308617234,0.0,-0.03871163084376148
14907,-0.37675350701402804,1.25,2.0917942715352833
14908,0.19238476953907815,-0.25,-0.28857962580726165
14910,-0.3847695390781563,0.5,-0.17296906097340334
14911,-0.3927855711422846,49.75,105.6354888617289
14912,-0.2725450901803607,0.0,0.1471662303423269
14913,-0.12024048096192384,0.5,0.412712361948579
14915,0.3286573146292585,0.0,-0.2666612510754257
14916,0.16032064128256512,0.5,0.44339660959371996
14918,0.5210420841683366,0.0,0.6953471455526304
14920,1.2985971943887775,0.0,0.228341019780447
14921,-0.16032064128256512,0.0,0.47817209025821295
14923,0.0,-0.25,0.059470576723542674
14924,1.56312625250501,-0.25,-0.26476333250868656
14929,-0.14428857715430862,-0.25,-0.32839899122304983
14930,0.4649298597194389,0.25,1.251289587664268
14931,-0.3687374749498998,0.75,0.43505167581778514
14932,2.5250501002004007,-0.25,-0.2252689025673596
14934,0.24849699398797595,0.0,0.9027076725388907
14935,1.9799599198396793,-0.25,0.8242579101479565
14936,-0.13627254509018036,1.5,5.515373509635446
14937,0.04809619238476954,0.25,0.7040096299058797
14944,-0.1683366733466934,2.5,3.8635418705205993
14946,-0.28857715430861725,-0.25,-0.41921845633494953
14947,0.17635270541082165,0.0,-0.2789644897220695
14948,-0.21643286573146292,1.0,0.32006144234426176
14950,-0.24849699398797595,-0.25,-0.21960468645572948
14951,0.23246492985971945,-0.25,-0.263552209376604
14952,0.07214428857715431,2.25,5.487657990643336
14953,-0.20040080160320642,-0.25,-0.28276771175269466
14954,-0.3046092184368738,-0.25,-0.2759883761718909
14957,1.6272545090180361,-0.25,-0.4505378051347191
14958,0.7775551102204409,0.25,-0.1365024388622828
14959,0.11222444889779559,0.5,0.01982844883927873
14960,-0.3366733466933868,0.0,-0.3303264493783764
14961,-0.32064128256513025,1.75,4.70869165469698
14962,1.7635270541082164,-0.25,-0.4001654216960894
14963,-0.3286573146292585,0.75,0.5935758779719595
14964,1.5791583166332666,-0.25,-0.3414481044815249
14965,0.3687374749498998,0.0,-0.05352573452033249
14966,-0.28857715430861725,-0.25,-0.3585736809650585
14967,-0.008016032064128256,-0.25,-0.15122053887594486
14968,-0.16032064128256512,-0.25,-0.3847383715563302
14970,0.14428857715430862,0.5,0.6819878666139878
14971,-0.12024048096192384,0.25,0.3171148683826706
14972,0.625250501002004,-0.25,-0.4089756039922755
14973,0.45691382765531063,0.25,0.4769757369204241
14974,-0.10420841683366733,-0.25,-0.42731230360789163
14975,0.056112224448897796,-0.25,-0.2869992578178368
14976,0.056112224448897796,1.25,0.09030990720876733
14978,0.17635270541082165,0.75,0.9251799145567403
14981,1.5711422845691383,-0.25,-0.41831749888303443
14984,-0.24849699398797595,0.0,-0.3442839049859134
14985,1.186372745490982,0.0,-0.2780856869615949
14987,-0.280561122244489,0.0,-0.252689025673595
14988,1.2905811623246493,-0.25,-0.24667771939606317
14995,-0.09619238476953908,0.0,-0.3224172245341054
14997,-0.03206412825651302,0.25,-0.09036898638594221
14998,0.9619238476953907,0.0,-0.1873548406154574
15000,-0.02404809619238477,-0.25,-0.13148809369957506
15002,0.5210420841683366,0.5,0.7186908054338074
15004,0.7775551102204409,-0.25,0.4077940204487802
15005,-0.280561122244489,6.5,4.155333926586739
15006,0.008016032064128256,-0.25,-0.1389763794064759
15007,0.87374749498998,-0.25,-0.37785564741547073
15009,-0.3046092184368738,0.25,0.436344032818483
15010,-0.12024048096192384,-0.25,-0.26558305609198635
15012,0.02404809619238477,0.0,-0.194614194510806
15014,-0.056112224448897796,0.0,-0.3034454237638606
15016,0.9779559118236473,-0.25,-0.36815927746166327
15017,-0.13627254509018036,-0.25,-0.400992530176536
15018,-0.09619238476953908,0.25,-0.12728608722302026
15019,1.7314629258517034,-0.25,-0.30703448377722725
15021,-0.3366733466933868,1.75,0.8885508247083889
15022,-0.312625250501002,0.5,0.13574917935330452
15023,-0.37675350701402804,2.25,4.469221594916237
15024,-0.3286573146292585,2.0,0.7147546552545391
15025,-0.13627254509018036,-0.25,-0.22642833141941424
15026,0.24048096192384769,0.25,-0.14738039235958547
15027,-0.16032064128256512,0.5,0.2936087407642631
15028,-0.3366733466933868,0.5,-0.030603013776525672
15030,0.1683366733466934,0.0,-0.11098761921993339
15031,-0.3687374749498998,0.5,-0.011357971811847589
15032,1.651302605210421,0.25,3.1685122755452833
15033,-0.3687374749498998,2.0,1.3947190600502912
15034,-0.280561122244489,1.5,2.662691130369282
15035,0.312625250501002,-0.25,-0.30709356295440204
15036,0.17635270541082165,0.25,-0.1765064267067421
15038,0.06412825651302605,1.0,0.012679868401132815
15039,-0.3286573146292585,11.25,14.103691340838854
15041,0.9619238476953907,-0.25,-0.36085561418343354
15042,1.1943887775551103,-0.25,-0.3933491616295515
15043,-0.1523046092184369,-0.25,-0.09716309176103954
15044,-0.24849699398797595,3.75,5.144437510846569
15045,0.8096192384769539,0.0,0.04954527495818297
15046,-0.3286573146292585,3.25,3.2654907448776513
15047,1.7555110220440882,-0.25,-0.23997223278672794
15048,0.12024048096192384,0.5,-0.21236748725182136
15049,1.7875751503006012,-0.25,-0.40424926981829473
15050,-0.20040080160320642,0.25,0.7895341237634913
15051,-0.21643286573146292,0.25,0.5278650631593328
15052,2.156312625250501,-0.25,-0.34032560011520446
15053,-0.3687374749498998,0.25,0.018742868958692576
15054,-0.3046092184368738,0.0,-0.27063432574042834
15057,1.8036072144288577,0.0,0.6062483614759456
15058,-0.20040080160320642,2.25,1.0589720961661306
15059,-0.08016032064128256,1.75,0.49416039258113237
15060,-0.3366733466933868,0.5,-0.2764314700007017
15061,-0.37675350701402804,11.5,39.7791694206179
15062,0.1683366733466934,0.5,0.23579238100161362
15063,1.3066132264529058,-0.25,-0.2199000823416033
15065,-0.10420841683366733,0.5,1.838514454089941
15066,0.02404809619238477,-0.25,0.16617495559830592
15067,0.22444889779559118,0.25,0.7947552460463109
15068,-0.03206412825651302,0.0,-0.08508140002880114
15069,1.034068136272545,-0.25,0.32564442458727655
15070,2.5811623246492985,-0.25,-0.41530446084712164
15071,0.34468937875751504,0.0,0.2315165255535904
15073,-0.3286573146292585,0.25,0.2768154846523376
15074,0.4408817635270541,-0.25,0.049552659855329806
15075,0.21643286573146292,-0.25,0.0771426355959427
15076,0.9779559118236473,-0.25,0.1567665966332254
15078,-0.34468937875751504,7.5,6.701454455493073
15079,1.2985971943887775,0.5,0.1676667048219686
15081,-0.22444889779559118,0.75,-0.1209424605738804
15083,1.651302605210421,-0.25,-0.4285972757114426
15087,1.8517034068136273,-0.25,-0.2670600355213554
15088,-0.23246492985971945,0.0,0.3629676947674311
15089,-0.32064128256513025,1.0,1.2940333723502069
15090,2.06813627254509,-0.25,-0.21213117054312233
15091,0.13627254509018036,-0.25,-0.13873267780063
15092,1.3226452905811623,0.0,-0.155644092266905
15093,-0.2565130260521042,1.0,2.9011199196523196
15095,0.4248496993987976,0.5,0.5184419343999588
15096,-0.06412825651302605,-0.25,-0.3317148100419832
15097,-0.3687374749498998,-0.25,-0.3105275401276849
15098,1.0581162324649298,0.25,28.984192627657183
15099,0.2725450901803607,-0.25,-0.19059681046292234
15100,2.2685370741482966,0.25,0.15318492151700555
15101,-0.3366733466933868,0.0,-0.2592394294428465
15103,-0.1523046092184369,0.0,0.025692057173873687
15104,1.1703406813627255,0.0,0.23998700258102154
15105,-0.2565130260521042,1.25,1.2040040912330192
15106,-0.26452905811623245,0.75,0.5567843203863778
15107,2.092184368737475,1.0,-0.25778460470491804
15108,0.7294589178356713,0.5,0.46648918297190417
15109,1.56312625250501,-0.25,-0.13560148141036774
15110,-0.21643286573146292,0.5,0.2418775362506139
15111,-0.1683366733466934,0.25,0.6638357894270428
15113,-0.3286573146292585,0.25,2.0979458908586053
15114,-0.16032064128256512,2.0,1.5449130982228245
15115,-0.2565130260521042,-0.25,-0.24256433168527053
15116,-0.26452905811623245,0.5,0.5052598929928404
15117,-0.28857715430861725,0.75,0.6522415009064961
15118,0.6733466933867736,-0.25,-0.3129497863918501
15119,1.56312625250501,-0.25,-0.29699840855466497
15120,0.6653306613226453,-0.25,-0.22874718912352357
15121,0.0,0.0,-0.1557105563412266
15122,0.5130260521042084,0.25,0.7127976575106251
15123,-0.34468937875751504,0.0,1.1304357458561496
15124,-0.22444889779559118,0.0,-0.3577096479988776
15125,-0.20040080160320642,3.25,8.019931837399335
15127,0.12024048096192384,-0.25,-0.1935138448359261
15128,0.08016032064128256,0.5,0.5925863017542824
15129,0.0,2.25,2.0521373738567257
15130,0.9539078156312625,-0.25,-0.2499492288321155
15132,-0.2565130260521042,0.75,0.22845917813479658
15133,0.6172344689378757,0.25,0.23177499695372988
15134,-0.28857715430861725,1.5,0.5312842705383222
15135,1.5150300601202404,-0.25,-0.3910450737197358
15136,-0.3847695390781563,0.5,0.45648264733792926
15139,1.5150300601202404,0.0,-0.3615719492066775
15140,0.01603206412825651,1.25,1.2448573422493658
15142,-0.03206412825651302,-0.25,-0.12541770824486848
15143,1.402805611222445,-0.25,-0.3021309120717222
15144,-0.3366733466933868,3.75,4.365855189551849
15145,-0.3687374749498998,0.5,0.3885637482783959
15146,0.9138276553106213,0.0,0.4863619411940641
15147,1.5230460921843687,-0.25,-0.0332837314408304
15148,-0.32064128256513025,-0.25,-0.2712325024093228
15149,0.6653306613226453,-0.25,-0.10912662513892839
15150,-0.26452905811623245,2.0,3.413860713454914
15152,-0.3286573146292585,2.75,3.0109111855344635
15153,-0.1523046092184369,-0.25,-0.2505843299867442
15154,0.20040080160320642,-0.25,-0.3059489038966411
15156,-0.3927855711422846,0.25,0.21631840722538337
15157,-0.37675350701402804,0.25,0.9360357133626023
15158,-0.04008016032064128,-0.25,-0.19730229707225758
15159,-0.3927855711422846,7.0,13.272462087784277
15160,2.4609218436873745,-0.25,-0.3769325352721151
15163,-0.2565130260521042,0.0,-0.268884105116626
15164,0.14428857715430862,0.25,0.11521178038792866
15165,2.5891783567134268,-0.25,-0.13353371020925112
15167,2.164328657314629,-0.25,-0.376459901854717
15168,-0.20040080160320642,-0.25,-0.4150386045498352
15171,2.25250501002004,-0.25,0.4585504185390458
15172,-0.3366733466933868,0.75,0.7056121525867449
15174,2.1803607214428857,-0.25,-0.3934820897781947
15175,0.1683366733466934,-0.25,-0.32820698389723185
15178,1.6833667334669338,-0.25,-0.4638232351018932
15179,-0.2565130260521042,0.75,1.1360778072763393
15180,2.541082164328657,-0.25,-0.42911421851172177
15181,0.1282565130260521,0.25,0.015441819934052848
15182,0.8336673346693386,0.0,-0.03376374975537531
15184,-0.1683366733466934,0.0,-0.19671150530051001
15185,0.16032064128256512,-0.25,-0.2643423933713164
15186,-0.28857715430861725,0.0,-0.18991001502826574
15187,-0.3927855711422846,3.5,3.0341662266498792
15189,-0.3927855711422846,9.75,11.488551563198104
15192,0.5531062124248497,0.25,0.27748751029270036
15193,0.08016032064128256,-0.25,-0.12498938421035147
15194,-0.37675350701402804,3.25,5.13099699803931
15195,-0.3847695390781563,-0.25,2.3575767198502344
15197,-0.32064128256513025,0.25,0.3035488123239163
15198,0.3366733466933868,0.0,-0.3507309201951091
15199,0.07214428857715431,0.5,0.44318983247360827
15201,0.2965931863727455,0.75,0.41944000324935476
15203,-0.20040080160320642,1.0,0.8560794319537116
15204,2.4609218436873745,-0.25,-0.2599409946717968
15205,0.280561122244489,0.0,-0.011321047326113397
15206,-0.32064128256513025,0.5,-0.18334484146472055
15208,-0.3927855711422846,0.75,0.1488426019946607
15210,1.402805611222445,-0.25,-0.2491590448374031
15211,0.08016032064128256,0.0,0.16678051716434725
15212,1.531062124248497,-0.25,-0.4185538155917335
15213,2.1482965931863727,0.0,-0.2512489707299602
15214,-0.3927855711422846,1.5,0.7332242830187984
15215,-0.03206412825651302,0.25,0.049013562363610194
15216,0.2965931863727455,-0.25,-0.4223939621080928
15218,-0.32064128256513025,2.25,3.7576719850234297
15219,1.0100200400801602,-0.25,-0.2679388382818299
15220,0.008016032064128256,1.0,0.8200115942885206
15221,2.533066132264529,-0.25,-0.19593609110009128
15222,2.1482965931863727,-0.25,-0.06171558545618361
15223,1.402805611222445,0.0,0.06438153332619458
15224,2.468937875751503,0.0,-0.25587930124103203
15225,1.4749498997995991,-0.25,-0.19139437935478157
15226,2.0841683366733466,-0.25,-0.379701871702182
15227,-0.11222444889779559,0.75,0.40678228953966256
15228,0.1282565130260521,0.5,2.0073184330725238
15230,1.5150300601202404,0.0,-0.1764768871181547
15232,0.5050100200400801,0.0,-0.041732053776821106
15234,1.811623246492986,-0.25,-0.34824959475376915
15235,1.3386773547094188,2.5,1.1660309501039428
15236,1.9879759519038076,-0.25,-0.2566399456471571
15237,-0.3927855711422846,0.5,0.5492517252965959
15238,-0.1683366733466934,0.25,0.29792152069802047
15239,-0.32064128256513025,0.0,0.08272561783895754
15240,-0.04809619238476954,0.75,0.7665523238425098
15241,0.1282565130260521,1.5,0.8033808059138257
15243,0.19238476953907815,-0.25,-0.2598671457003283
15244,0.12024048096192384,0.0,-0.027324119443326456
15245,0.6733466933867736,0.25,1.3641898952452343
15246,1.5070140280561122,0.0,-0.11403758174158037
15247,0.5771543086172345,-0.25,-0.23082973011893385
15249,-0.1523046092184369,2.75,4.4456268485320685
15251,-0.3286573146292585,2.25,7.249325205023208
15252,-0.11222444889779559,0.0,0.0533263422973676
15253,-0.2725450901803607,0.75,0.18434918747669143
15254,0.6172344689378757,-0.25,-0.27191929784397934
15255,0.1282565130260521,-0.25,0.16415149378007038
15256,0.7855711422845691,-0.25,-0.42102775613592647
15257,1.8677354709418839,-0.25,-0.25952005553442664
15258,0.9458917835671342,0.0,-0.03353481794382315
15260,0.40080160320641284,1.25,0.8435029521126345
15261,0.6813627254509018,-0.25,-0.3055501194507114
15262,2.188376753507014,-0.25,-0.3615793341038243
15263,0.44889779559118237,-0.25,-0.3781510433013445
15264,0.11222444889779559,-0.25,-0.20295912828674084
15265,0.8096192384769539,0.0,0.618522060534002
15266,2.308617234468938,-0.25,-0.40563024558475475
15267,-0.22444889779559118,0.75,0.7745206278639555
15269,-0.21643286573146292,-0.25,-0.1918374731835923
15270,-0.280561122244489,1.25,1.2634968226480026
15271,-0.34468937875751504,3.25,1.3475738766648329
15272,0.056112224448897796,0.0,0.03941319607271171
15274,-0.3687374749498998,0.0,0.03544750630485594
15275,-0.10420841683366733,-0.25,-0.03945750545559282
15276,0.1282565130260521,-0.25,-0.39874013654674834
15277,-0.03206412825651302,-0.25,-0.3047525505588522
15279,2.43687374749499,-0.25,-0.2791934215336217
15280,0.9779559118236473,-0.25,-0.4101941120215049
15281,0.06412825651302605,1.75,1.2285367195548385
15286,-0.008016032064128256,-0.25,-0.31608836767925924
15287,-0.22444889779559118,0.0,-0.13431650930681668
15288,-0.056112224448897796,0.75,1.2096092281674748
15289,-0.1683366733466934,0.25,0.20028579551958287
15290,-0.3687374749498998,4.0,5.37225420292959
15291,-0.20040080160320642,3.25,2.9537594665150304
15292,1.2104208416833668,-0.25,-0.3619928883440477
15296,0.0,1.0,2.218637264929493
15297,-0.32064128256513025,0.25,-0.019665981102048202
15298,-0.3847695390781563,2.5,3.0509447129675107
15299,0.13627254509018036,1.25,2.8346484604335678
15300,0.11222444889779559,-0.25,-0.12711623458864282
15301,0.0,2.5,3.2356040661243695
15303,1.9238476953907815,-0.25,-0.06982420252341942
15304,0.08016032064128256,1.5,0.01907518933030055
15306,0.11222444889779559,0.25,0.3735133278931259
15307,0.36072144288577157,-0.25,-0.3421201301218878
15308,1.7955911823647295,-0.25,-0.26445316682851905
15311,-0.40080160320641284,22.25,44.28293017948993
15312,0.20040080160320642,0.5,0.18926014407934336
15313,0.48096192384769537,-0.25,-0.4553306033830215
15314,1.1943887775551103,-0.25,-0.2515295968215403
15315,0.11222444889779559,0.0,-0.07242368631910884
15316,2.212424849699399,-0.25,-0.37188126562367313
15318,-0.37675350701402804,-0.25,-0.2628654139419474
15319,1.8677354709418839,-0.25,-0.34271092189363545
15320,-0.04809619238476954,-0.25,-0.29645931106294526
15321,0.16032064128256512,0.25,1.5358665992179394
15322,0.280561122244489,-0.25,0.008204620730144708
15325,0.4248496993987976,-0.25,-0.37428874209354457
15326,2.2685370741482966,-0.25,-0.2635374395823103
15327,0.01603206412825651,-0.25,-0.3395723406062263
15329,-0.08817635270541083,0.25,0.28146058495770304
15330,-0.14428857715430862,0.0,0.03425853786421381
15332,2.533066132264529,0.5,0.7329436569272182
15333,1.2665330661322645,-0.25,0.26584891238927266
15334,0.8496993987975952,0.25,-0.23465510684099955
15335,0.02404809619238477,-0.25,-0.36802634931302003
15339,0.1282565130260521,0.0,-0.06978727803768514
15341,0.24048096192384769,-0.25,0.9984011697677081
15342,0.6332665330661322,-0.25,-0.19383878031038726
15343,0.2965931863727455,-0.25,-0.2245525675441156
15344,-0.40080160320641284,0.25,-0.07726817884743911
15345,-0.04008016032064128,-0.25,-0.20310682622967774
15346,2.2605210420841684,-0.25,-0.30732249476595425
15347,2.533066132264529,-0.25,-0.34485254206622046
15348,0.17635270541082165,-0.25,-0.3770211540378773
15349,0.8657314629258517,0.0,-0.15113930500732956
15350,2.5891783567134268,-0.25,-0.4083257330433532
15351,-0.3046092184368738,1.25,0.9349944428648973
15353,1.6352705410821644,0.0,0.07499363052621083
15355,-0.1683366733466934,0.0,-0.289133493093275
15356,-0.1523046092184369,2.0,1.513505130657293
15358,-0.3687374749498998,5.0,5.670589277867834
15360,-0.08817635270541083,-0.25,-0.17771016494167782
15361,2.4929859719438876,-0.25,-0.18436395727098517
15363,2.5811623246492985,-0.25,-0.2529844215594688
15364,0.36072144288577157,0.0,0.18064935400612211
15365,-0.20040080160320642,1.25,1.215369447942014
15366,0.20040080160320642,0.0,-0.04878463055205804
15367,0.056112224448897796,0.5,0.8928488348478528
15368,-0.23246492985971945,-0.25,-0.1636714754655255
15370,-0.08016032064128256,1.25,1.2683413151763332
15372,0.6973947895791583,-0.25,0.9887121847110475
15373,-0.3366733466933868,2.5,1.290392618056812
15374,0.625250501002004,-0.25,-0.3696657964796196
15376,-0.08016032064128256,0.25,0.40837742732338095
15379,0.9539078156312625,1.25,2.241109506947342
15380,-0.3366733466933868,0.75,0.7545075565960055
15381,1.3066132264529058,0.0,-0.052964482337172276
15382,-0.28857715430861725,1.0,3.9044985100970013
15384,0.9539078156312625,0.0,-0.01931889093614655
15385,-0.08016032064128256,-0.25,-0.2597194477573914
15386,1.0901803607214429,-0.25,-0.20266373240086707
15388,1.7635270541082164,-0.25,-0.389944724044856
15389,0.9779559118236473,-0.25,-0.12448721120436601
15392,-0.3687374749498998,0.5,0.6402410430428731
15393,-0.2725450901803607,0.0,-0.32250584329986753
15394,-0.3286573146292585,0.5,1.118789763055575
15395,2.2044088176352705,-0.25,-0.414381348703766
15396,0.4969939879759519,-0.25,-0.28091410256883653
15397,1.9158316633266532,-0.25,-0.42431403536627255
15398,-0.2725450901803607,0.0,0.4999279972528183
15399,-0.3927855711422846,0.25,0.10870568600155818
15400,0.3366733466933868,0.75,0.035174265110422674
15402,0.7855711422845691,0.0,-0.030868870073812102
15405,1.1142284569138277,-0.25,-0.23592530915025686
15406,-0.1523046092184369,0.0,-0.116577986360095
15407,-0.13627254509018036,0.5,0.2792746554022369
15408,1.7154308617234468,-0.25,-0.29642238657721104
15410,0.2725450901803607,1.5,2.0546777784752406
15411,-0.19238476953907815,0.5,0.5024388622827457
15412,0.969939879759519,-0.25,-0.35302762320777786
15414,-0.3286573146292585,0.25,0.0785236113624028
15415,2.1082164328657313,-0.25,-0.08046583931202302
15416,0.11222444889779559,0.5,2.448647271465127
15417,0.280561122244489,-0.25,-0.11798850171514241
15419,-0.20841683366733466,-0.25,-0.3934008559095794
15421,0.06412825651302605,0.5,0.2080990167009449
15422,2.188376753507014,0.0,-0.4215816234219399
15423,-0.09619238476953908,-0.25,-0.46160776595783976
15424,1.6352705410821644,0.0,-0.21063942131945967
15426,-0.24849699398797595,0.75,0.5431591851504488
15427,-0.13627254509018036,0.25,0.5627070078981475
15428,-0.280561122244489,-0.25,-0.42447650310350316
15429,-0.19238476953907815,0.0,-0.2002931804167298
15432,-0.21643286573146292,-0.25,-0.36731001428977605
15433,1.3066132264529058,0.0,-0.09989550370537223
15434,-0.3366733466933868,0.75,0.2753901995029964
15435,-0.22444889779559118,-0.25,-0.3834829390413666
15436,-0.3046092184368738,0.25,0.2947903243077582
15437,1.6993987975951903,-0.25,-0.34591596725536616
15438,0.6492985971943888,-0.25,-0.3780993490213166
15440,0.03206412825651302,0.25,-0.2103883348164669
15442,1.5871743486973948,-0.25,-0.05506917802402311
15443,-0.3927855711422846,1.25,1.8794710936663432
15444,-0.3286573146292585,0.0,0.5484320017132962
15445,1.7154308617234468,-0.25,-0.4099134859299248
15447,2.244488977955912,-0.25,-0.3791406195190218
15448,2.100200400801603,-0.25,-0.12844551607507493
15449,-0.19238476953907815,0.25,0.22594092820772238
15450,-0.16032064128256512,-0.25,-0.17629964958663047
15452,-0.1683366733466934,0.25,-0.10345502413015147
15453,-0.3927855711422846,1.25,0.5193059673661395
15454,2.501002004008016,-0.25,-0.3614685606466217
15456,1.8677354709418839,0.25,-0.1727918234418791
15457,1.6993987975951903,-0.25,-0.3186583118863613
15458,-0.20040080160320642,-0.25,-0.3743625910650131
15460,2.43687374749499,-0.25,-0.33550326227831473
15462,0.3527054108216433,0.25,-0.320482381481632
15463,-0.1683366733466934,-0.25,-0.40057897593631275
15464,2.308617234468938,-0.25,0.2777312118985464
15465,-0.24849699398797595,4.0,4.937579156866294
15466,0.280561122244489,-0.25,-0.24668510429321006
15467,-0.3286573146292585,0.25,-0.10611358710301567
15468,0.008016032064128256,0.0,-0.14848074203446537
15469,0.0,0.0,-0.09601843270327862
15471,-0.3847695390781563,-0.25,-0.15810326301680439
15472,0.5050100200400801,-0.25,-0.21933883015844305
15473,-0.28857715430861725,1.25,0.8142809141025691
15475,0.21643286573146292,-0.25,-0.15837650421123764
15478,-0.08016032064128256,0.0,0.5400944528345083
15480,0.5290581162324649,-0.25,0.17497036810019828
15482,-0.280561122244489,2.5,7.540858789689208
15483,0.8897795591182365,0.5,-0.3273798754167852
15484,-0.3927855711422846,0.5,2.157748787953756
15485,-0.16032064128256512,0.25,1.4001248047617818
15488,0.3366733466933868,-0.25,-0.42629318780162695
15489,-0.22444889779559118,0.25,0.3439220450257179
15491,0.36072144288577157,1.0,1.7956525110496526
15492,-0.17635270541082165,0.0,-0.006727641300775794
15493,-0.14428857715430862,0.75,0.9488411250152317
15494,-0.23246492985971945,0.0,0.45196309028406007
15497,-0.26452905811623245,0.0,0.43838964932815905
15498,-0.3847695390781563,6.25,9.340292368078044
15500,-0.3366733466933868,0.5,0.34191335300177605
15502,-0.280561122244489,2.5,7.175431924171877
15503,2.501002004008016,-0.25,-0.38957547918751373
15504,0.24849699398797595,-0.25,-0.45471765691983335
15505,0.01603206412825651,0.75,2.1729247515905223
15506,-0.22444889779559118,0.25,0.22413901330389224
15507,0.969939879759519,-0.25,-0.1423143529168498
15508,1.1142284569138277,1.0,0.24495703836084823
15510,2.244488977955912,-0.25,-0.3091096398754907
15511,-0.312625250501002,0.75,0.1713000742182163
15512,0.8416833667334669,0.0,-0.40437481306979106
15513,-0.13627254509018036,4.25,10.405061608504449
15514,-0.3046092184368738,2.25,2.4777437662236963
15516,-0.04809619238476954,0.25,-0.4476281556588622
15517,1.4669338677354709,-0.25,-0.2965331600344137
15518,0.11222444889779559,1.5,0.9253128427053834
15520,-0.3927855711422846,-0.25,-0.24006085155249007
15521,-0.08016032064128256,1.5,1.7218847734498177
15522,-0.14428857715430862,0.0,-0.19982054699933172
15523,0.2725450901803607,-0.25,-0.18946692119945502
15524,-0.20841683366733466,-0.25,-0.16879659408543593
15525,-0.3847695390781563,0.25,0.048592623226239993
15526,-0.13627254509018036,0.0,-0.38411065529884847
15527,-0.2565130260521042,1.5,1.2997123582561305
15528,1.6352705410821644,-0.25,-0.32437422227801926
15529,-0.22444889779559118,2.25,2.4326072748621796
15530,-0.23246492985971945,0.5,0.6120159661476315
15531,-0.3366733466933868,0.0,0.9628576597999434
15532,-0.20040080160320642,0.5,0.6618049427116605
15533,-0.24849699398797595,0.25,0.10265007034114534
15535,0.9859719438877755,0.5,-0.12234559103178098
15537,0.905811623246493,-0.25,-0.41181878939381084
15539,-0.34468937875751504,-0.25,-0.09608489677760015
15540,-0.312625250501002,-0.25,-0.33621221240441185
15541,0.5130260521042084,-0.25,-0.430864439135524
15543,1.907815631262525,-0.25,-0.3993087736270554
15544,-0.3286573146292585,1.75,2.1254767874220435
15545,0.03206412825651302,0.0,-0.2803306956942358
15547,-0.34468937875751504,3.0,3.132695524383085
15549,0.21643286573146292,0.25,0.7480088471067821
15550,-0.3687374749498998,0.5,-0.06863523408277736
15551,-0.11222444889779559,-0.25,-0.17170624356129285
15552,1.3386773547094188,-0.25,-0.4271793754592484
15553,0.08016032064128256,-0.25,-0.17697167522699334
15554,1.8196392785571143,-0.25,-0.3333321025171423
15555,-0.3046092184368738,3.5,3.0472227248055006
15556,-0.20841683366733466,-0.25,-0.2871248010693332
15557,-0.17635270541082165,-0.25,-0.14744685643390706
15561,-0.312625250501002,0.5,0.09749541213264744
15562,2.4128256513026054,-0.25,-0.39436827743581604
15563,-0.22444889779559118,0.5,0.5404784674861441
15565,0.0,0.0,-0.3658551895518476
15567,-0.2565130260521042,-0.25,-0.3563655967181518
15568,-0.3847695390781563,0.25,0.06625729720149318
15569,0.4248496993987976,0.75,0.5222156168419965
15570,-0.34468937875751504,2.5,2.5701288295307267
15571,-0.312625250501002,0.5,-0.013396203424376798
15572,-0.3687374749498998,1.25,1.3771725444293876
15573,-0.1523046092184369,0.0,-0.0571443341222866
15574,1.0180360721442885,0.5,0.00522112228281936
15576,-0.10420841683366733,-0.25,0.18669019987224128
15577,0.8096192384769539,0.25,-0.3025518512090924
15578,0.8977955911823647,-0.25,-0.39987002581021563
15579,0.14428857715430862,0.0,-0.2518028380159736
15581,0.561122244488978,2.75,2.2207862699992247
15582,-0.20841683366733466,0.25,0.010589942508575737
15584,-0.21643286573146292,0.5,0.038615627180852416
15585,1.0100200400801602,-0.25,-0.1574977014507631
15587,0.0,0.5,0.18101121396631745
15589,1.6432865731462927,0.25,-0.14034258537864222
15592,-0.03206412825651302,-0.25,-0.2067697352145129
15593,0.16032064128256512,-0.25,-0.34618182355265253
15594,-0.280561122244489,0.75,0.814709238137086
15596,0.40080160320641284,0.75,0.5450201792314537
15597,-0.12024048096192384,-0.25,-0.25404046185146767
15598,0.02404809619238477,-0.25,-0.3159923640163502
15599,-0.19238476953907815,0.0,0.06880508671715473
15601,-0.312625250501002,3.0,4.510687792395773
15602,-0.3366733466933868,1.75,0.46473157745095517
15603,0.22444889779559118,-0.25,-0.4579300871787109
15604,0.01603206412825651,-0.25,-0.33393027918603674
15605,-0.11222444889779559,0.75,0.39114846227979166
15606,0.08817635270541083,1.75,1.6627760566864704
15607,2.2925851703406814,-0.25,-0.41636788603626734
15608,-0.17635270541082165,0.5,0.3139393626095273
15609,1.0741482965931863,-0.25,-0.2733076585075862
15610,0.008016032064128256,-0.25,-0.4106815152331967
15611,-0.3286573146292585,2.75,0.6815373878880303
15612,-0.11222444889779559,0.0,-0.3496158007259355
15615,-0.32064128256513025,5.25,7.186368956846355
15618,-0.14428857715430862,0.5,0.07996440479575219
15619,-0.32064128256513025,-0.25,-0.24530412852675004
15620,0.04809619238476954,0.25,0.6532753865070545
15621,-0.3687374749498998,0.5,0.4611572872318821
15622,-0.056112224448897796,1.75,2.245739837458414
15623,0.7294589178356713,-0.25,-0.2714245097351407
15624,0.5290581162324649,0.5,-0.05940411264922113
15625,0.4248496993987976,0.5,0.6393031611052238
15626,0.19238476953907815,0.0,0.005339280637168856
15628,-0.3687374749498998,1.75,1.6259106501294207
15630,-0.04008016032064128,0.0,0.3823752044693397
15632,-0.280561122244489,1.5,1.9324355760035155
15634,-0.26452905811623245,-0.25,-0.3138728985352057
15636,0.312625250501002,0.0,0.04149573706812194
15637,0.01603206412825651,-0.25,-0.3287830058746858
15639,0.6733466933867736,-0.25,-0.1796376230970044
15640,-0.3687374749498998,3.25,8.675437462844739
15641,0.4408817635270541,0.5,0.8999457210059709
15643,1.1302605210420842,0.25,-0.0033748979961081968
15644,0.9298597194388778,0.5,0.09967395679096674
15645,-0.2565130260521042,-0.25,-0.041768978262555295
15646,0.8577154308617234,0.25,-0.16315453266524635
15648,1.2344689378757514,0.0,-0.02146789600587842
15649,2.2925851703406814,0.0,0.10887553863593563
15651,-0.11222444889779559,0.25,-0.01644616594602386
15652,0.3286573146292585,-0.25,-0.24431455230907279
15653,0.3366733466933868,0.0,0.15424834670615128
15654,-0.3286573146292585,0.0,0.18754684794127527
15655,1.5470941883767535,-0.25,-0.0796830402144574
15656,-0.04008016032064128,0.5,0.059027482894731954
15657,-0.22444889779559118,-0.25,-0.47157737710608044
15658,1.122244488977956,0.75,0.26255524826177995
15659,-0.056112224448897796,-0.25,-0.26742189548155076
15660,-0.20040080160320642,1.75,0.6884865761032113
15661,2.1402805611222444,0.0,-0.2649479549373577
15663,0.44889779559118237,-0.25,-0.3917170993600988
15664,0.0,-0.25,-0.20835748810108454
15665,0.9458917835671342,0.0,1.1473471603224248
15667,-0.08817635270541083,-0.25,-0.2712103477178822
15668,1.3386773547094188,-0.25,-0.4373705335218944
15669,-0.08016032064128256,0.5,0.011645982800574533
15670,1.971943887775551,-0.25,-0.3659364234204629
15671,-0.2565130260521042,1.25,1.468531107033007
15673,0.3046092184368738,0.5,1.5195607463177059
15674,0.1843687374749499,0.75,1.3130568674004792
15675,0.24849699398797595,0.25,-0.25469033280039
15676,-0.2565130260521042,0.25,2.0435413535777984
15677,-0.008016032064128256,-0.25,-0.00837447336452224
15678,0.01603206412825651,-0.25,-0.2332667461773927
15679,-0.20841683366733466,0.5,0.08323517574208981
15680,-0.3286573146292585,0.25,0.49117689413380705
15681,-0.20040080160320642,0.75,0.5594724229478295
15683,0.5370741482965932,-0.25,-0.3506496863264938
15687,-0.3366733466933868,1.75,1.7166414964755579
15689,0.5531062124248497,0.0,-0.3060818320452843
15690,-0.3687374749498998,0.0,-0.31667177455386
15691,1.6192384769539079,-0.25,-0.39270667557777594
15692,-0.17635270541082165,-0.25,-0.3526509934532888
15694,-0.40080160320641284,3.0,4.2912381887801265
15695,1.7314629258517034,0.0,-0.1909660553202646
15696,-0.13627254509018036,1.5,1.5083947818316763
15699,-0.26452905811623245,-0.25,-0.2650587283945604
15700,0.9779559118236473,0.0,0.02075894587978119
15701,-0.3847695390781563,0.5,0.6354187052059833
15703,1.7154308617234468,-0.25,-0.3375414938908439
15704,0.7214428857715431,0.5,1.2000827108480447
15705,1.2104208416833668,-0.25,-0.3880541903752636
15706,0.10420841683366733,0.5,0.28948058325917664
15707,-0.12024048096192384,0.5,0.18344823002477634
15708,-0.08016032064128256,1.25,1.8954667808864094
15709,1.8677354709418839,-0.25,-0.395328314064906
15712,-0.3286573146292585,0.75,0.29819476189245386
15713,0.7454909819639278,0.0,-0.2303127873186547
15714,-0.312625250501002,0.0,-0.25000830800929025
15716,0.7615230460921844,0.5,0.31942634118963303
15717,1.4749498997995991,-0.25,-0.3827370644295352
15719,-0.14428857715430862,2.75,3.2209228905964418
15720,-0.20841683366733466,-0.25,-0.05157612167356542
15721,-0.312625250501002,-0.25,-0.14560801704434265
15722,-0.12024048096192384,0.75,1.1392237734608952
15723,2.5170340681362724,-0.25,-0.3529020799562815
15724,1.2104208416833668,0.0,-0.3325566883167236
15725,-0.280561122244489,-0.25,-0.1870742145238773
15727,-0.2725450901803607,1.25,3.3161806788935957
15729,1.2985971943887775,-0.25,-0.43096044279843304
15730,0.12024048096192384,0.25,0.3340262828489457
15732,1.2985971943887775,0.0,-0.27652747366361063
15733,1.8597194388777556,-0.25,-0.37387518785332124
15734,0.5130260521042084,0.0,0.49543797978753656
15737,-0.28857715430861725,1.5,0.38368233126433143
15738,-0.2565130260521042,3.5,3.060190604195361
15739,0.1282565130260521,-0.25,-0.1620615678875133
15740,-0.008016032064128256,-0.25,-0.37935478153628027
15743,-0.2725450901803607,0.5,0.07930641045996832
15744,0.21643286573146292,-0.25,-0.4680326264755949
15745,-0.24849699398797595,0.5,0.31461138824989027
15746,0.6733466933867736,-0.25,-0.3483382135195313
15747,-0.3046092184368738,0.25,0.20535183496231854
15748,-0.08016032064128256,-0.25,-0.38712369333476115
15749,1.4829659318637274,0.25,32.39439043212727
15750,-0.3847695390781563,1.5,1.3252050232070396
15752,-0.08817635270541083,1.25,1.4459850160436891
15753,2.036072144288577,-0.25,-0.43524368314360307
15754,0.008016032064128256,0.25,-0.1550828400837448
15755,-0.32064128256513025,1.0,1.252242239396211
15756,0.08817635270541083,0.5,-0.1038021142960532
15757,0.12024048096192384,0.0,0.033859753418284205
15758,-0.20841683366733466,-0.25,-0.342157054607622
15759,1.346693386773547,0.25,-0.30686463114284984
15762,0.12024048096192384,0.0,-0.06263869759953923
15763,-0.1523046092184369,0.0,0.3089471721382601
15764,0.3046092184368738,1.0,1.9284920409271005
15766,0.11222444889779559,-0.25,-0.2610634990381172
15768,0.5210420841683366,0.25,-0.034517009264353485
15769,-0.34468937875751504,6.0,41.048323074480386
15773,-0.36072144288577157,-0.25,-0.024288926715973158
15774,0.14428857715430862,-0.25,-0.2937490538100531
15775,1.56312625250501,-0.25,-0.4162644974762115
15776,0.6653306613226453,-0.25,-0.3152981836845468
15777,1.531062124248497,0.5,0.27954789659667023
15780,1.066132264529058,0.25,-0.1427426769513668
15781,-0.20040080160320642,0.25,-0.23861341171170844
15782,-0.3286573146292585,0.25,1.437226528027531
15783,-0.32064128256513025,-0.25,-0.3118420518198234
15785,-0.14428857715430862,0.75,1.226188322262142
15786,-0.03206412825651302,0.25,3.1388988379864347
15787,-0.19238476953907815,0.25,0.19547084257983996
15789,2.468937875751503,-0.25,-0.234300631777951
15790,-0.32064128256513025,-0.25,-0.33218744345938134
15791,-0.056112224448897796,0.0,0.6972229094279291
15793,-0.28857715430861725,0.25,0.2193609848498835
15795,0.7935871743486974,-0.25,-0.0432459576919243
15796,-0.3927855711422846,1.5,1.506548557544965
15797,0.5050100200400801,0.5,1.1364101276479472
15799,0.20040080160320642,0.25,0.15919622779453738
15800,0.45691382765531063,0.0,0.02091402871986496
15801,-0.03206412825651302,0.25,0.29198406339195715
15802,0.7374749498997996,-0.25,-0.16036304154373895
15803,0.008016032064128256,-0.25,-0.18665327538650708
15804,-0.40080160320641284,2.75,2.612643682405114
15805,-0.21643286573146292,3.75,3.559232413790558
15806,-0.03206412825651302,0.25,0.0856721918005487
15807,0.0,0.25,0.17378878455670307
15808,2.0521042084168335,0.5,2.2026932719894545
15809,-0.11222444889779559,0.75,-0.11284122840379147
15810,0.22444889779559118,0.5,0.5342308444999133
15811,-0.22444889779559118,1.0,1.1446959822467073
15812,0.45691382765531063,0.75,0.836391296160223
15813,1.2585170340681362,0.0,0.46919205532764935
15814,-0.2725450901803607,0.5,0.9428741281205809
15815,0.10420841683366733,0.75,1.0575394261196427
15819,-0.008016032064128256,0.5,0.913423158298963
15820,2.156312625250501,-0.25,-0.34087946740121783
15821,-0.04809619238476954,0.0,-0.07208398105035395
15822,-0.37675350701402804,0.0,0.16017841911506778
15823,2.5811623246492985,-0.25,-0.48265472282634797
15825,0.9779559118236473,-0.25,-0.10016136000265857
15826,0.04809619238476954,0.25,0.7279588513530978
15827,0.1843687374749499,3.0,0.862201511688446
15829,0.3927855711422846,0.0,-0.023949221447218345
15830,-0.10420841683366733,-0.25,-0.06836199288834409
15831,0.06412825651302605,0.25,0.09310139833027473
15832,1.6352705410821644,-0.25,0.12422873980422633
15834,0.16032064128256512,0.5,1.1495183200835972
15835,-0.04809619238476954,0.5,0.2108535833367181
15836,0.0,-0.25,-0.3922857364404058
15837,0.11222444889779559,-0.25,-0.20425887018458555
15838,-0.312625250501002,4.25,24.351336481761155
15839,-0.13627254509018036,0.25,0.28056701240293475
15840,0.06412825651302605,0.0,-0.231154665593395
15841,0.17635270541082165,0.5,0.41022365161009217
15843,2.0280561122244487,-0.25,-0.40588871698489426
15844,-0.03206412825651302,-0.25,-0.39718192324876406
15845,-0.26452905811623245,1.5,2.2473718997278667
15847,-0.09619238476953908,0.0,-0.20626017731138058
15850,-0.24849699398797595,0.0,-0.32027560436152036
15852,1.0901803607214429,0.0,-0.3750493864996696
15853,0.008016032064128256,-0.25,-0.411907408159573
15854,-0.3687374749498998,2.5,1.6989325131174235
15855,0.6893787575150301,0.75,0.03224984584027203
15856,-0.3687374749498998,6.25,11.428180029022647
15857,-0.2565130260521042,-0.25,-0.2744006232853193
15858,-0.280561122244489,0.75,0.5605136934455346
15860,-0.08016032064128256,1.5,0.21902866447827546
15861,-0.3046092184368738,1.5,1.8302359843883276
15862,-0.3366733466933868,0.5,0.12134124501980996
15863,-0.20040080160320642,0.0,-0.44289443658773453
15864,-0.22444889779559118,1.0,0.9362203357912734
15865,-0.08016032064128256,0.25,0.16731222975892002
15866,0.4088176352705411,-0.25,-0.337253482902117
15867,-0.36072144288577157,3.25,2.320017132961381
15869,1.8196392785571143,0.0,-0.38322446764122703
15870,-0.14428857715430862,-0.25,-0.23419724321789515
15872,-0.28857715430861725,0.0,-0.2601846962776427
15874,0.10420841683366733,1.25,2.7599649955875245
15877,-0.3927855711422846,0.0,-0.13162840674536513
15880,2.5571142284569137,-0.25,-0.2507467977239748
15881,2.100200400801603,0.75,-0.12346071050095457
15882,1.186372745490982,0.5,-0.1124055194721276
15883,-0.3847695390781563,0.0,-0.2009356664685053
15885,0.3366733466933868,0.25,-0.21358599528105077
15886,0.08016032064128256,-0.25,-0.3599989661143995
15888,0.24048096192384769,-0.25,-0.3694368646680674
15889,0.8496993987975952,0.0,-0.183514694099098
15891,1.4108216432865732,-0.25,-0.11586165133685106
15894,1.6272545090180361,0.0,-0.3030170997293436
15895,0.7935871743486974,-0.25,-0.3614168663665938
15897,1.154308617234469,0.0,-0.3396904989605758
15898,-0.3927855711422846,0.75,0.5282121533252345
15899,2.5490981963927855,-0.25,-0.4521920220956124
15900,-0.21643286573146292,-0.25,-0.24465425757782763
15901,-0.2725450901803607,0.25,-0.23398308120063663
15903,-0.3286573146292585,1.25,3.292327461109286
15904,-0.3366733466933868,-0.25,-0.37211758233237213
15906,-0.24849699398797595,1.25,0.6639908722671266
15907,-0.37675350701402804,0.25,0.1581475723996854
15909,0.9859719438877755,-0.25,-0.3519863527100727
15910,-0.40080160320641284,1.5,0.4137831720348716
15912,1.0260521042084167,0.0,-0.29831292024680334
15916,-0.2725450901803607,1.5,0.6161145840641306
15917,1.5791583166332666,-0.25,-0.4028239846689536
15918,1.122244488977956,0.0,-0.24690665120761537
15919,-0.24849699398797595,0.0,-0.10551541043412119
15920,0.8336673346693386,0.5,-0.37003504133696186
15921,0.9779559118236473,-0.25,-0.25517773601208177
15922,2.5891783567134268,-0.25,-0.2208601189706931
15923,2.5811623246492985,-0.25,-0.3998847956045093
15925,1.154308617234469,-0.25,-0.3407539241497215
15930,0.13627254509018036,-0.25,-0.17867020157076768
15932,-0.3687374749498998,1.5,1.3494422556429846
15933,-0.23246492985971945,0.25,0.3241157508778797
15935,1.5150300601202404,0.0,-0.18588524608323523
15937,0.11222444889779559,-0.25,-0.3863925885172235
15938,0.4969939879759519,0.75,-0.19495389977956085
15939,0.312625250501002,3.25,4.022139921646242
15940,2.092184368737475,-0.25,-0.4672941367609104
15942,0.6653306613226453,-0.25,-0.24453609922347813
15944,1.811623246492986,-0.25,-0.25364906230268486
15945,2.5250501002004007,-0.25,-0.3600654301887211
15947,0.2565130260521042,-0.25,0.7677856016660329
15948,-0.3366733466933868,0.0,0.21170284650860527
15949,-0.2725450901803607,0.0,-0.22439009980688499
15950,-0.1523046092184369,0.5,0.7947183215605765
15951,-0.3366733466933868,0.0,0.02928111718724036
15952,-0.13627254509018036,0.5,0.08370042426234103
15953,-0.280561122244489,1.5,0.7301521658057109
15955,-0.20841683366733466,3.0,2.7676305188259493
15957,-0.1523046092184369,-0.25,-0.17700121481558073
15958,0.19238476953907815,-0.25,-0.41667066681928794
15963,-0.24849699398797595,0.0,-0.14608065046174076
15965,-0.26452905811623245,0.5,0.10361010697023515
15967,-0.21643286573146292,0.0,-0.20004947881088392
15969,-0.3847695390781563,0.25,-0.0018240695952707322
15970,2.0280561122244487,-0.25,-0.2617724491642144
15971,-0.26452905811623245,2.5,2.6078139596710774
15973,2.533066132264529,-0.25,-0.26641016457243294
15974,-0.08817635270541083,1.25,2.0482603028546325
15975,0.2725450901803607,-0.25,-0.21974499950151952
15976,0.9218436873747495,0.0,-0.17792432695893637
15977,-0.26452905811623245,0.0,0.28517518822256605
15978,0.21643286573146292,-0.25,0.3177056601544182
15980,0.3046092184368738,0.25,1.2778013684214415
15981,-0.20841683366733466,1.5,2.023395354161205
15983,-0.22444889779559118,0.5,0.5882439822319374
15984,-0.3847695390781563,2.0,1.5597345867965426
15985,0.5851703406813628,0.0,0.3499333513032498
15986,-0.16032064128256512,-0.25,-0.3695771777138575
15987,-0.3046092184368738,1.25,0.5643538399618939
15988,-0.24849699398797595,-0.25,-0.37795165107837975
15990,-0.04809619238476954,0.0,0.09123301935212295
15992,-0.37675350701402804,-0.25,-0.46272288542701334
15993,-0.3366733466933868,1.25,1.5575486572410764
15994,0.03206412825651302,-0.25,-0.1877979344442681
15996,0.3046092184368738,1.0,0.2688176410423043
15998,-0.11222444889779559,0.75,1.7809787204188714
16000,-0.3847695390781563,0.25,8.65888790833866
16003,-0.1683366733466934,0.75,1.526310542309922
16005,-0.3046092184368738,0.5,-0.06636068576154908
16006,1.2905811623246493,-0.25,-0.4188492114776073
16007,-0.02404809619238477,0.5,0.7571291950831355
16008,-0.21643286573146292,0.25,-0.1401579629499711
16009,-0.22444889779559118,0.5,0.22416116799533276
16010,1.56312625250501,0.25,-0.2039487045044181
16011,-0.3366733466933868,3.5,1.9823944052019218
16012,-0.12024048096192384,0.25,0.5514450397492089
16013,-0.37675350701402804,11.25,26.926834131517637
16014,-0.10420841683366733,0.25,-0.016054766397241012
16015,-0.37675350701402804,0.25,0.026570859934348198
16016,-0.37675350701402804,1.5,0.5885319932206645
16017,-0.02404809619238477,-0.25,-0.33726086779926384
16018,-0.08817635270541083,0.0,-0.19176362421212387
16019,-0.03206412825651302,1.75,2.302367228780421
16020,-0.2725450901803607,0.25,0.13473006354703992
16022,1.6833667334669338,-0.25,-0.048696011786295894
16023,-0.03206412825651302,0.25,0.03784021298043364
16024,-0.3046092184368738,-0.25,-0.3083489954693657
16025,-0.1683366733466934,-0.25,-0.1690476805884287
16026,-0.056112224448897796,-0.25,-0.31938203180675206
16027,0.3286573146292585,1.0,0.19647518859181087
16029,-0.09619238476953908,15.25,59.213781695055445
16030,2.0761523046092183,-0.25,-0.24911473545452203
16031,0.3366733466933868,0.0,-0.08911355387097852
16033,-0.36072144288577157,4.5,5.989336208519957
16034,1.1703406813627255,0.25,-0.17049512042921025
16036,0.2965931863727455,0.0,0.06672254572174449
16037,1.7555110220440882,0.25,0.13769140730292476
16038,-0.34468937875751504,0.25,-0.1453273909527626
16040,0.12024048096192384,0.25,0.476311096177208
16041,-0.16032064128256512,0.25,1.8446217640303817
16042,-0.22444889779559118,0.75,0.3758174158029414
16043,-0.10420841683366733,0.5,0.07785158572203985
16045,0.5531062124248497,0.5,0.49636109193089223
16048,2.5891783567134268,0.0,-0.30435376611292253
16049,-0.08016032064128256,0.25,0.30000406169343075
16050,0.9859719438877755,-0.25,-0.39189433689162306
16052,0.03206412825651302,-0.25,-0.2263544824479458
16053,-0.14428857715430862,0.0,0.6228274555706126
16054,0.7615230460921844,-0.25,0.0851700187945632
16055,1.3627254509018036,-0.25,-0.3941836550071449
16056,-0.04008016032064128,-0.25,-0.013159886715677806
16057,-0.2725450901803607,1.25,1.1775587745501674
16059,0.12024048096192384,1.0,0.579411645244311
16062,-0.3286573146292585,0.5,0.3582044361077161
16063,1.6833667334669338,-0.25,-0.2461016974186093
16065,2.5250501002004007,-0.25,-0.22260295469734853
16066,-0.2725450901803607,0.75,0.6295403270770946
16070,-0.22444889779559118,0.0,0.13557194182178026
16071,-0.04809619238476954,-0.25,-0.2528071840279445
16072,1.907815631262525,-0.25,-0.062217758462169113
16073,1.9799599198396793,-0.25,-0.4033409274692328
16076,-0.37675350701402804,2.0,1.1565930515502747
16078,1.8677354709418839,-0.25,-0.43524368314360307
16079,-0.2725450901803607,0.25,0.504706025706827
16080,0.24849699398797595,0.0,-0.33336164210572966
16081,0.04809619238476954,0.75,1.5736108085354643
16083,0.40080160320641284,0.0,0.47931674931597384
16084,1.9959919839679359,-0.25,-0.17161762479553072
16085,-0.21643286573146292,0.75,0.23110297131336702
16086,0.07214428857715431,0.75,0.3344029126034348
16091,0.8336673346693386,0.0,-0.2610634990381172
16092,0.5130260521042084,0.25,0.1102491295052488
16093,0.44889779559118237,-0.25,-0.48117774339697894
16094,-0.312625250501002,0.5,0.30252969651765177
16096,1.7154308617234468,-0.25,-0.2569574962244714
16097,1.5230460921843687,-0.25,-0.35707454684424894
16098,0.2965931863727455,1.25,0.987405057916056
16099,0.0,0.25,0.04676855363096926
16101,0.16032064128256512,-0.25,0.45943660619666726
16102,-0.06412825651302605,0.25,0.8666693744622874
16103,-0.34468937875751504,1.0,0.5620423671549316
16104,0.08817635270541083,-0.25,-0.27350705073055104
16105,1.5871743486973948,-0.25,-0.24489057428652672
16106,0.12024048096192384,-0.25,-0.4136945532691095
16107,-0.26452905811623245,1.25,1.8725071356568685
16108,0.2725450901803607,-0.25,0.12844551607507484
16109,1.346693386773547,0.0,-0.04186498192546428
16110,-0.04008016032064128,0.25,0.48177592006587333
16112,0.7454909819639278,0.5,-0.3491800917942716
16113,1.066132264529058,-0.25,-0.374554598390831
16114,0.9619238476953907,-0.25,-0.3934820897781947
16115,-0.3286573146292585,1.5,0.7328107287785749
16116,1.2905811623246493,-0.25,-0.041200341182248246
16117,1.1142284569138277,-0.25,-0.3222473718997279
16119,-0.3366733466933868,0.0,-0.18108506293778598
16120,0.07214428857715431,0.5,0.47305435653544947
16121,0.056112224448897796,0.0,0.13742555100563833
16122,0.1843687374749499,0.5,0.01170506197774924
16123,0.008016032064128256,-0.25,-0.26643970416102036
16124,2.1402805611222444,-0.25,-0.3098481295901752
16125,2.541082164328657,-0.25,-0.28005006960265566
16126,-0.1683366733466934,0.5,4.1497214047551365
16127,-0.08817635270541083,-0.25,-0.009098193284913063
16128,-0.26452905811623245,0.75,0.8947910627974731
16131,0.008016032064128256,1.0,2.095811655583167
16133,-0.37675350701402804,7.75,10.280123918574127
16134,-0.23246492985971945,0.0,-0.03727896079727352
16135,1.6993987975951903,-0.25,-0.11152671671165308
16136,0.07214428857715431,0.25,0.030137765256274356
16139,-0.2565130260521042,0.25,-0.024488318938937957
16140,0.12024048096192384,0.0,0.04180590274828949
16141,0.3046092184368738,-0.25,-0.03557304955635236
16142,1.595190380761523,-0.25,-0.09838898468741579
16143,-0.37675350701402804,1.0,1.2970611801804133
16144,1.5711422845691383,-0.25,-0.36434867053389125
16145,-0.3366733466933868,2.25,2.312152217499991
16146,0.8577154308617234,0.25,0.04841538569471571
16147,0.6653306613226453,-0.25,-0.21679842553992837
16148,1.971943887775551,-0.25,-0.4373705335218944
16149,-0.3687374749498998,0.0,-0.2865709337833198
16150,-0.06412825651302605,0.75,1.0224020854949543
16152,1.74749498997996,-0.25,0.8569951591999202
16153,-0.008016032064128256,0.75,0.8534430236722879
16156,-0.3366733466933868,1.75,1.7897076688464424
16157,-0.280561122244489,0.25,-0.008773257810451842
16159,1.8517034068136273,-0.25,-0.23658994989347293
16160,0.12024048096192384,0.0,0.2635448244794571
16161,-0.3927855711422846,4.25,3.5928263109115557
16162,1.6192384769539079,-0.25,-0.4661125532174152
16163,1.4589178356713426,0.0,0.1388582210521263
16164,-0.26452905811623245,0.25,0.1136609519870912
16168,-0.32064128256513025,6.25,2.303371574792392
16169,-0.3366733466933868,0.5,0.8525125266317856
16170,0.0,1.0,0.8983579681193992
16171,0.07214428857715431,-0.25,-0.43967462143171016
16172,0.36072144288577157,0.75,0.34830128903379703
16173,-0.280561122244489,1.0,0.553682663584703
16174,0.6092184368737475,0.25,0.25181022291312033
16175,0.3527054108216433,0.5,0.27251747451287384
16177,0.0,-0.25,-0.24859040775709604
16178,0.7054108216432866,-0.25,-0.3475849540105531
16179,0.08016032064128256,-0.25,-0.33434383342626
16180,0.40080160320641284,1.5,7.0788743939768795
16181,0.1843687374749499,-0.25,-0.26809392112191366
16182,0.17635270541082165,0.5,4.393334391835259
16183,0.13627254509018036,-0.25,-0.2435982172858288
16184,0.11222444889779559,1.0,0.36202242793263495
16185,-0.2725450901803607,0.0,-0.10276822869549491
16186,-0.22444889779559118,2.5,2.4653519088112903
16187,-0.1523046092184369,3.25,4.610295285112418
16188,-0.04809619238476954,0.5,0.23136144271350662
16189,-0.280561122244489,0.0,-0.33460230482639963
16190,-0.08016032064128256,-0.25,-0.33489770071227337
16191,-0.3847695390781563,2.75,3.332028668170725
16193,1.4909819639278556,-0.25,-0.26151397776407476
16198,0.20040080160320642,-0.25,-0.19783327117711572
16200,-0.3687374749498998,0.0,0.29561743278820496
16201,-0.37675350701402804,0.5,0.8824213600765077
16202,2.4849699398797593,-0.25,-0.22398393046380854
16203,0.06412825651302605,0.5,-0.055881516710176084
16204,-0.21643286573146292,-0.25,-0.21001908995912466
16205,-0.16032064128256512,0.5,0.06576989398980143
16206,0.03206412825651302,0.5,-0.09711878237815844
16207,-0.20040080160320642,-0.25,-0.20248649486934278
16208,-0.04809619238476954,0.0,-0.0031828906702902338
16209,0.3046092184368738,0.75,1.1771895296928252
16210,-0.3927855711422846,4.0,15.078283602205133
16211,0.3046092184368738,-0.25,-0.08976342481990089
16212,-0.24849699398797595,0.0,0.016076921088681525
16213,0.22444889779559118,-0.25,-0.3763122039117801
16214,0.9619238476953907,0.25,0.2910978757343357
16215,0.24048096192384769,-0.25,-0.3147590861928271
16216,1.7394789579158316,-0.25,0.18193432610967314
16217,1.4829659318637274,0.0,-0.26904657285385664
16218,-0.1683366733466934,1.25,1.7842723845463644
16221,-0.11222444889779559,0.25,0.14200418723668226
16222,2.1482965931863727,-0.25,0.07752665024757861
16224,0.056112224448897796,0.5,0.4628336588842159
16225,-0.04809619238476954,0.75,0.3158889754562943
16226,1.2264529058116231,0.25,-0.3053285725363061
16227,1.402805611222445,-0.25,-0.26168383039845217
16229,0.2965931863727455,0.0,0.2525856371135391
16230,1.1142284569138277,0.0,-0.09344848849617654
16232,-0.056112224448897796,0.5,0.2380226199399608
16233,0.1683366733466934,0.25,-0.09739940846973855
16235,-0.08016032064128256,0.75,0.1467674458963973
16236,0.22444889779559118,-0.25,-0.17455681385997504
16239,0.04809619238476954,0.0,-0.18784962872429603
16240,-0.20841683366733466,0.0,2.252563482422099
16241,-0.3286573146292585,2.75,1.4191852242977887
16242,-0.3366733466933868,1.25,2.1499577214638346
16243,-0.13627254509018036,0.0,-0.19161592626918694
16244,1.2905811623246493,0.0,0.6308031444892052
16245,-0.21643286573146292,0.25,0.5502413015142733
16247,0.9619238476953907,-0.25,-0.4091306868323592
16248,0.08817635270541083,-0.25,-0.3807874515827682
16249,0.01603206412825651,0.75,0.8356011121655105
16250,1.691382765531062,0.0,-0.2061346340598842
16253,0.1282565130260521,0.0,2.2267606517910226
16255,-0.2725450901803607,1.5,1.4410445198524497
16256,1.7314629258517034,-0.25,0.061929747473442084
16257,1.0100200400801602,-0.25,-0.45905997644217816
16258,-0.04008016032064128,0.75,3.3490065467113217
16260,0.0,-0.25,0.27093710652344893
16261,-0.26452905811623245,0.5,0.04428722818962933
16265,-0.3286573146292585,1.75,3.52882140733985
16266,0.1843687374749499,1.25,0.14276483164280726
16268,0.1683366733466934,0.0,-0.0006794105375097927
16270,2.428857715430862,-0.25,0.34906193343992203
16271,-0.3847695390781563,0.75,0.5435801242878191
16272,0.5290581162324649,-0.25,-0.18969585301100728
16274,2.5891783567134268,-0.25,-0.23396831140634297
16275,1.1703406813627255,-0.25,-0.08027383198620505
16276,1.0100200400801602,-0.25,0.10488769417663935
16278,0.40080160320641284,-0.25,-0.07546626394360897
16279,-0.23246492985971945,0.25,0.6160555048869557
16281,0.17635270541082165,-0.25,1.029078032515702
16282,2.3166332665330662,-0.25,-0.36944424956521427
16283,-0.36072144288577157,0.75,0.6662949601769421
16284,-0.1523046092184369,0.0,0.10642375278318306
16287,0.9539078156312625,-0.25,-0.38849728420407437
16292,0.5691382765531062,-0.25,-0.27052355228322567
16293,-0.23246492985971945,2.0,1.1671239148816757
16295,-0.3286573146292585,0.5,0.4873884418974755
16297,1.74749498997996,-0.25,-0.27078202368336524
16298,-0.22444889779559118,0.25,-0.051967521222348184
16302,0.6092184368737475,-0.25,-0.32150149728789656
16303,-0.20040080160320642,0.25,3.46503805068255
16305,0.7054108216432866,-0.25,-0.22697481380828075
16306,1.3066132264529058,1.0,-0.026807176643047357
16308,-0.10420841683366733,0.5,1.3968016010457016
16309,0.44889779559118237,0.0,0.028062609158010957
16311,-0.26452905811623245,0.0,-0.038630396975146176
16313,-0.37675350701402804,0.0,-0.29127511326586003
16315,2.244488977955912,-0.25,-0.3265601518334854
16316,0.11222444889779559,1.5,1.676622738836805
16317,0.5531062124248497,0.25,0.4970626571598425
16318,-0.12024048096192384,-0.25,-0.2513966686728971
16319,1.3386773547094188,-0.25,-0.19508682792820406
16320,0.9779559118236473,0.0,0.27315996056464925
16321,0.17635270541082165,0.75,-0.21779538665475243
16322,-0.3927855711422846,0.0,-0.25243055427345545
16323,1.1703406813627255,-0.25,-0.34049545274958193
16324,0.625250501002004,0.25,-0.19199255602367601
16325,-0.03206412825651302,0.25,-0.05489194049249883
16326,-0.36072144288577157,3.0,1.7507006421168072
16327,-0.28857715430861725,1.0,2.327498033771135
16330,-0.26452905811623245,0.25,-0.30769912452044335
16332,-0.17635270541082165,1.25,0.6751494518560093
16333,-0.34468937875751504,5.0,19.1698858664146
16337,-0.11222444889779559,-0.25,-0.38218319714352184
16338,0.8577154308617234,-0.25,-0.33510447783238506
16339,1.8757515030060121,-0.25,-0.4242771108805384
16340,0.45691382765531063,-0.25,-0.09914962909354089
16341,-0.20841683366733466,0.5,0.9624736451483075
16342,0.20040080160320642,0.5,-0.2556355996351861
16343,-0.2725450901803607,0.0,-0.2510791180955828
16344,0.8657314629258517,-0.25,-0.4190707583920126
16345,-0.04809619238476954,-0.25,-0.07614567448111868
16347,-0.312625250501002,0.0,0.13210104016276314
16348,-0.14428857715430862,1.25,0.5517108960464955
16349,1.9238476953907815,-0.25,-0.4542228688109947
16350,-0.23246492985971945,0.5,0.33076954320718704
16351,2.2605210420841684,-0.25,-0.3800785014566711
16352,-0.26452905811623245,0.0,-0.12859321401801183
16353,-0.37675350701402804,5.25,4.436211104669841
16354,0.10420841683366733,0.0,-0.2014378394744908
16356,1.1783567134268538,0.25,-0.33734210166787915
16357,-0.13627254509018036,0.25,-0.0071559653352928345
16358,-0.3927855711422846,0.5,1.0035558279762058
16359,-0.34468937875751504,1.75,0.7993043426887673
16360,-0.3687374749498998,1.0,2.0543602278979263
16361,-0.3286573146292585,0.5,0.1644173500773568
16362,-0.14428857715430862,0.75,0.03058824398223191
16363,0.02404809619238477,-0.25,-0.41297083334871865
16364,-0.312625250501002,0.0,0.027486587180556982
16365,-0.26452905811623245,1.75,0.6438522577476803
16366,-0.2565130260521042,-0.25,-0.25202438493037893
16367,-0.10420841683366733,0.0,0.09755449130982223
16368,-0.3847695390781563,0.0,-0.13932346957237757
16369,-0.2565130260521042,0.25,0.647537321423956
16370,0.2565130260521042,0.5,0.46771507589828054
16372,-0.13627254509018036,0.0,-0.23102912234189865
16374,0.1282565130260521,0.0,-0.14905676401191928
16376,-0.3366733466933868,0.0,0.2262658636821836
16377,1.7394789579158316,-0.25,0.005634676523042723
16378,1.5791583166332666,0.25,-0.22569722660187658
16379,-0.3687374749498998,0.5,1.0994856419137224
16380,0.08817635270541083,-0.25,0.7935662776056687
16383,0.19238476953907815,0.0,-0.01832192982132246
16384,0.312625250501002,0.0,-0.06208483031352586
16385,0.08016032064128256,0.25,-0.08397366545677439
16386,-0.17635270541082165,0.0,-0.2702872355745266
16387,2.1803607214428857,-0.25,-0.4240481790689861
16389,0.02404809619238477,0.5,0.52691241142739
16392,1.7555110220440882,-0.25,-0.33282254461401
16393,-0.3847695390781563,2.75,1.751985614220358
16394,0.04809619238476954,0.75,0.654870524290773
16395,0.08016032064128256,0.75,0.6007539979986929
16398,0.8336673346693386,0.0,0.7659836867622027
16399,-0.24849699398797595,0.0,-0.19241349516104622
16400,0.3527054108216433,-0.25,-0.2692828895625557
16401,-0.3927855711422846,2.5,2.5328350989391595
16402,1.7154308617234468,0.0,-0.27702226177244926
16403,2.100200400801603,-0.25,-0.3626501441901169
16404,0.16032064128256512,-0.25,-0.16654420045564822
16405,2.0200400801603204,0.0,-0.370219663765633
16406,-0.2565130260521042,-0.25,-0.37974618108506303
16407,-0.3046092184368738,2.0,1.0420902212884429
16409,-0.11222444889779559,0.75,1.000217854465832
16411,-0.24849699398797595,0.0,-0.337393795947907
16412,0.02404809619238477,-0.25,-0.39330485224667044
16413,0.04809619238476954,-0.25,-0.3001000653563398
16414,-0.23246492985971945,0.0,-0.40049774206769745
16415,-0.04809619238476954,-0.25,-0.34583473338675086
16416,-0.19238476953907815,0.25,0.2827160174726667
16418,-0.04809619238476954,0.25,-0.027656439814934517
16419,0.4969939879759519,1.0,0.2142654058185605
16422,-0.26452905811623245,12.25,25.12034059145642
16423,-0.20841683366733466,-0.25,-0.2381260085000167
16424,1.1302605210420842,-0.25,-0.3950993822533537
16425,2.0200400801603204,-0.25,-0.27019123191161765
16426,-0.3847695390781563,2.0,0.8826355220937662
16427,1.7074148296593186,0.0,-0.31571173792477014
16429,0.44889779559118237,-0.25,-0.28359482023314125
16430,0.056112224448897796,-0.25,-0.27155743788378395
16431,1.3066132264529058,0.25,-0.03344619917806101
16432,0.11222444889779559,-0.25,-0.28149012454629047
16433,-0.17635270541082165,-0.25,-0.3576579537188497
16434,-0.1683366733466934,1.25,0.6227166821134099
16438,-0.36072144288577157,0.75,0.09584119517175424
16440,-0.34468937875751504,0.75,2.194865281013799
16441,0.13627254509018036,0.0,-0.2122197893088845
16442,-0.3927855711422846,0.25,-0.043770285389350315
16444,-0.03206412825651302,0.5,-0.010265007034114601
16445,-0.13627254509018036,-0.25,-0.3235028044146916
16446,-0.40080160320641284,0.0,123.92147638863761
16447,0.6813627254509018,-0.25,-0.30474516566170534
16448,1.186372745490982,-0.25,-0.358595835656499
16449,1.1783567134268538,0.0,0.028889717638457598
16450,0.7935871743486974,-0.25,-0.26338235674222654
16451,0.2965931863727455,-0.25,-0.29657746941729474
16454,-0.04809619238476954,0.0,-0.4886364895152924
16455,0.10420841683366733,1.25,0.8659604243361902
16456,0.3927855711422846,0.75,1.100061663891176
16457,1.346693386773547,-0.25,-0.33986035159495326
16458,-0.3847695390781563,4.0,2.0782356003736764
16460,-0.17635270541082165,0.25,0.10535294269689058
16461,1.0180360721442885,-0.25,-0.3881871185239069
16462,0.1843687374749499,0.25,-0.3932974673495236
16463,-0.23246492985971945,0.5,0.5566957016206158
16464,-0.24849699398797595,0.25,0.4653149843255559
16466,-0.13627254509018036,1.25,0.6848679765012574
16468,0.19238476953907815,-0.25,-0.43841918891674647
16469,-0.21643286573146292,0.5,-0.031865831188636194
16470,0.008016032064128256,0.5,0.06218083397643475
16471,1.7955911823647295,-0.25,-0.3283472969430219
16473,0.9138276553106213,0.25,-0.2602880848376985
16474,-0.34468937875751504,1.25,0.8434143333468724
16475,0.3046092184368738,0.5,-0.09177211684384275
16477,0.10420841683366733,1.25,1.3484009851452796
16478,-0.20040080160320642,0.25,-0.2492919729860463
16479,-0.32064128256513025,0.0,-0.27157220767807766
16480,0.20040080160320642,-0.25,0.07438068406302266
16482,-0.280561122244489,-0.25,-0.33080646769292127
16483,1.1382765531062125,-0.25,-0.3908235268053305
16484,0.9859719438877755,0.0,-0.19516067689967254
16485,0.21643286573146292,-0.25,-0.22518028380159744
16488,-0.13627254509018036,0.25,-0.1253733988619874
16491,-0.03206412825651302,-0.25,0.04647315774509547
16493,0.23246492985971945,0.5,0.5044327845123938
16494,1.971943887775551,-0.25,0.11665183533156338
16495,-0.37675350701402804,0.25,-0.014998726105242215
16496,-0.3366733466933868,0.25,0.6874969998855341
16497,-0.008016032064128256,1.0,1.696399493396056
16498,0.8897795591182365,0.0,-0.41916676205492154
16499,2.4849699398797593,0.0,-0.22385100231516533
16500,-0.3687374749498998,1.0,-0.19770108151818722
16503,0.44889779559118237,0.5,0.563733508601559
16504,-0.20040080160320642,-0.25,-0.14968448026940112
16505,-0.1523046092184369,-0.25,0.08051753359205088
16506,-0.24849699398797595,0.0,-0.42704644731060515
16509,1.971943887775551,-0.25,-0.22514335931586316
16510,2.5811623246492985,-0.25,-0.31051277033339125
16511,-0.23246492985971945,0.25,0.18444519113960042
16513,-0.3687374749498998,0.5,0.15214365101930044
16515,0.01603206412825651,0.75,0.7056786166610666
16516,-0.16032064128256512,-0.25,-0.41862766456320194
16517,1.8196392785571143,-0.25,-0.37357979196744745
16518,0.08817635270541083,0.0,-0.13606672993061897
16519,-0.20040080160320642,0.0,-0.3348977007122734
16520,1.0901803607214429,0.25,0.2791491121507405
16523,-0.3927855711422846,4.75,6.461711154517897
16525,-0.3847695390781563,6.0,9.12690576501996
16526,0.969939879759519,-0.25,-0.2793041949908243
16527,0.24849699398797595,-0.25,-0.32531210421566864
16528,-0.37675350701402804,-0.25,-0.3132377973805771
16529,1.122244488977956,-0.25,-0.15753462593649734
16531,-0.22444889779559118,1.25,0.42538484545256494
16532,-0.26452905811623245,0.25,4.4901873179161305
16533,-0.24849699398797595,0.25,0.30591197941090675
16535,-0.36072144288577157,-0.25,-0.05525380045269424
16536,0.48096192384769537,-0.25,-0.08895108613374791
16539,-0.3847695390781563,0.5,0.5318898321043634
16542,0.02404809619238477,-0.25,-0.4053939288760557
16545,0.9138276553106213,-0.25,-0.24316250835416497
16546,1.9238476953907815,0.0,0.08757011036728782
16549,-0.32064128256513025,2.0,2.486000081233869
16550,0.4649298597194389,0.75,1.2040336308216066
16551,0.36072144288577157,0.25,0.18724406715825465
16552,1.5390781563126252,0.0,-0.21330536918947068
16553,0.905811623246493,2.5,3.7302961713000746
16554,-0.06412825651302605,0.25,0.12445767161577857
16555,-0.12024048096192384,0.0,-0.28260524401546405
16556,0.1282565130260521,1.25,1.95346776307773
16557,-0.20841683366733466,0.0,-0.2855887424627894
16558,-0.40080160320641284,4.5,5.664157032452931
16560,-0.19238476953907815,0.0,0.1276405622860687
16561,-0.36072144288577157,0.0,-0.11627520557707438
16563,0.02404809619238477,-0.25,0.3021678365574564
16565,2.5170340681362724,-0.25,-0.365456405105918
16566,-0.280561122244489,0.75,-0.03981198051864139
16567,1.154308617234469,0.0,0.1455046284842868
16569,-0.37675350701402804,-0.25,-0.40201164598280065
16570,-0.280561122244489,2.0,2.267037880829915
16571,-0.19238476953907815,0.25,0.5561713739231898
16572,0.6172344689378757,0.25,0.2518471473988546
16573,0.2725450901803607,0.0,-0.0036629089848351413
16574,0.1683366733466934,-0.25,-0.16034827174944527
16581,1.0581162324649298,-0.25,-0.41557031714440806
16582,0.5050100200400801,-0.25,-0.2621269242272629
16583,2.5891783567134268,-0.25,-0.3213316446535192
16584,0.24048096192384769,0.0,0.1975533835752503
16586,1.5871743486973948,-0.25,-0.1511097654187422
16587,1.4589178356713426,-0.25,-0.3274611092854005
16589,0.1683366733466934,0.25,-0.1545880519749062
16591,0.14428857715430862,-0.25,-0.33606451446147495
16592,-0.3687374749498998,3.5,2.544178300956714
16593,0.0,0.25,-0.2500083080092903
16594,0.20040080160320642,-0.25,-0.3599989661143995
16595,0.08817635270541083,-0.25,-0.2277576129058463
16596,-0.280561122244489,0.0,-0.30899886641828805
16597,-0.3687374749498998,-0.25,-0.4272384546364232
16598,1.8837675350701404,-0.25,-0.3866141354316288
16600,-0.3687374749498998,1.0,0.10704408414351806
16601,-0.08016032064128256,-0.25,-0.3145006147926876
16602,-0.11222444889779559,-0.25,-0.10375042001602525
16603,0.19238476953907815,0.0,-0.13743293590278524
16607,-0.26452905811623245,3.0,1.9785173341998281
16609,-0.280561122244489,1.25,3.5631316394840917
16610,1.3547094188376754,-0.25,-0.43785793673358625
16611,1.0901803607214429,-0.25,-0.39810503539211967
16612,-0.14428857715430862,0.5,0.38334262599557656
16613,0.16032064128256512,-0.25,-0.03690971593993127
16614,1.0581162324649298,-0.25,-0.11991595987046896
16616,-0.280561122244489,0.0,-0.1241770455241985
16617,1.4829659318637274,-0.25,-0.38159240537177425
16618,-0.1523046092184369,0.75,1.4614859151549169
16619,1.7074148296593186,-0.25,-0.32667831018783494
16620,-0.37675350701402804,0.0,-0.3615719492066775
16621,0.008016032064128256,0.5,0.1070145445549307
16623,1.56312625250501,-0.25,-0.39813457498070703
16624,0.24048096192384769,0.0,0.10486553948519883
16625,1.7955911823647295,-0.25,-0.24775591437950256
16626,-0.40080160320641284,3.75,2.7652968913275466
16627,0.23246492985971945,-0.25,-0.2553475886464592
16628,-0.1683366733466934,0.75,1.1221203516688023
16629,0.1843687374749499,0.0,-0.19196301643508867
16633,-0.26452905811623245,1.0,1.635407627860263
16634,1.3787575150300602,0.0,-0.33281515971686315
16637,-0.14428857715430862,0.5,0.358832152365198
16638,-0.22444889779559118,2.0,0.7474623647179155
16639,-0.1523046092184369,0.25,0.4349261325662887
16641,0.4408817635270541,-0.25,-0.32306709548302776
16642,-0.3687374749498998,0.0,0.014592556762165691
16643,1.56312625250501,-0.25,-0.1337109477407754
16644,1.0180360721442885,0.0,0.122005885763026
16647,0.9539078156312625,0.0,-0.3356509602212516
16648,-0.06412825651302605,-0.25,-0.27908264807641897
16650,0.1683366733466934,-0.25,-0.11088423065987757
16652,0.06412825651302605,1.25,4.50877510403474
16653,-0.2725450901803607,0.0,0.401804868862689
16654,0.7294589178356713,0.5,-0.04970035779826682
16655,-0.26452905811623245,1.0,2.3047894750445868
16656,-0.22444889779559118,3.25,5.8763325123789345
16657,-0.3286573146292585,0.5,0.15202549266495086
16658,2.5490981963927855,-0.25,-0.40272059610889777
16659,1.1142284569138277,-0.25,-0.46484235090815784
16660,-0.2725450901803607,0.5,0.4424144182731896
16665,2.501002004008016,-0.25,-0.3937405611783343
16666,-0.24849699398797595,-0.25,-0.40586656229345375
16667,0.14428857715430862,0.0,-0.07487547217186133
16668,-0.280561122244489,1.0,-0.26722250325858593
16669,-0.21643286573146292,0.25,0.5024019377970115
16670,-0.2725450901803607,2.25,2.5310479538296233
16671,-0.17635270541082165,0.25,0.7559919209225214
16672,-0.3847695390781563,4.5,5.513837451028902
16674,0.03206412825651302,0.0,-0.2690539577510035
16676,-0.13627254509018036,0.5,0.6820321759968688
16678,-0.3847695390781563,2.5,1.8029635592250288
16679,2.533066132264529,-0.25,-0.3979130280663017
16680,-0.056112224448897796,-0.25,-0.358071507959073
16681,0.17635270541082165,1.0,0.8136458129479403
16682,-0.3687374749498998,0.75,0.2654353581490494
16684,-0.3687374749498998,6.5,48.729236438559504
16685,0.08817635270541083,0.0,-0.25428416345731353
16686,-0.02404809619238477,1.25,1.692108868153739
16688,-0.3927855711422846,0.5,0.4374000731104819
16689,0.20040080160320642,0.0,-0.1816463151209462
16690,0.17635270541082165,0.0,-0.32714355870808615
16692,1.651302605210421,0.0,0.4485808073908051
16693,0.14428857715430862,0.0,-0.1408373734874808
16696,0.6813627254509018,0.5,-0.007879685255683656
16697,1.531062124248497,-0.25,-0.4104673532159382
16698,1.4108216432865732,0.0,0.9817703813930132
16700,-0.3366733466933868,2.75,3.2552478925349777
16701,-0.3366733466933868,2.75,3.4928569582347153
16705,-0.40080160320641284,4.5,9.870963692153179
16706,-0.10420841683366733,0.25,-0.10133555864900695
16708,-0.04008016032064128,-0.25,-0.008817567193332957
16709,0.2725450901803607,0.75,1.743795763284507
16710,-0.24849699398797595,2.0,1.328853162397581
16711,-0.37675350701402804,0.75,0.7255366050889327
16712,-0.3286573146292585,2.25,2.173183222990662
16713,-0.2565130260521042,3.25,4.609807881900726
16714,1.346693386773547,0.25,0.3400671287150648
16715,0.22444889779559118,-0.25,-0.2709149518320085
16716,1.7314629258517034,0.0,0.17179486232705496
16717,-0.21643286573146292,1.0,2.344342984163088
16718,2.5571142284569137,-0.25,-0.046170376962074856
16719,-0.28857715430861725,1.25,0.8135571941821782
16720,-0.19238476953907815,-0.25,-0.38078006668562137
16721,1.6993987975951903,-0.25,-0.27774598169284004
16722,-0.26452905811623245,2.75,2.9999224585799587
16723,0.3286573146292585,0.0,-0.06806659700247031
16725,2.0200400801603204,1.25,0.06624252740719949
16726,-0.19238476953907815,0.75,0.5096834463838006
16727,2.5170340681362724,-0.25,-0.3044423848786847
16728,-0.03206412825651302,0.5,0.280411929562851
16729,-0.09619238476953908,4.75,4.827330027361045
16730,0.01603206412825651,0.25,0.05504702333258252
16732,-0.1523046092184369,-0.25,-0.04786890330584925
16734,0.01603206412825651,0.25,-0.016106460677268963
16735,0.22444889779559118,0.75,1.1659571011324739
16737,0.02404809619238477,-0.25,-0.1853387636943687
16738,1.9799599198396793,-0.25,-0.49096273211654856
16739,1.0100200400801602,-0.25,-0.2551998907035223
16742,-0.03206412825651302,-0.25,-0.15040820018979192
16743,-0.1683366733466934,1.25,1.1406416737130896
16744,-0.312625250501002,1.25,0.46033017875143556
16745,0.28857715430861725,3.75,4.8091410256883655
16746,-0.3687374749498998,4.0,4.439460459414452
16747,-0.10420841683366733,0.0,0.12368964231250672
16748,-0.26452905811623245,0.75,0.6257444899436164
16750,-0.04809619238476954,0.75,-0.032966180863516104
16751,-0.16032064128256512,-0.25,0.8094955007514135
16752,2.5811623246492985,-0.25,-0.34049545274958193
16753,0.06412825651302605,-0.25,-0.32836945163446246
16754,2.5811623246492985,-0.25,0.9850197361376251
16755,0.5130260521042084,0.25,0.5958578111903348
16756,1.314629258517034,-0.25,-0.3169376308511464
16757,2.1482965931863727,-0.25,-0.4148392123268704
16758,0.12024048096192384,-0.25,-0.2209782773250426
16759,-0.34468937875751504,0.25,0.08951972321405488
16761,0.3687374749498998,-0.25,-0.2599114550832094
16762,-0.24849699398797595,0.25,0.39780225460909896
16763,1.186372745490982,-0.25,-0.04188713661690488
16764,-0.37675350701402804,2.75,1.5673558006520867
16765,1.9559118236472945,-0.25,-0.4686234182473425
16766,1.7875751503006012,0.0,0.3522817485959464
16767,-0.16032064128256512,2.25,3.6237616450596897
16768,-0.02404809619238477,0.25,-0.14066752085310336
16769,1.6833667334669338,-0.25,-0.22673849709958172
16770,0.056112224448897796,0.75,0.06537849444101866
16771,-0.13627254509018036,0.75,1.1624123505019885
16773,0.056112224448897796,-0.25,-0.36701461840390226
16774,0.13627254509018036,0.5,-0.005206352488525768
16775,-0.32064128256513025,2.25,0.7554306687393612
16776,0.08016032064128256,-0.25,-0.2193535999527367
16777,0.24048096192384769,0.0,-0.3293294882635523
16778,0.19238476953907815,0.0,-0.3121079081171098
16779,-0.3847695390781563,5.0,7.342914006565175
16780,0.40080160320641284,0.0,-0.18191217141823263
16781,2.5811623246492985,-0.25,-0.26387714485106517
16782,-0.32064128256513025,2.75,1.181125679872094
16784,-0.24849699398797595,-0.25,-0.41427057524656336
16788,0.5851703406813628,0.0,-0.054781167035296174
16789,-0.3366733466933868,-0.25,-0.4340620996001079
16790,-0.37675350701402804,1.0,0.6476924042640397
16791,-0.1683366733466934,1.25,0.765968916967909
16792,1.8597194388777556,0.0,-0.41221757383974045
16793,0.056112224448897796,-0.25,-0.31365873651794723
16794,-0.3927855711422846,2.0,0.38987087507338747
16795,2.5250501002004007,-0.25,-0.18734745571831055
16796,0.312625250501002,-0.25,-0.26803484194473887
16800,-0.312625250501002,-0.25,0.36487299823131725
16801,0.905811623246493,0.5,0.6835903892948532
16803,0.12024048096192384,-0.25,-0.24833193635695647
16804,-0.21643286573146292,0.25,-0.09717047665818639
16805,0.9859719438877755,0.0,-0.15359109086008207
16806,0.4248496993987976,0.5,0.06911525239732219
16807,0.7374749498997996,0.25,0.3345506105463716
16808,0.3927855711422846,0.0,-0.28073686503731227
16809,-0.21643286573146292,0.75,0.18175708857814887
16810,1.1382765531062125,-0.25,-0.26513996226317565
16811,-0.3687374749498998,0.0,-0.08972650033416661
16812,2.4849699398797593,-0.25,-0.1397370238126009
16813,-0.3366733466933868,2.0,0.72638586826082
16814,-0.28857715430861725,4.75,4.2449348836694085
16816,0.4248496993987976,0.5,-0.18573754814029833
16817,-0.3847695390781563,1.75,0.6913593010933341
16818,-0.32064128256513025,2.25,1.9798909250691414
16820,0.36072144288577157,-0.25,-0.12625220162246195
16823,1.4188376753507015,-0.25,-0.22907212459798473
16824,-0.280561122244489,0.0,-0.1535541663743479
16825,-0.09619238476953908,0.0,0.07873038848251435
16826,0.008016032064128256,-0.25,-0.24139013303892218
16828,0.34468937875751504,0.0,-0.39883614020965735
16829,0.8496993987975952,-0.25,-0.34808712701653854
16830,-0.09619238476953908,-0.25,-0.2530508856337904
16832,1.0741482965931863,0.25,-0.3466618418671975
16833,-0.3927855711422846,0.5,0.32342895544322303
16834,1.4188376753507015,-0.25,-0.18839611111316257
16835,0.625250501002004,0.0,-0.3601762036459238
16836,-0.08817635270541083,0.0,-0.3077286641090307
16837,-0.1523046092184369,2.25,1.8480040469236367
16838,1.1783567134268538,0.0,-0.05887240005464827
16839,-0.3366733466933868,8.0,11.761024728328097
16841,-0.11222444889779559,1.0,0.8871107697647542
16842,0.40080160320641284,0.25,0.4398592438603812
16843,-0.06412825651302605,3.5,7.036330001513905
16846,0.0,-0.25,-0.33545895289543365
16847,-0.056112224448897796,-0.25,-0.350878618138046
16848,0.01603206412825651,-0.25,-0.28590629304010373
16849,1.0901803607214429,-0.25,-0.40173840478836736
16850,2.2685370741482966,-0.25,-0.24825070248834116
16851,-0.3687374749498998,0.25,-0.2408362657529088
16852,-0.32064128256513025,0.0,-0.38671752399168474
16855,-0.21643286573146292,0.0,-0.251212046244226
16856,-0.28857715430861725,-0.25,-0.4675895326467842
16858,2.5490981963927855,-0.25,-0.21628886763679603
16859,0.7535070140280561,0.0,0.058517924991599614
16861,0.07214428857715431,0.0,-0.3654120957230369
16863,-0.1523046092184369,0.0,-0.1224194400032494
16866,0.7214428857715431,0.25,-0.34031821521805766
16869,-0.22444889779559118,0.5,0.10970264711638227
16871,-0.22444889779559118,1.0,1.583152095649188
16872,0.21643286573146292,0.25,0.008455707233137462
16873,-0.3687374749498998,1.0,4.766988032774174
16875,0.13627254509018036,0.75,1.0537952832661925
16877,-0.3046092184368738,1.0,0.13148809369957498
16878,0.2725450901803607,-0.25,-0.48391015534131165
16880,-0.16032064128256512,1.25,0.6076736466252868
16881,0.1282565130260521,-0.25,-0.17470451180291194
16882,0.1282565130260521,0.25,0.0269917990717184
16883,1.0981963927855711,0.0,-0.29250839108938315
16884,-0.10420841683366733,0.0,-0.17629964958663047
16885,-0.280561122244489,0.25,-0.1611089161555703
16887,-0.12024048096192384,-0.25,-0.3516983417213458
16889,1.154308617234469,0.25,0.6720994893343624
16891,-0.3927855711422846,0.75,0.05454485032659701
16892,-0.3927855711422846,0.75,-0.11105408329425494
16893,2.533066132264529,-0.25,-0.38596426448270654
16895,0.11222444889779559,-0.25,-0.3443577539573819
16897,1.9959919839679359,0.0,-0.27973251902534135
16898,-0.19238476953907815,0.25,-0.12372656679824096
16899,-0.34468937875751504,1.0,0.4449326682002636
16900,-0.2725450901803607,0.25,0.16138954224715035
16902,0.5290581162324649,-0.25,0.766781255654062
16903,-0.1683366733466934,-0.25,-0.22551260417320546
16904,-0.3687374749498998,3.5,2.204524726481872
16905,-0.36072144288577157,1.25,1.7495042887790182
16906,0.24849699398797595,0.5,-0.0804806091063167
16907,-0.1683366733466934,0.75,0.1921476388637597
16909,0.17635270541082165,-0.25,-0.21374107812113455
16910,-0.3687374749498998,1.5,0.6206193713237059
16912,-0.17635270541082165,2.25,1.393537476506796
16913,1.9238476953907815,-0.25,-0.4099577953128059
16914,-0.11222444889779559,-0.25,-0.3580271985761919
16915,-0.3286573146292585,1.0,-0.034627782721556144
16916,-0.21643286573146292,0.0,-0.07839806811090645
16917,1.811623246492986,-0.25,-0.20459857545334045
16918,-0.008016032064128256,1.0,0.29558050830247057
16919,0.8496993987975952,2.25,1.4206178943442767
16921,0.08817635270541083,-0.25,-0.3798717243365594
16923,-0.3046092184368738,4.25,4.726710803735282
16924,-0.23246492985971945,0.25,0.11913316077290331
16926,2.5731462925851702,-0.25,-0.32369481174050957
16927,0.5210420841683366,0.25,-0.09269522898719837
16928,0.24048096192384769,3.75,1.5848949313758434
16929,-0.37675350701402804,1.25,0.4629001229585376
16930,-0.19238476953907815,0.25,-0.21392570054980567
16931,-0.36072144288577157,4.75,2.8699925781783677
16932,0.02404809619238477,-0.25,-0.38278875870956314
16933,-0.3927855711422846,0.0,-0.07779250654486514
16934,0.03206412825651302,0.0,0.19382401051609352
16936,-0.20040080160320642,-0.25,-0.3003216122707452
16938,-0.3366733466933868,0.5,1.5088157209690465
16940,0.01603206412825651,0.25,1.758572942475344
16942,-0.3046092184368738,1.75,0.9130834530302081
16943,1.2905811623246493,0.25,0.10941463612765533
16945,-0.23246492985971945,4.25,2.7153749866148744
16947,1.4829659318637274,-0.25,-0.19355076932166032
16948,0.7054108216432866,0.25,-0.17247427286456476
16949,-0.37675350701402804,1.0,0.4561650967606149
16950,0.04809619238476954,0.25,0.3766223695919475
16951,0.6733466933867736,0.25,0.449873164391503
16952,0.4729458917835671,0.0,-0.36995380746834655
16953,-0.16032064128256512,-0.25,-0.4783714824811779
16954,-0.40080160320641284,1.75,1.0460780657477393
16955,1.0741482965931863,0.5,-0.11069960823120645
16956,-0.26452905811623245,-0.25,-0.26573075403492324
16957,1.5150300601202404,0.0,-0.18604771382046584
16959,0.2965931863727455,-0.25,-0.4070703005283895
16960,-0.09619238476953908,0.25,-0.11928085871584028
16961,0.5290581162324649,-0.25,-0.3207999320589463
16963,1.0981963927855711,-0.25,-0.41209203058824406
16965,1.4108216432865732,-0.25,-0.3451553228492411
16966,-0.3366733466933868,1.25,1.0976911119070387
16967,1.1142284569138277,-0.25,-0.25813907976796663
16968,-0.3687374749498998,0.0,-0.1692175332228061
16969,-0.08817635270541083,0.25,-0.013410973218670559
16971,-0.09619238476953908,-0.25,-0.2299361575641656
16976,1.7394789579158316,-0.25,-0.3079871355091703
16978,0.21643286573146292,-0.25,-0.23944790508930194
16979,-0.37675350701402804,1.0,0.8739508830490763
16980,1.6432865731462927,0.0,0.26577506341780427
16982,0.08016032064128256,-0.25,-0.2101077087248868
16983,-0.3046092184368738,1.25,0.9137333239791302
16984,0.3046092184368738,0.0,2.799577583883201
16985,-0.26452905811623245,2.0,3.5414643512552484
16986,-0.1683366733466934,0.0,0.8896068650003879
16987,-0.37675350701402804,1.25,0.7002581021552823
16988,-0.36072144288577157,-0.25,-0.4005937457306064
16989,-0.34468937875751504,1.0,0.3431614006195929
16990,1.346693386773547,-0.25,-0.36154240961809014
16992,-0.32064128256513025,0.75,0.6984192627657179
16996,-0.16032064128256512,1.0,0.582217906160112
16997,1.907815631262525,0.25,0.02468771116190276
16998,0.7935871743486974,0.5,-0.27587760271468825
16999,-0.21643286573146292,0.0,-0.1356974850732767
17001,-0.40080160320641284,2.25,2.4525243424672207
17002,0.280561122244489,0.25,0.6093721729690611
17004,-0.03206412825651302,0.0,0.4752698256795028
17006,-0.3687374749498998,0.5,0.08360442059943206
17007,0.0,1.0,0.16347208324256068
17010,-0.2565130260521042,-0.25,-0.3494607178858517
17011,-0.16032064128256512,-0.25,-0.2936752048385847
17014,-0.3366733466933868,0.25,-0.06287501430823822
17015,-0.17635270541082165,0.25,0.864062505769451
17017,-0.3847695390781563,4.5,5.926889518246236
17018,-0.08016032064128256,0.0,0.185752317934592
17019,-0.312625250501002,0.5,0.43534707170365883
17022,-0.1523046092184369,-0.25,-0.441299298804016
17024,-0.04008016032064128,0.25,-0.4229478293941062
17025,0.08016032064128256,0.25,-0.22952260332394228
17026,1.0821643286573146,0.0,-0.37939170602201444
17027,0.22444889779559118,1.0,0.15433696547191342
17029,0.48096192384769537,0.0,0.03502656716748574
17030,0.10420841683366733,-0.25,-0.3852700841509031
17031,-0.312625250501002,0.0,-0.21284750556636628
17033,0.28857715430861725,0.25,0.2670157261384743
17034,-0.2725450901803607,0.25,0.056826783544972136
17035,1.56312625250501,0.0,-0.1735746225394446
17037,0.2965931863727455,-0.25,0.4421707166673436
17038,-0.16032064128256512,-0.25,-0.41072582461607776
17040,0.6973947895791583,-0.25,-0.16161108916155575
17041,-0.19238476953907815,0.25,0.2975522758406782
17042,-0.3847695390781563,0.75,0.2717715999010423
17043,-0.14428857715430862,0.5,0.7876805145796334
17044,-0.20040080160320642,-0.25,0.20671065603733804
17045,0.5050100200400801,0.25,-0.24305911979410916
17046,0.8577154308617234,-0.25,-0.019606901924873493
17047,0.280561122244489,0.25,0.3192712583495494
17048,0.5370741482965932,0.25,0.1896293889366856
17049,-0.3847695390781563,1.75,3.682449422685666
17050,0.3687374749498998,1.0,1.8588303061409113
17051,1.154308617234469,-0.25,-0.3158372811762665
17052,-0.17635270541082165,-0.25,-0.1990082083131788
17053,0.6412825651302605,-0.25,-0.12560971557068643
17054,-0.17635270541082165,0.75,0.5079036861714108
17058,0.24849699398797595,0.25,0.377604560912478
17059,-0.1683366733466934,0.75,1.7811042636703678
17060,1.7314629258517034,-0.25,-0.3207482377789184
17061,0.1843687374749499,2.25,3.3702159713170605
17062,2.1082164328657313,0.5,-0.09987334901393163
17063,-0.23246492985971945,1.25,0.5853047931674933
17064,0.06412825651302605,0.25,0.13800895788023915
17068,-0.3046092184368738,4.75,2.8679765012572793
17069,-0.17635270541082165,1.75,1.5073535113339713
17070,0.5130260521042084,-0.25,-0.2690539577510035
17071,-0.17635270541082165,1.75,1.300081603113473
17073,-0.26452905811623245,0.5,0.5741905229614914
17075,-0.26452905811623245,0.5,0.12225697226601875
17076,-0.11222444889779559,0.25,0.1273968606802228
17078,-0.11222444889779559,0.0,-0.21443525845293798
17079,0.22444889779559118,-0.25,-0.40599949044209693
17080,-0.22444889779559118,0.0,-0.28132765680905986
17081,-0.20040080160320642,0.0,-0.2803750050771169
17082,-0.13627254509018036,0.0,0.9860905462239178
17083,0.4729458917835671,0.25,0.5444220025625593
17084,-0.12024048096192384,0.0,1.5356302825092407
17085,0.5851703406813628,0.75,0.6600842616764456
17086,-0.34468937875751504,1.0,1.0202309257337818
17088,-0.17635270541082165,0.5,0.9766083382873687
17090,-0.3687374749498998,1.25,0.9645266465551302
17091,-0.3847695390781563,1.75,2.333029321734122
17092,0.0,0.5,0.8163708399951262
17094,2.1803607214428857,-0.25,-0.2707081747118968
17095,-0.22444889779559118,0.25,0.4841464720500106
17096,-0.280561122244489,0.5,0.2611004235238514
17097,-0.3847695390781563,1.5,0.21109728494256394
17100,-0.2565130260521042,0.0,0.22388792680089947
17101,-0.32064128256513025,0.5,0.7038988564486769
17102,1.691382765531062,-0.25,-0.4749005808221607
17105,0.87374749498998,0.0,-0.002060386303969809
17107,-0.13627254509018036,1.0,7.480095855964967
17109,-0.1683366733466934,1.0,0.15709153210768653
17110,0.9218436873747495,-0.25,-0.3731366981386368
17111,-0.02404809619238477,-0.25,-0.32269046572853866
17114,-0.36072144288577157,1.5,0.09788681168143029
17115,-0.3366733466933868,0.25,0.12475306750165235
17117,1.907815631262525,-0.25,-0.40791956370027666
17118,2.1402805611222444,-0.25,-0.3777744135468554
17119,-0.37675350701402804,0.0,-0.04553527580744626
17120,1.4669338677354709,-0.25,-0.2666760208697194
17122,0.5531062124248497,-0.25,-0.3915841712114555
17123,0.8897795591182365,-0.25,-0.23873157006605797
17124,1.0821643286573146,-0.25,-0.2764388548978485
17125,0.0,-0.25,-0.32351018931183845
17126,0.8176352705410822,0.75,0.236966579647962
17128,2.276553106212425,-0.25,-0.3777227192668275
17131,-0.36072144288577157,0.75,1.3252936419728016
17133,-0.280561122244489,1.25,3.119136853221478
17134,0.44889779559118237,0.0,-0.18858811843898052
17135,-0.2725450901803607,1.25,0.34794681397074845
17138,1.8036072144288577,-0.25,-0.21273673210916363
17139,-0.280561122244489,2.5,7.371752029923605
17140,1.5791583166332666,-0.25,-0.1583691193140908
17142,1.5150300601202404,-0.25,-0.0661465237442906
17144,-0.3927855711422846,0.0,0.23336274984030164
17146,0.4408817635270541,0.25,0.059972749729528096
17147,-0.22444889779559118,0.5,0.7724750113542794
17148,0.008016032064128256,-0.25,-0.4015094729768152
17152,1.154308617234469,0.25,0.7539463044128454
17153,-0.20841683366733466,-0.25,-0.3358577373413633
17154,0.20040080160320642,-0.25,-0.2505178659124226
17155,-0.26452905811623245,0.0,-0.3078542073605271
17157,-0.34468937875751504,0.0,-0.2581538495622603
17158,-0.14428857715430862,0.25,0.4419122452672041
17159,-0.23246492985971945,0.25,0.6427149835870662
17160,-0.1523046092184369,1.0,2.1042969024048923
17162,-0.17635270541082165,2.0,0.773117497406055
17163,-0.23246492985971945,0.0,-0.2772807331725888
17164,-0.14428857715430862,1.25,1.3283805289801827
17165,1.8757515030060121,-0.25,-0.37654852062047917
17166,-0.09619238476953908,0.0,-0.34135210081861594
17169,0.056112224448897796,0.0,0.123482865192395
17171,1.9158316633266532,-0.25,-0.32763834681692483
17172,0.22444889779559118,-0.25,-0.2590695768084691
17173,-0.36072144288577157,1.5,2.287863290784018
17174,1.3386773547094188,-0.25,-0.44949653463701394
17175,-0.04809619238476954,0.5,0.5724181476462488
17176,1.2104208416833668,-0.25,-0.2676582121902498
17179,1.0260521042084167,0.25,0.03191752546866398
17180,0.04809619238476954,0.5,0.08522171307459116
17181,0.056112224448897796,0.0,-0.31655361619951045
17183,-0.34468937875751504,1.0,1.9782219383139543
17186,-0.03206412825651302,0.0,-0.3873895496320476
17187,1.4108216432865732,-0.25,-0.3431170912367119
17188,-0.312625250501002,1.25,1.333461338217212
17189,0.44889779559118237,0.0,-0.210336640536439
17190,0.06412825651302605,0.0,-0.16529615283783142
17191,-0.17635270541082165,1.25,1.052429077294026
17193,-0.12024048096192384,1.25,0.7611835036167535
17194,1.7875751503006012,0.0,-0.29978989967617237
17197,-0.1683366733466934,-0.25,0.2543653973259287
17198,-0.21643286573146292,0.25,0.01746528175228838
17201,0.02404809619238477,-0.25,-0.27973251902534135
17203,-0.12024048096192384,1.0,2.135350394907375
17204,1.002004008016032,0.5,0.6616793994601641
17205,0.02404809619238477,-0.25,-0.21009293893059314
17206,0.02404809619238477,-0.25,-0.34290292921945337
17211,-0.19238476953907815,1.5,1.217511068114599
17212,1.6272545090180361,-0.25,-0.3262056767704368
17213,-0.08016032064128256,1.25,1.5601776806253533
17214,0.08016032064128256,1.0,0.2884171580700311
17217,1.4749498997995991,-0.25,-0.4099134859299248
17218,-0.3687374749498998,2.0,0.9477776998260858
17219,-0.1523046092184369,-0.25,-0.4093743884382051
17220,-0.20841683366733466,3.0,1.860240821495959
17221,-0.34468937875751504,0.0,-0.24672202877894425
17222,0.12024048096192384,-0.25,-0.25102742381555493
17223,2.0841683366733466,0.0,-0.18586309139179472
17226,2.06813627254509,-0.25,-0.20314375071541196
17227,-0.2565130260521042,1.0,0.19994609025082807
17228,-0.280561122244489,1.5,0.913895791716361
17229,0.3687374749498998,0.0,-0.2583310870937846
17230,1.7154308617234468,1.5,2.1931962942586116
17231,-0.3046092184368738,2.0,1.8138415127223315
17232,-0.3847695390781563,0.0,-0.18521322044287236
17233,-0.12024048096192384,-0.25,-0.3527691518076383
17234,1.0581162324649298,-0.25,-0.3830398452125559
17235,-0.20040080160320642,0.0,-0.08751841608725995
17236,-0.3046092184368738,1.0,0.1828205137672945
17237,-0.312625250501002,0.0,-0.2613367402325505
17238,-0.3847695390781563,3.75,2.252785029336504
17239,2.100200400801603,-0.25,-0.21125975267979463
17242,0.4649298597194389,0.0,0.3444832972088781
17243,-0.3927855711422846,6.0,5.813007019344739
17244,0.02404809619238477,-0.25,0.2114517600056125
17245,1.2344689378757514,-0.25,-0.3671180069639581
17247,-0.280561122244489,-0.25,-0.28688848436063413
17248,0.561122244488978,-0.25,-0.2584123209623999
17250,-0.37675350701402804,0.0,-0.2116511522285774
17251,2.501002004008016,-0.25,-0.29446538883329715
17252,0.5290581162324649,0.0,-0.23606562219604696
17253,-0.2565130260521042,-0.25,-0.36208889200695665
17254,-0.3687374749498998,0.0,-0.2934610428213262
17255,-0.08016032064128256,0.0,-0.27847708651037767
17256,0.45691382765531063,0.0,-0.3164945370223357
17259,0.7855711422845691,0.0,-0.06449969168054415
17262,0.01603206412825651,0.75,0.43186140025034814
17263,1.2665330661322645,-0.25,-0.44688228104703076
17265,0.7054108216432866,0.0,-0.08755534057299423
17266,-0.3847695390781563,0.25,-0.2747107889654868
17267,0.6172344689378757,0.0,-0.2594831310486924
17268,0.45691382765531063,0.5,0.07020821717505527
17272,-0.06412825651302605,0.5,1.0930090871159392
17274,-0.12024048096192384,-0.25,-0.41410810750933275
17277,1.4188376753507015,0.0,0.29301794899251554
17278,1.531062124248497,-0.25,-0.3120340591456413
17279,0.056112224448897796,-0.25,-0.35502154543742603
17282,0.6412825651302605,0.25,0.75096280596552
17284,0.08016032064128256,1.0,0.7229149666018028
17286,-0.23246492985971945,-0.25,-0.38194688043482283
17287,-0.19238476953907815,1.25,0.28098795154030487
17288,-0.3286573146292585,1.25,0.5531731056815706
17289,-0.1523046092184369,0.25,0.19381662561894666
17290,-0.37675350701402804,0.0,-0.11487946001632068
17291,2.06813627254509,-0.25,-0.08697193369839341
17293,-0.3366733466933868,1.75,0.8754721718613264
17295,-0.17635270541082165,0.25,-0.08977819461419456
17297,-0.26452905811623245,-0.25,-0.3990724569183564
17298,0.4088176352705411,0.0,-0.1256540249535675
17299,-0.312625250501002,0.5,-0.008832336987626633
17301,-0.23246492985971945,-0.25,-0.37318100752151784
17302,-0.28857715430861725,0.75,0.34491900614054205
17303,2.4929859719438876,-0.25,-0.30908010028690336
17306,-0.32064128256513025,4.25,5.880401590706846
17309,0.36072144288577157,-0.25,-0.43262204465647314
17311,0.22444889779559118,0.0,0.5289654128342127
17312,0.7054108216432866,0.25,-0.017923145375392857
17313,-0.1523046092184369,-0.25,1.226092318599233
17314,-0.20841683366733466,1.5,1.373110850998623
17315,-0.3927855711422846,9.0,4.1448916820210995
17317,-0.03206412825651302,0.25,1.4265922761360743
17320,0.40080160320641284,0.25,0.3929134526978877
17321,-0.3366733466933868,0.0,-0.008426167644550193
17323,-0.280561122244489,1.25,0.17572362760917645
17324,-0.26452905811623245,0.5,0.234773265195349
17325,1.843687374749499,-0.25,-0.422246264165156
17329,-0.28857715430861725,0.0,-0.10742071389800723
17330,-0.22444889779559118,0.0,-0.22499566137292631
17331,0.5851703406813628,-0.25,-0.36434867053389125
17333,0.280561122244489,-0.25,-0.12873352706380187
17334,2.0200400801603204,0.0,-0.2670009563441806
17337,0.8096192384769539,0.5,0.9692603656262577
17338,-0.26452905811623245,1.5,4.301680433345766
17339,0.3527054108216433,0.0,-0.31401321158099577
17340,-0.1683366733466934,2.25,8.629045538968258
17341,0.8496993987975952,0.25,0.01013207888547126
17343,2.444889779559118,-0.25,-0.3507309201951091
17344,-0.03206412825651302,-0.25,-0.37733131971804473
17345,-0.280561122244489,0.5,-0.10994634872222826
17346,-0.37675350701402804,3.25,1.443237834305063
17347,0.28857715430861725,-0.25,-0.32464746347245255
17348,-0.28857715430861725,0.75,0.3604051354574759
17349,1.034068136272545,-0.25,-0.4211754540788634
17350,-0.3366733466933868,0.5,0.4525095726729266
17351,-0.11222444889779559,0.25,-0.06012783256961195
17353,0.6332665330661322,0.0,0.7912400350044125
17354,0.0,-0.25,0.5350284133917725
17356,2.092184368737475,-0.25,-0.362118431595544
17357,-0.20841683366733466,0.0,-0.20986400711904094
17358,2.0280561122244487,0.0,-0.2272775945913014
17359,-0.312625250501002,-0.25,-0.3993087736270554
17360,-0.26452905811623245,0.25,-0.0740926730742958
17361,-0.008016032064128256,0.25,-0.1332013898376431
17362,1.5150300601202404,0.0,-0.26315342493067434
17364,-0.40080160320641284,2.25,2.801911211381604
17365,-0.3046092184368738,1.5,3.026914257651677
17367,1.5070140280561122,-0.25,-0.36999811685122763
17368,-0.21643286573146292,1.5,0.8937941016826487
17370,0.17635270541082165,0.5,-0.16423272764868574
17371,-0.26452905811623245,0.25,-0.18474797192262113
17372,-0.08016032064128256,1.5,0.4937616081352028
17373,-0.08016032064128256,0.5,-0.01598830232291947
17374,1.346693386773547,0.0,-0.12761102269748145
17375,1.1943887775551103,0.25,-0.19826233370134744
17376,0.16032064128256512,0.0,-0.3436709585227253
17377,-0.21643286573146292,4.5,2.50329551035178
17379,-0.312625250501002,-0.25,-0.20592785693977256
17381,-0.3366733466933868,6.75,14.479597375407558
17382,0.12024048096192384,-0.25,-0.4454348412062492
17383,-0.3687374749498998,-0.25,-0.3509155426237802
17384,-0.24849699398797595,0.0,-0.24530412852675004
17385,-0.28857715430861725,-0.25,-0.30459746771876844
17386,-0.34468937875751504,1.0,1.490161470776116
17387,-0.24849699398797595,0.0,0.05777943527691511
17388,0.21643286573146292,0.5,0.4364400364813919
17389,-0.40080160320641284,8.0,23.01511319201102
17391,0.905811623246493,0.0,-0.11798850171514241
17392,2.0521042084168335,0.0,-0.1855824653002146
17394,1.3547094188376754,-0.25,-0.34317617041388665
17396,-0.08817635270541083,1.5,4.919988331862509
17397,-0.22444889779559118,0.0,0.009482207936548906
17398,0.5130260521042084,0.25,-0.011217658766057579
17400,0.6092184368737475,0.75,1.0555011945071135
17402,-0.3687374749498998,2.75,1.4513390664751518
17403,-0.11222444889779559,-0.25,-0.2988298630470825
17404,-0.3687374749498998,3.25,23.069126329743046
17405,-0.3927855711422846,0.25,0.26795360807612356
17406,2.2685370741482966,0.25,1.1194396340044974
17408,0.905811623246493,-0.25,-0.46962037936216655
17409,1.0741482965931863,0.0,0.07627121773261503
17410,-0.2725450901803607,0.75,0.403326157674939
17411,-0.3046092184368738,0.25,0.08150710980972814
17412,-0.3847695390781563,1.25,0.43533230190936517
17414,-0.056112224448897796,0.0,0.08081292947792468
17415,0.23246492985971945,-0.25,-0.11869745184123956
17416,-0.1683366733466934,1.25,4.596987700453803
17418,-0.06412825651302605,0.0,-0.15147162537893757
17419,-0.312625250501002,2.5,2.6275464048474464
17420,0.0,0.25,-0.05150227270209696
17422,-0.2725450901803607,1.0,0.9680123180084409
17423,-0.03206412825651302,0.0,0.022036533086185386
17425,-0.24849699398797595,0.0,0.06690716815041561
17426,-0.3366733466933868,1.0,3.226232631645024
17427,0.1683366733466934,-0.25,-0.419292305306418
17428,-0.40080160320641284,6.5,12.250274164306578
17429,0.625250501002004,0.25,-0.10608404751442824
17430,-0.14428857715430862,0.0,-0.29747104197206303
17431,2.1082164328657313,-0.25,-0.19589916661435705
17432,-0.2565130260521042,0.0,-0.22362207050361313
17433,0.3046092184368738,-0.25,-0.26985152664286277
17434,-0.3847695390781563,1.25,1.2593095859657417
17436,-0.3927855711422846,0.0,-0.33399674326035833
17438,1.6272545090180361,-0.25,-0.20686573887742182
17440,0.8496993987975952,0.25,-0.35606281593513117
17442,-0.11222444889779559,1.0,1.1668063643043611
17443,1.3547094188376754,-0.25,-0.09920132337356877
17444,0.7775551102204409,0.25,1.6774572322143984
17446,1.0100200400801602,0.0,-0.40444866204125957
17447,-0.08016032064128256,0.0,-0.0938177333535188
17449,-0.3847695390781563,1.25,1.3666786055837208
17450,-0.3366733466933868,11.0,143.06186697584772
17451,-0.3927855711422846,1.25,0.7775041263112809
17453,-0.26452905811623245,0.0,-0.13429435461537614
17454,1.1382765531062125,0.5,-0.11154148650594677
17455,1.2264529058116231,-0.25,-0.396472973122667
17456,2.5250501002004007,-0.25,-0.30921302843554654
17457,0.6092184368737475,0.75,0.7895415086606383
17458,-0.280561122244489,-0.25,-0.26000007384897156
17459,-0.056112224448897796,0.0,-0.008322779084494372
17460,0.3527054108216433,1.0,-0.034073915435542765
17461,-0.22444889779559118,0.25,0.04966343331253255
17462,0.08016032064128256,0.0,0.005258046768553635
17463,-0.2725450901803607,0.75,0.8915712476414486
17464,0.8657314629258517,-0.25,-0.2795995908766981
17466,-0.32064128256513025,0.0,0.06994236087776882
17468,-0.32064128256513025,0.0,-0.3925589776348391
17469,-0.2725450901803607,0.75,0.8879600329366415
17470,-0.04809619238476954,0.75,0.33712055475347363
17472,1.1302605210420842,0.25,0.021394047034409867
17475,0.23246492985971945,-0.25,-0.3501918227033894
17480,0.21643286573146292,-0.25,-0.11575826277679524
17481,-0.37675350701402804,0.5,0.4335082323140944
17483,0.12024048096192384,0.25,-0.1879677870786455
17486,1.691382765531062,-0.25,-0.20064765547977836
17489,0.06412825651302605,0.0,-0.2155873024078458
17490,-0.40080160320641284,1.25,1.0514247312820553
17491,-0.3927855711422846,2.0,2.134456822352607
17492,1.5871743486973948,-0.25,-0.2171159761172427
17495,-0.34468937875751504,0.0,-0.12628912610819618
17496,2.468937875751503,-0.25,-0.293564431381382
17498,0.20040080160320642,-0.25,-0.2927003984152012
17499,1.9158316633266532,-0.25,-0.033741595063934794
17500,-0.26452905811623245,0.25,0.34666922676434425
17501,1.3627254509018036,0.0,-0.280603936888669
17502,-0.3286573146292585,0.5,0.01516119384247274
17503,-0.3847695390781563,0.0,-0.08094585762656793
17504,1.250501002004008,1.75,1.7195437610542683
17505,0.8897795591182365,0.0,0.35245898612747084
17506,0.20040080160320642,-0.25,-0.2705604767689599
17507,1.691382765531062,0.0,-0.04651746712797659
17508,1.843687374749499,-0.25,-0.20770761715216218
17509,0.056112224448897796,1.5,3.9989734992965897
17510,-0.20841683366733466,-0.25,-0.2659227613607412
17511,-0.3847695390781563,7.25,66.7548989561448
17512,-0.17635270541082165,2.0,1.666342962008397
17513,0.17635270541082165,-0.25,-0.11473914697053059
17514,0.625250501002004,-0.25,-0.33964618957769477
17515,-0.1523046092184369,0.5,-0.021822371068926993
17516,-0.280561122244489,0.75,0.07112394442126405
17517,2.06813627254509,-0.25,-0.38004896186808373
17519,-0.26452905811623245,1.0,0.868057735125894
17520,0.02404809619238477,-0.25,-0.08991850765998466
17521,-0.1683366733466934,0.25,0.04035107801036101
17522,-0.3927855711422846,0.75,0.29697625386322435
17523,-0.312625250501002,0.5,-0.011690292183455646
17524,2.4929859719438876,-0.25,-0.3866510599173631
17525,2.476953907815631,-0.25,-0.18157246614947778
17526,-0.3687374749498998,0.5,0.38942778124457667
17527,0.02404809619238477,0.5,0.19998301473656224
17528,-0.3927855711422846,1.5,2.1858778611860887
17530,-0.3927855711422846,2.0,1.2543617048773554
17531,1.122244488977956,-0.25,-0.2746221701997246
17534,0.02404809619238477,-0.25,-0.3287830058746858
17535,1.843687374749499,-0.25,-0.3723243594524838
17536,1.0180360721442885,-0.25,-0.4372376053732513
17537,-0.1683366733466934,0.0,0.1618030964873737
17538,-0.20040080160320642,-0.25,-0.4210499108273671
17540,-0.20841683366733466,0.0,-0.06622037271575906
17542,1.7555110220440882,-0.25,-0.3676349497642373
17545,-0.056112224448897796,0.25,-0.019385355010468095
17548,1.4669338677354709,-0.25,-0.41744608101970676
17549,-0.21643286573146292,0.0,-0.3838004896186809
17550,1.1783567134268538,0.25,-0.2964371563715047
17551,2.476953907815631,-0.25,-0.27931896478511803
17552,0.08016032064128256,0.5,0.19336614689298912
17553,0.6332665330661322,-0.25,0.604845231018045
17554,-0.3927855711422846,0.75,0.9481321748891345
17555,-0.24849699398797595,0.0,-0.1390280736865038
17556,1.2424849699398797,-0.25,-0.3771245425979331
17557,-0.28857715430861725,0.25,-0.09386942763354666
17560,0.3527054108216433,0.5,0.1376397130228969
17561,-0.24849699398797595,-0.25,-0.37179264685791097
17562,-0.28857715430861725,1.25,0.3351340174209725
17564,-0.20841683366733466,0.25,-0.15845035318270612
17566,-0.3366733466933868,0.0,0.1485841305945211
17567,-0.34468937875751504,1.5,2.7050213608149973
17569,2.2605210420841684,-0.25,-0.239588218135092
17571,0.0,0.5,0.5591105629876341
17572,0.1683366733466934,0.5,-0.32627952574190533
17573,-0.1683366733466934,0.25,-0.21266288313769516
17574,1.5390781563126252,-0.25,-0.35663145301543825
17576,-0.3366733466933868,4.25,2.1388582210521263
17578,1.346693386773547,-0.25,-0.3877883340779773
17579,-0.3687374749498998,0.25,-0.16222403562474388
17580,1.6192384769539079,0.25,-0.3344250672948753
17581,-0.40080160320641284,5.75,7.6482942733815085
17582,1.4909819639278556,-0.25,-0.3642969762538633
17584,-0.34468937875751504,0.0,0.4236937040059375
17585,0.4729458917835671,0.5,0.3309246260472708
17588,0.40080160320641284,0.25,0.42214287560510005
17589,0.08016032064128256,0.5,1.2817227488064162
17590,-0.3847695390781563,0.25,0.5903856024045225
17591,0.1843687374749499,1.25,1.1336555610121741
17593,-0.37675350701402804,0.75,2.403998183315302
17594,0.280561122244489,0.0,0.23972114628373517
17595,-0.3046092184368738,0.0,-0.2081654807752666
17596,-0.21643286573146292,1.25,1.5789796287612206
17597,1.3066132264529058,-0.25,1.0160141494629336
17600,-0.26452905811623245,-0.25,-0.3743404363735725
17601,1.5150300601202404,-0.25,-0.40805987674606675
17602,-0.3847695390781563,1.0,3.2389051151490094
17603,0.22444889779559118,-0.25,-0.20223540836635004
17604,1.3386773547094188,0.0,-0.26527289041181884
17608,-0.13627254509018036,0.0,-0.3519494282243385
17609,-0.08016032064128256,0.75,0.32287508815720967
17611,-0.34468937875751504,3.25,2.4315143100844465
17612,0.02404809619238477,1.0,1.019027187498846
17613,-0.22444889779559118,3.0,2.862371364322824
17614,0.056112224448897796,-0.25,-0.20843872196969984
17615,0.6412825651302605,0.25,-0.2503258585866046
17616,0.9859719438877755,0.25,-0.07190674351882974
17618,-0.36072144288577157,0.25,0.19327014323008013
17619,2.100200400801603,-0.25,-0.3354220284096994
17620,0.07214428857715431,-0.25,-0.4335894661827099
17621,-0.23246492985971945,0.25,0.5253098887465246
17623,-0.14428857715430862,-0.25,-0.10451106442215034
17624,-0.28857715430861725,0.0,0.12916923599546568
17625,-0.2565130260521042,0.5,0.998312551001946
17628,0.24849699398797595,-0.25,-0.43779147265926466
17629,-0.36072144288577157,1.5,0.8459768926568277
17630,0.9539078156312625,0.0,-0.1218286482315018
17631,-0.3927855711422846,0.25,-0.10356579758735412
17633,-0.1523046092184369,0.5,0.484648645055996
17634,-0.11222444889779559,1.75,1.2480623876110968
17636,-0.24849699398797595,-0.25,-0.28284894562130997
17637,-0.1523046092184369,0.0,-0.08973388523131345
17639,1.811623246492986,-0.25,-0.4136059345033473
17640,0.28857715430861725,-0.25,-0.034642552515849905
17642,0.5531062124248497,0.0,0.03228677032600623
17643,2.5891783567134268,-0.25,-0.4187384380204046
17644,-0.3927855711422846,2.25,1.6446682888824067
17646,1.3547094188376754,0.25,0.25095357484408637
17647,0.12024048096192384,-0.25,-0.39546862711069597
17648,0.08016032064128256,0.5,0.8337031935987712
17649,0.7054108216432866,-0.25,0.147638863759725
17650,-0.23246492985971945,-0.25,-0.37108369673181385
17651,-0.312625250501002,2.0,2.4196098558837322
17652,-0.20040080160320642,2.5,3.1010290854174136
17653,-0.11222444889779559,0.5,0.39803857131779796
17654,1.8196392785571143,-0.25,-0.40692260258545265
17655,-0.32064128256513025,1.25,1.455097979122896
17656,0.1843687374749499,0.75,0.743009271738368
17658,-0.20040080160320642,0.0,-0.05402052262917116
17659,-0.26452905811623245,2.5,1.7213382910609514
17660,0.7294589178356713,-0.25,-0.36172703204676127
17663,-0.20040080160320642,1.25,0.8376984229552146
17664,-0.2565130260521042,0.0,-0.04721164745978006
17666,-0.37675350701402804,0.0,0.04400660209804923
17667,0.1282565130260521,0.75,1.0242409248845188
17668,-0.3927855711422846,0.0,-0.23692227026508095
17669,-0.06412825651302605,1.25,2.0220956122633607
17670,1.4188376753507015,-0.25,-0.341824734236014
17671,-0.280561122244489,0.5,0.6676980906348428
17672,0.0,0.0,1.8533137879722184
17673,-0.3927855711422846,1.0,0.6841368716837197
17674,0.19238476953907815,0.0,-0.08679469616686922
17675,-0.3927855711422846,7.25,14.552464155555475
17676,-0.3687374749498998,1.0,0.5188702584344758
17677,-0.3927855711422846,7.0,11.577162944063097
17678,1.7074148296593186,-0.25,-0.2735808997020195
17679,0.01603206412825651,0.0,0.9774206769735215
17680,-0.21643286573146292,-0.25,-0.35755456515879386
17682,-0.32064128256513025,1.0,1.3335351871886805
17684,-0.056112224448897796,-0.25,-0.3169302459539996
17685,-0.2725450901803607,1.25,1.8368159277461664
17686,-0.34468937875751504,1.25,3.7448001092964787
17690,-0.16032064128256512,3.25,2.9969611148240736
17691,2.468937875751503,0.0,-0.27927465540223695
17692,0.6172344689378757,0.5,0.053444500651717186
17693,0.6973947895791583,-0.25,-0.3456870354438139
17694,0.7294589178356713,-0.25,-0.2846508605251401
17695,0.6492985971943888,0.0,0.07146364969001893
17696,-0.09619238476953908,1.5,1.1942412572048904
17697,1.4909819639278556,-0.25,-0.24342097975430455
17698,1.6833667334669338,-0.25,-0.3793030872562524
17700,-0.2725450901803607,0.5,1.3780735018813026
17701,1.6192384769539079,-0.25,-0.18508029229422915
17702,-0.16032064128256512,0.5,0.8535464122323436
17703,-0.12024048096192384,0.25,0.09612920616048118
17704,0.9458917835671342,0.0,0.15997164199495614
17705,-0.37675350701402804,1.75,0.8529186959748618
17706,-0.3687374749498998,3.75,7.263725754459556
17707,1.0821643286573146,0.0,-0.38118623602869783
17708,1.0981963927855711,0.0,-0.29926557197874637
17709,0.9539078156312625,-0.25,-0.39222665726323114
17711,-0.32064128256513025,0.0,-0.2093396794216149
17712,-0.04809619238476954,-0.25,-0.10756841184094416
17714,2.164328657314629,-0.25,-0.3807431421998871
17715,1.2024048096192386,-0.25,-0.252689025673595
17716,-0.22444889779559118,2.25,3.6831583728117634
17718,1.4589178356713426,-0.25,-0.3908235268053305
17719,-0.10420841683366733,3.25,3.491187971479528
17720,-0.19238476953907815,0.5,0.38945732083316414
17722,0.3687374749498998,0.5,1.296396539437197
17723,0.6172344689378757,1.0,1.9258556326456768
17724,0.1683366733466934,0.25,0.2691278067224719
17725,-0.2725450901803607,2.25,2.045993139430551
17727,-0.280561122244489,-0.25,0.2892516514476245
17728,-0.37675350701402804,0.25,1.6301717357831502
17730,-0.37675350701402804,2.75,3.419140914914909
17731,0.23246492985971945,0.5,0.42207641153077835
17732,2.5811623246492985,-0.25,-0.26925334997396827
17733,-0.09619238476953908,0.0,0.017443127060847868
17734,0.02404809619238477,0.25,0.023675980252784994
17735,-0.3847695390781563,4.25,9.187882860761459
17736,-0.3286573146292585,0.25,-0.21499651063609818
17737,-0.3286573146292585,0.0,-0.36948855894809535
17738,-0.24849699398797595,0.5,0.8939270298312921
17739,-0.312625250501002,1.25,1.5676511965379603
17742,0.5050100200400801,0.0,-0.23148698596500303
17744,-0.37675350701402804,1.0,1.2213364448366646
17746,1.5230460921843687,-0.25,-0.4123135775026494
17747,0.4969939879759519,-0.25,-0.44100390291814223
17749,1.0260521042084167,0.0,0.004394013802372718
17750,-0.36072144288577157,1.75,0.7694176639354857
17752,2.476953907815631,-0.25,-0.43418025795445747
17754,-0.40080160320641284,0.75,0.7355948350029354
17757,-0.3927855711422846,7.0,3.636928916672514
17758,-0.24849699398797595,1.5,2.0231885770410933
17759,-0.26452905811623245,0.25,0.11179995790608627
17760,-0.23246492985971945,0.0,-0.2813498115005004
17761,-0.14428857715430862,-0.25,0.03264863028620164
17763,1.7074148296593186,-0.25,-0.48265472282634797
17764,0.0,0.0,0.07678816053289413
17765,0.8657314629258517,0.25,-0.22224109473715312
17767,-0.280561122244489,-0.25,-0.2934536579241794
17768,-0.3366733466933868,0.25,1.0437296684550428
17769,-0.3046092184368738,2.0,2.428789283037261
17770,1.186372745490982,0.75,0.3505610675607316
17771,0.04809619238476954,0.0,-0.3122039117800188
17772,-0.32064128256513025,0.0,-0.3656410275345891
17774,0.3687374749498998,0.5,0.4025950528574014
17775,1.6352705410821644,-0.25,-0.4520812486384097
17777,-0.20841683366733466,0.25,-0.015515668905521397
17779,-0.23246492985971945,0.25,-0.013477437292992105
17781,0.87374749498998,0.0,-0.354881232391636
17783,0.17635270541082165,0.0,-0.28439238912500053
17785,0.02404809619238477,-0.25,-0.3962957355911427
17786,0.280561122244489,0.0,-0.2966660881830569
17787,0.8176352705410822,0.5,0.8485025274810485
17788,0.1843687374749499,0.0,0.3318255834991859
17789,1.8517034068136273,-0.25,-0.32690724199938714
17790,-0.19238476953907815,3.0,0.9568832780081457
17791,-0.1683366733466934,-0.25,-0.4153783098185901
17793,-0.20040080160320642,-0.25,-0.27193406763827305
17795,1.034068136272545,0.0,-0.2405556396613287
17796,-0.08016032064128256,0.5,0.015825834585688772
17797,-0.22444889779559118,0.25,0.08260745948460797
17799,-0.22444889779559118,2.0,1.7506637176310729
17800,-0.10420841683366733,1.75,0.3830103056239685
17802,0.2565130260521042,0.25,0.45525675441155294
17805,0.1843687374749499,-0.25,-0.11539640281659987
17806,-0.312625250501002,-0.25,-0.09048714474029171
17809,-0.2725450901803607,2.5,3.502907803251571
17811,-0.3687374749498998,9.25,5.238292168685821
17812,-0.3046092184368738,0.5,0.023070418686743668
17813,-0.28857715430861725,0.75,0.7602751612676916
17816,-0.11222444889779559,0.5,-0.4667328845777501
17817,-0.3687374749498998,0.25,-0.2074343759577289
17819,0.1683366733466934,1.25,2.2422763206965435
17824,0.008016032064128256,-0.25,-0.273366737684761
17827,-0.36072144288577157,0.75,0.9738906961373295
17828,-0.22444889779559118,0.5,0.8503856762534941
17829,1.9879759519038076,-0.25,0.16296252533942834
17830,-0.3927855711422846,0.25,-0.19929621930190575
17831,-0.13627254509018036,-0.25,-0.4675895326467842
17832,-0.008016032064128256,-0.25,-0.37899292157608483
17835,-0.3847695390781563,0.25,-0.24099134859299254
17836,-0.02404809619238477,-0.25,-0.4123431170912368
17837,-0.06412825651302605,1.5,0.6444504344165748
17838,-0.19238476953907815,0.75,1.5155507471669691
17839,-0.06412825651302605,-0.25,-0.25878156581974215
17841,-0.3927855711422846,30.5,29.429753012114926
17843,2.0280561122244487,-0.25,-0.3419872019732446
17844,0.44889779559118237,-0.25,-0.4556555388574827
17846,0.280561122244489,-0.25,1.007691370378439
17848,0.24849699398797595,1.75,0.17179486232705496
17849,1.346693386773547,0.5,-0.04635499939074598
17850,2.5811623246492985,8.0,3.487621066157602
17852,-0.312625250501002,0.0,-0.4092931545695898
17854,1.0821643286573146,0.0,-0.2638697599539183
17855,2.5811623246492985,-0.25,-0.3394098728689957
17856,-0.3927855711422846,0.5,0.5534685015674444
17857,-0.3687374749498998,5.25,19.356162512046616
17858,-0.36072144288577157,2.5,3.3025924681434007
17859,2.036072144288577,-0.25,-0.3889256082385914
17860,2.5490981963927855,-0.25,-0.3265010726563106
17861,-0.37675350701402804,1.5,1.055530734095701
17862,2.188376753507014,-0.25,-0.24936582195751478
17863,0.07214428857715431,1.0,1.8398954298564008
17864,-0.3046092184368738,0.25,-0.08398105035392123
17865,-0.16032064128256512,4.5,7.279846984931119
17866,0.7374749498997996,-0.25,-0.2502889341008704
17867,-0.16032064128256512,1.0,0.36134301739512537
17869,0.45691382765531063,0.75,-0.1775255425130067
17870,-0.3847695390781563,2.5,0.884208505186044
17871,1.2344689378757514,-0.25,-0.3786015220273021
17873,0.24048096192384769,0.75,0.8717058743164355
17874,1.0821643286573146,1.0,0.010996111851652177
17877,0.9619238476953907,-0.25,-0.3182595274404317
17878,-0.056112224448897796,-0.25,-0.21351214630958235
17879,0.9859719438877755,-0.25,-0.36189688468113873
17880,2.5170340681362724,-0.25,-0.15482436868360522
17881,2.036072144288577,-0.25,-0.3952544650934375
17883,-0.37675350701402804,0.5,-0.0031238114931154437
17884,-0.37675350701402804,0.5,0.01956997743913922
17885,-0.3046092184368738,-0.25,-0.37827658655284085
17886,-0.1523046092184369,0.25,0.14822227063432572
17887,0.6332665330661322,-0.25,-0.4115012388164965
17888,-0.23246492985971945,1.5,0.03502656716748574
17889,1.2985971943887775,0.0,-0.3450223947005979
17890,2.1803607214428857,0.0,-0.06031983989542991
17891,0.8977955911823647,-0.25,-0.3431835553110335
17892,0.04809619238476954,0.25,-0.31346672919212926
17893,1.402805611222445,-0.25,-0.4145585862352903
17894,0.1683366733466934,1.5,0.3326083825967514
17895,-0.04809619238476954,-0.25,-0.42324322527998
17896,-0.21643286573146292,-0.25,-0.3044423848786847
17897,0.9779559118236473,0.25,-0.09361095623340715
17898,0.280561122244489,0.0,-0.3814373225316905
17899,0.87374749498998,-0.25,-0.3795984831421261
17900,1.122244488977956,0.0,-0.4108735225590147
17901,-0.1683366733466934,-0.25,-0.41221757383974045
17904,-0.23246492985971945,-0.25,-0.36001373590869323
17905,0.1683366733466934,0.5,0.09631382858915231
17906,1.5791583166332666,-0.25,-0.4398961683461155
17908,2.5891783567134268,-0.25,-0.3223803000483712
17911,-0.3286573146292585,-0.25,-0.2232749803377114
17912,2.0841683366733466,0.75,-0.2647559476115397
17913,0.06412825651302605,0.0,-0.191948246640795
17914,-0.37675350701402804,-0.25,-0.2505030961181289
17917,-0.04008016032064128,0.25,-0.2463158594358678
17919,0.3046092184368738,-0.25,0.4692880589905584
17920,-0.3687374749498998,3.75,2.5484763110961777
17921,0.11222444889779559,0.5,0.11199935012905107
17923,1.8597194388777556,-0.25,-0.34049545274958193
17924,-0.312625250501002,1.25,1.6940437112062123
17925,2.5811623246492985,-0.25,-0.3134814989864229
17926,0.6653306613226453,0.0,-0.20033748979961086
17928,-0.04008016032064128,0.0,-0.33677346458757207
17929,-0.312625250501002,0.5,0.1288147609324171
17930,-0.12024048096192384,0.75,0.7915945100674611
17931,0.6733466933867736,0.0,-0.19216240865805348
17932,-0.1683366733466934,0.25,0.48961868083582266
17934,0.008016032064128256,0.0,0.026349313019942883
17935,0.7054108216432866,0.0,-0.38606765304276236
17936,-0.36072144288577157,-0.25,-0.2130099733035969
17937,-0.3366733466933868,1.25,2.682674662048645
17939,0.87374749498998,-0.25,-0.42051819823279424
17940,-0.008016032064128256,2.0,2.4750261240736573
17941,0.6412825651302605,-0.25,-0.2688176410423045
17942,-0.34468937875751504,-0.25,-0.43649911565856675
17946,1.4669338677354709,0.0,-0.38326877702410805
17947,-0.10420841683366733,-0.25,-0.3632557057561582
17948,0.7775551102204409,-0.25,-0.2289391964493415
17949,-0.3927855711422846,10.75,42.71565561270646
17950,0.17635270541082165,0.25,-0.1376323281257501
17951,-0.08817635270541083,0.25,0.2510643483012891
17954,-0.36072144288577157,2.5,1.2152291348962239
17955,1.186372745490982,0.5,-0.08217175055294426
17956,1.595190380761523,-0.25,-0.48431632468438807
17957,0.1282565130260521,-0.25,-0.4112575372106506
17958,0.5290581162324649,-0.25,-0.11823958821813513
17960,0.969939879759519,-0.25,-0.4392462973971931
17961,-0.23246492985971945,9.25,0.4636755371589563
17962,0.7374749498997996,-0.25,-0.41810333686577594
17964,-0.1523046092184369,0.0,-0.15165624780760872
17965,-0.10420841683366733,3.0,1.425743012964187
17966,-0.10420841683366733,0.75,0.3174471887542787
17967,2.5731462925851702,-0.25,-0.4108218282789868
17968,2.5891783567134268,-0.25,-0.29795844518375475
17969,0.9298597194388778,0.0,-0.3252087156556128
17970,1.2905811623246493,-0.25,-0.07811744201932636
17972,1.531062124248497,-0.25,-0.3938956440184181
17973,0.008016032064128256,-0.25,-0.24483149510935193
17974,-0.20841683366733466,0.25,0.02615730569412492
17975,-0.280561122244489,2.75,2.817109329709811
17976,2.5811623246492985,-0.25,-0.2560934632582905
17977,-0.1683366733466934,-0.25,-0.28094364215742396
17978,2.5250501002004007,-0.25,-0.27150574360375607
17979,-0.12024048096192384,0.5,0.047145183385458346
17980,0.9218436873747495,0.25,0.10551541043412119
17984,0.7615230460921844,-0.25,-0.3809794589085862
17985,-0.22444889779559118,-0.25,-0.027486587180557066
17986,0.04809619238476954,-0.25,-0.4783714824811779
17987,1.0821643286573146,-0.25,-0.3470901659017145
17988,-0.312625250501002,1.25,-0.34520701712926904
17990,1.4909819639278556,0.25,-0.027863216935046155
17991,1.402805611222445,0.0,-0.42479405368081746
17994,0.5691382765531062,0.5,0.004667254996805986
17995,1.8517034068136273,-0.25,-0.43753300125912503
17997,0.19238476953907815,1.5,0.9555244569331262
17999,-0.10420841683366733,0.0,-0.21281796597777894
18001,-0.3046092184368738,0.0,-0.18716283328963942
18004,2.501002004008016,-0.25,-0.3771097728036394
18005,-0.37675350701402804,0.0,-0.32648630286201696
18006,-0.21643286573146292,-0.25,-0.16534046222071247
18008,0.16032064128256512,1.75,1.0690524807715742
18009,1.4829659318637274,-0.25,-0.31103709803081725
18010,1.651302605210421,-0.25,-0.36464406641976504
18011,2.5891783567134268,-0.25,-0.4178227107741958
18013,0.8416833667334669,0.0,-0.35542032988335565
18014,-0.17635270541082165,-0.25,-0.37393426703049604
18015,-0.3687374749498998,-0.25,-0.40509114809303504
18016,-0.14428857715430862,0.75,0.5975046432540811
18017,0.24849699398797595,0.25,-0.10750194776662253
18018,0.4649298597194389,0.0,-0.40353293479505076
18019,0.008016032064128256,-0.25,-0.4653371390169964
18022,-0.12024048096192384,-0.25,-0.04124465056512928
18024,0.8176352705410822,0.0,-0.2058835475568915
18027,0.3847695390781563,-0.25,-0.40857681954634584
18030,-0.3687374749498998,0.0,-0.3233994158546358
18032,2.276553106212425,-0.25,-0.43945307451730475
18033,0.12024048096192384,-0.25,-0.42444696351491573
18034,-0.23246492985971945,0.0,-0.18454119480250944
18035,-0.12024048096192384,0.25,0.03346835386950144
18036,-0.14428857715430862,0.25,-0.19603209476300026
18037,0.8336673346693386,1.0,-0.44202301872440686
18040,-0.24849699398797595,0.0,-0.2299435424613124
18041,-0.312625250501002,4.75,2.5321335337102093
18042,0.02404809619238477,-0.25,-0.3718443411379389
18043,-0.20841683366733466,0.25,-0.10285684746125706
18044,-0.3687374749498998,2.0,1.0486775495434286
18045,-0.04008016032064128,-0.25,-0.36202981282978186
18048,1.2264529058116231,0.0,-0.3664976756036231
18050,2.476953907815631,-0.25,-0.4387884337740887
18053,0.16032064128256512,-0.25,-0.2721703843469721
18055,-0.34468937875751504,2.0,4.499447978938274
18056,1.907815631262525,-0.25,-0.22518028380159744
18058,-0.3286573146292585,-0.25,-0.3680706586959011
18059,-0.21643286573146292,0.25,-0.2674145105844039
18061,-0.23246492985971945,2.0,1.0714304176528582
18062,0.9859719438877755,0.25,0.03836454067785967
18064,0.6653306613226453,0.0,0.10739855920656663
18065,-0.36072144288577157,3.0,1.2733482754418939
18066,0.20040080160320642,-0.25,-0.25889233927694477
18067,-0.08016032064128256,-0.25,-0.201046439925708
18068,1.9158316633266532,-0.25,-0.4186276645632019
18069,-0.19238476953907815,0.75,0.9900710057860671
18071,1.6593186372745492,0.0,-0.15919622779453746
18072,1.0821643286573146,-0.25,-0.311000173545083
18073,0.5130260521042084,2.5,2.356705301986907
18074,2.5891783567134268,-0.25,-0.1321675042370848
18075,-0.21643286573146292,2.0,1.4350184437806244
18077,-0.3366733466933868,2.25,1.41482813498115
18078,1.3386773547094188,0.0,-0.24550352074971485
18079,-0.04008016032064128,0.5,2.1745420440656815
18080,-0.2565130260521042,0.0,0.4157180150873449
18081,-0.11222444889779559,0.25,-0.24009777603822433
18082,-0.20040080160320642,-0.25,0.009061268799178788
18084,-0.2725450901803607,-0.25,-0.42691351916196196
18085,2.244488977955912,0.0,0.015788910099954583
18086,1.7955911823647295,-0.25,-0.4188935208604883
18087,0.3847695390781563,0.0,2.5013754370936003
18088,0.08817635270541083,-0.25,-0.37112062121754813
18092,-0.3847695390781563,2.25,6.203084671538239
18093,0.34468937875751504,0.5,1.061911285230575
18094,0.24849699398797595,1.25,1.734512947570923
18095,2.100200400801603,0.0,-0.0653711095438719
18096,-0.312625250501002,0.25,0.13329000860340512
18097,-0.34468937875751504,1.0,1.4724229478293942
18099,0.6172344689378757,-0.25,-0.3694368646680674
18101,-0.312625250501002,0.0,-0.3294919560007829
18102,-0.40080160320641284,14.5,191.2605133242007
18104,-0.10420841683366733,-0.25,0.06356180974289477
18105,-0.10420841683366733,-0.25,-0.4099282557242185
18106,2.2364729458917836,-0.25,-0.1821632579212254
18108,1.6352705410821644,-0.25,-0.2936013558671162
18109,-0.3927855711422846,6.0,5.417819018325623
18110,-0.24849699398797595,-0.25,-0.3469203132673371
18112,-0.3046092184368738,0.0,-0.23327413107453954
18113,2.5490981963927855,-0.25,-0.4373705335218944
18114,1.9238476953907815,-0.25,-0.3311904823445572
18116,0.13627254509018036,1.5,0.5424502350243519
18117,-0.20040080160320642,-0.25,-0.26062779010645337
18118,-0.32064128256513025,6.0,3.6603316557308654
18119,2.541082164328657,-0.25,-0.3602869771031265
18120,1.314629258517034,-0.25,-0.4116489367594334
18121,0.7935871743486974,0.0,-0.011276737943232284
18122,-0.3366733466933868,1.0,0.8304242992655719
18123,-0.20841683366733466,0.0,-0.06951403684325196
18125,-0.1683366733466934,0.5,0.34205366604756615
18126,0.08016032064128256,-0.25,-0.34535471507220594
18127,-0.24849699398797595,0.25,-0.23741705837391958
18129,1.5470941883767535,-0.25,-0.41061505115887503
18130,-0.280561122244489,0.25,0.2886165502929959
18133,1.2985971943887775,-0.25,0.19417110068199525
18135,-0.1683366733466934,0.75,0.009851452793891154
18136,0.10420841683366733,0.25,0.08548756937187758
18138,1.9639278557114228,-0.25,-0.3810016136000267
18139,-0.26452905811623245,1.0,5.737895230464179
18142,0.8577154308617234,0.0,0.2591729653685248
18143,0.5290581162324649,0.0,0.24487580449223292
18144,-0.34468937875751504,2.5,1.6395800947482306
18145,-0.3046092184368738,0.5,1.6194931745088124
18146,0.7214428857715431,0.0,-0.37531524279695605
18147,-0.04008016032064128,0.0,-0.3612913231150974
18149,0.0,0.25,-0.04171728398252743
18150,-0.14428857715430862,0.25,-0.07531856600067205
18151,0.6733466933867736,0.0,-0.011239813457498093
18154,-0.37675350701402804,0.0,-0.19893435934171033
18155,0.20040080160320642,0.25,-0.21929452077556197
18156,-0.3046092184368738,0.0,0.00522112228281936
18158,-0.3286573146292585,0.0,-0.15890083190866366
18159,2.012024048096192,-0.25,-0.10222174630662839
18160,0.056112224448897796,0.0,-0.022531321195024052
18161,-0.280561122244489,0.75,0.701653847716036
18164,-0.10420841683366733,-0.25,-0.19859465407295548
18165,1.0180360721442885,-0.25,-0.2703684694431419
18167,-0.21643286573146292,0.25,0.5289727977313597
18168,1.0100200400801602,1.0,0.3629455400759906
18169,0.08016032064128256,-0.25,-0.34407712786580175
18170,-0.13627254509018036,0.25,0.2302167836557457
18171,0.06412825651302605,0.75,0.4155777020415548
18172,-0.28857715430861725,4.5,5.090490837188867
18173,0.28857715430861725,0.5,1.0621476019392742
18174,-0.34468937875751504,-0.25,-0.41692913821942756
18176,2.468937875751503,-0.25,-0.14195249295665438
18177,-0.1523046092184369,1.0,0.4964866351823886
18178,0.625250501002004,0.5,0.6810647544706322
18179,-0.3286573146292585,1.0,0.8305055331341873
18180,-0.3687374749498998,1.0,0.8678583429029293
18181,-0.20841683366733466,-0.25,-0.22281711671460702
18183,1.4188376753507015,0.0,-0.02695487458598421
18184,-0.280561122244489,-0.25,-0.45695528075532743
18185,1.595190380761523,-0.25,-0.26904657285385664
18188,-0.280561122244489,0.25,0.9840153901256541
18189,0.21643286573146292,0.0,0.3113989579910126
18190,1.1382765531062125,0.0,-0.28366128430746285
18191,1.691382765531062,-0.25,-0.3402739058351766
18192,0.1683366733466934,-0.25,0.21371892342969395
18193,0.9218436873747495,-0.25,-0.313717815695122
18194,0.2565130260521042,-0.25,0.22543875520173695
18196,0.36072144288577157,0.0,0.01333712424720201
18198,-0.3687374749498998,3.75,3.512988187857015
18200,0.44889779559118237,-0.25,-0.38270013994380103
18202,1.1943887775551103,0.25,0.5379306779704827
18203,0.8577154308617234,-0.25,-0.3752635485169281
18204,0.1683366733466934,0.25,0.9650435893554096
18205,-0.11222444889779559,0.0,-0.1116670297574431
18209,-0.17635270541082165,-0.25,-0.3910081492340016
18210,-0.3927855711422846,1.0,1.4421300997330362
18211,-0.20040080160320642,0.75,-0.05058654545588817
18212,2.212424849699399,-0.25,-0.3341665958947358
18213,1.4909819639278556,-0.25,-0.32204797967676313
18215,0.312625250501002,-0.25,-0.27267255735295753
18216,-0.1523046092184369,-0.25,-0.13796464849735812
18217,-0.1683366733466934,0.0,-0.03457608844152827
18218,1.2905811623246493,0.0,-0.019680750896341963
18219,-0.3847695390781563,2.0,1.0347717882159198
18220,1.4108216432865732,-0.25,-0.26828592844773164
18221,-0.22444889779559118,0.75,0.27548620316590533
18222,0.3366733466933868,-0.25,-0.16658112494138244
18223,-0.3687374749498998,3.0,4.295034025913605
18224,1.7074148296593186,-0.25,-0.37634912839751433
18225,-0.37675350701402804,2.5,3.5716242712029636
18226,-0.04809619238476954,2.25,3.367129084309679
18227,1.3386773547094188,-0.25,-0.42449865779494367
18228,0.04809619238476954,0.0,0.0822160599358252
18229,-0.312625250501002,4.5,4.8801837362410145
18230,-0.3286573146292585,1.25,1.5815717276597634
18231,1.1382765531062125,0.75,1.0362487676452887
18232,0.24849699398797595,0.5,-0.05582982243014813
18233,2.2044088176352705,-0.25,-0.16879659408543593
18235,0.1683366733466934,0.25,0.832949934089793
18236,-0.1683366733466934,1.0,0.15779309733663685
18237,-0.3847695390781563,0.75,0.2352311288184534
18239,1.346693386773547,0.75,0.659500854801845
18240,-0.03206412825651302,-0.25,-0.1816610849152399
18241,-0.3286573146292585,3.75,1.0372235740686724
18242,0.17635270541082165,0.5,1.1549388345893814
18245,-0.34468937875751504,1.25,1.402015338431374
18246,-0.21643286573146292,0.0,-0.05351834962318565
18248,0.5771543086172345,0.0,0.10002843185401532
18249,-0.26452905811623245,-0.25,-0.4233244591485953
18250,2.0841683366733466,-0.25,-0.23579976589876053
18251,0.2965931863727455,-0.25,2.6926442731968856
18252,0.0,0.0,-0.11099500411708023
18255,0.312625250501002,-0.25,-0.41744608101970665
18257,-0.08817635270541083,1.5,1.2325836431913095
18259,-0.20841683366733466,0.25,1.2332999782145535
18260,0.9779559118236473,1.0,1.4472773730443869
18261,-0.056112224448897796,0.0,-0.25428416345731353
18262,0.7214428857715431,-0.25,-0.38334262599557656
18263,-0.20040080160320642,0.25,0.40217411372003126
18265,0.17635270541082165,0.0,0.09817482267015723
18268,0.6733466933867736,-0.25,-0.4749005808221607
18269,2.533066132264529,-0.25,-0.3692227026508089
18270,-0.09619238476953908,0.0,-0.28462870583369954
18272,-0.3847695390781563,1.0,1.7797675972867888
18273,-0.3847695390781563,0.25,-0.3430801667509777
18274,-0.16032064128256512,-0.25,-0.36381695793931845
18276,-0.056112224448897796,-0.25,-0.24570291297267963
18277,0.06412825651302605,-0.25,-0.41221757383974045
18278,0.1843687374749499,-0.25,-0.3653087071629811
18280,1.8196392785571143,-0.25,-0.3603608260745949
18281,1.0420841683366733,-0.25,-0.4340473298058142
18282,-0.34468937875751504,0.0,-0.3622439748470404
18283,-0.37675350701402804,3.5,1.0168707975319675
18287,-0.06412825651302605,0.25,0.8630803144489206
